DateKey,ProductKey,RegionKey,ChannelKey,UnitsSold,NetRevenue,COGS,GrossMargin,TradeSpend
2025-01-01,COLA-CHERRY,Midwest,Club,2502,30023.17,16512.74,13510.43,4203.24
2025-01-01,COLA-CHERRY,Midwest,Convenience,2880,34558.63,19007.25,15551.38,4838.21
2025-01-01,COLA-CHERRY,Midwest,Ecommerce,1227,14728.18,8100.5,6627.68,2061.95
2025-01-01,COLA-CHERRY,Midwest,Foodservice,1748,20971.22,11534.17,9437.05,2935.97
2025-01-01,COLA-CHERRY,Midwest,Grocery,4150,49801.78,27390.98,22410.8,6972.25
2025-01-01,COLA-CHERRY,Mountain,Club,1740,20881.08,11484.59,9396.49,2923.35
2025-01-01,COLA-CHERRY,Mountain,Convenience,1958,23499.29,12924.61,10574.68,3289.9
2025-01-01,COLA-CHERRY,Mountain,Ecommerce,880,10563.59,5809.97,4753.62,1478.9
2025-01-01,COLA-CHERRY,Mountain,Foodservice,1248,14971.01,8234.06,6736.95,2095.94
2025-01-01,COLA-CHERRY,Mountain,Grocery,3059,36710.87,20190.98,16519.89,5139.52
2025-01-01,COLA-CHERRY,Northeast,Club,2364,28363.84,15600.11,12763.73,3970.94
2025-01-01,COLA-CHERRY,Northeast,Convenience,2431,29172.61,16044.94,13127.67,4084.17
2025-01-01,COLA-CHERRY,Northeast,Ecommerce,1143,13715.0,7543.25,6171.75,1920.1
2025-01-01,COLA-CHERRY,Northeast,Foodservice,1603,19233.02,10578.16,8654.86,2692.62
2025-01-01,COLA-CHERRY,Northeast,Grocery,3973,47680.28,26224.15,21456.13,6675.24
2025-01-01,COLA-CHERRY,South,Club,2685,32216.67,17719.17,14497.5,4510.33
2025-01-01,COLA-CHERRY,South,Convenience,3085,37014.97,20358.23,16656.74,5182.1
2025-01-01,COLA-CHERRY,South,Ecommerce,1401,16807.36,9244.05,7563.31,2353.03
2025-01-01,COLA-CHERRY,South,Foodservice,1918,23021.8,12661.99,10359.81,3223.05
2025-01-01,COLA-CHERRY,South,Grocery,4795,57537.2,31645.46,25891.74,8055.21
2025-01-01,COLA-CHERRY,West,Club,3355,40264.7,22145.59,18119.11,5637.06
2025-01-01,COLA-CHERRY,West,Convenience,3624,43487.22,23917.97,19569.25,6088.21
2025-01-01,COLA-CHERRY,West,Ecommerce,1637,19644.32,10804.38,8839.94,2750.2
2025-01-01,COLA-CHERRY,West,Foodservice,2289,27466.02,15106.31,12359.71,3845.24
2025-01-01,COLA-CHERRY,West,Grocery,5670,68039.99,37421.99,30618.0,9525.6
2025-01-01,COLA-DIET,Midwest,Club,13964,167569.05,92162.98,75406.07,23459.67
2025-01-01,COLA-DIET,Midwest,Convenience,3355,40258.46,22142.15,18116.31,5636.18
2025-01-01,COLA-DIET,Midwest,Ecommerce,1482,17783.04,9780.67,8002.37,2489.63
2025-01-01,COLA-DIET,Midwest,Foodservice,2143,25717.1,14144.4,11572.7,3600.39
2025-01-01,COLA-DIET,Midwest,Grocery,5267,63203.85,34762.12,28441.73,8848.54
2025-01-01,COLA-DIET,Mountain,Club,2173,26074.17,14340.79,11733.38,3650.38
2025-01-01,COLA-DIET,Mountain,Convenience,2255,27064.26,14885.34,12178.92,3789.0
2025-01-01,COLA-DIET,Mountain,Ecommerce,1039,12473.55,6860.45,5613.1,1746.3
2025-01-01,COLA-DIET,Mountain,Foodservice,1507,18089.56,9949.26,8140.3,2532.54
2025-01-01,COLA-DIET,Mountain,Grocery,3636,43628.27,23995.55,19632.72,6107.96
2025-01-01,COLA-DIET,Northeast,Club,2811,33726.02,18549.31,15176.71,4721.64
2025-01-01,COLA-DIET,Northeast,Convenience,2908,34891.06,19190.08,15700.98,4884.75
2025-01-01,COLA-DIET,Northeast,Ecommerce,1322,15869.94,8728.47,7141.47,2221.79
2025-01-01,COLA-DIET,Northeast,Foodservice,1848,22179.27,12198.6,9980.67,3105.1
2025-01-01,COLA-DIET,Northeast,Grocery,4505,54054.08,29729.74,24324.34,7567.57
2025-01-01,COLA-DIET,South,Club,3217,38598.47,21229.16,17369.31,5403.79
2025-01-01,COLA-DIET,South,Convenience,3687,44242.79,24333.53,19909.26,6193.99
2025-01-01,COLA-DIET,South,Ecommerce,1627,19526.96,10739.83,8787.13,2733.77
2025-01-01,COLA-DIET,South,Foodservice,2350,28204.99,15512.74,12692.25,3948.7
2025-01-01,COLA-DIET,South,Grocery,5586,67031.8,36867.49,30164.31,9384.45
2025-01-01,COLA-DIET,West,Club,4072,48858.68,26872.27,21986.41,6840.22
2025-01-01,COLA-DIET,West,Convenience,4207,50486.79,27767.73,22719.06,7068.15
2025-01-01,COLA-DIET,West,Ecommerce,1908,22895.03,12592.27,10302.76,3205.3
2025-01-01,COLA-DIET,West,Foodservice,2775,33304.88,18317.68,14987.2,4662.68
2025-01-01,COLA-DIET,West,Grocery,6689,80268.09,44147.45,36120.64,11237.53
2025-01-01,COLA-REG,Midwest,Club,15076,180917.33,99504.53,81412.8,25328.43
2025-01-01,COLA-REG,Midwest,Convenience,4493,53919.0,29655.45,24263.55,7548.66
2025-01-01,COLA-REG,Midwest,Ecommerce,2083,24995.11,13747.31,11247.8,3499.32
2025-01-01,COLA-REG,Midwest,Foodservice,2740,32878.09,18082.95,14795.14,4602.93
2025-01-01,COLA-REG,Midwest,Grocery,7120,85438.34,46991.09,38447.25,11961.37
2025-01-01,COLA-REG,Mountain,Club,2779,33345.74,18340.16,15005.58,4668.4
2025-01-01,COLA-REG,Mountain,Convenience,3195,38335.08,21084.29,17250.79,5366.91
2025-01-01,COLA-REG,Mountain,Ecommerce,1371,16447.23,9045.98,7401.25,2302.61
2025-01-01,COLA-REG,Mountain,Foodservice,1982,23789.55,13084.25,10705.3,3330.54
2025-01-01,COLA-REG,Mountain,Grocery,4892,58706.93,32288.81,26418.12,8218.97
2025-01-01,COLA-REG,Northeast,Club,3729,44752.9,24614.1,20138.8,6265.41
2025-01-01,COLA-REG,Northeast,Convenience,4012,48140.9,26477.49,21663.41,6739.73
2025-01-01,COLA-REG,Northeast,Ecommerce,1832,21987.62,12093.19,9894.43,3078.27
2025-01-01,COLA-REG,Northeast,Foodservice,2514,30170.41,16593.73,13576.68,4223.86
2025-01-01,COLA-REG,Northeast,Grocery,6166,73994.84,40697.16,33297.68,10359.28
2025-01-01,COLA-REG,South,Club,4458,53499.05,29424.48,24074.57,7489.87
2025-01-01,COLA-REG,South,Convenience,5088,61054.66,33580.06,27474.6,8547.65
2025-01-01,COLA-REG,South,Ecommerce,2146,25754.74,14165.11,11589.63,3605.66
2025-01-01,COLA-REG,South,Foodservice,3008,36099.07,19854.49,16244.58,5053.87
2025-01-01,COLA-REG,South,Grocery,7693,92317.31,50774.52,41542.79,12924.42
2025-01-01,COLA-REG,West,Club,5158,61890.85,34039.97,27850.88,8664.72
2025-01-01,COLA-REG,West,Convenience,5752,69027.04,37964.87,31062.17,9663.79
2025-01-01,COLA-REG,West,Ecommerce,2708,32494.59,17872.02,14622.57,4549.24
2025-01-01,COLA-REG,West,Foodservice,3589,43072.21,23689.72,19382.49,6030.11
2025-01-01,COLA-REG,West,Grocery,9148,109776.88,60377.28,49399.6,15368.76
2025-01-01,ENG-ORIG,Midwest,Club,1407,30945.85,12378.34,18567.51,3404.04
2025-01-01,ENG-ORIG,Midwest,Convenience,1519,33407.22,13362.89,20044.33,3674.79
2025-01-01,ENG-ORIG,Midwest,Ecommerce,676,14867.17,5946.87,8920.3,1635.39
2025-01-01,ENG-ORIG,Midwest,Foodservice,972,21376.48,8550.59,12825.89,2351.41
2025-01-01,ENG-ORIG,Midwest,Grocery,2457,54049.13,21619.65,32429.48,5945.4
2025-01-01,ENG-ORIG,Mountain,Club,935,20564.96,8225.98,12338.98,2262.15
2025-01-01,ENG-ORIG,Mountain,Convenience,1058,23275.13,9310.05,13965.08,2560.26
2025-01-01,ENG-ORIG,Mountain,Ecommerce,482,10599.47,4239.79,6359.68,1165.94
2025-01-01,ENG-ORIG,Mountain,Foodservice,680,14953.71,5981.48,8972.23,1644.91
2025-01-01,ENG-ORIG,Mountain,Grocery,1594,35059.27,14023.71,21035.56,3856.52
2025-01-01,ENG-ORIG,Northeast,Club,1230,27060.78,10824.31,16236.47,2976.69
2025-01-01,ENG-ORIG,Northeast,Convenience,1339,29457.2,11782.88,17674.32,3240.29
2025-01-01,ENG-ORIG,Northeast,Ecommerce,605,13310.02,5324.01,7986.01,1464.1
2025-01-01,ENG-ORIG,Northeast,Foodservice,876,19280.3,7712.12,11568.18,2120.83
2025-01-01,ENG-ORIG,Northeast,Grocery,2128,46823.93,18729.57,28094.36,5150.63
2025-01-01,ENG-ORIG,South,Club,1505,33108.82,13243.53,19865.29,3641.97
2025-01-01,ENG-ORIG,South,Convenience,1646,36210.96,14484.38,21726.58,3983.21
2025-01-01,ENG-ORIG,South,Ecommerce,750,16500.43,6600.17,9900.26,1815.05
2025-01-01,ENG-ORIG,South,Foodservice,1031,22682.73,9073.09,13609.64,2495.1
2025-01-01,ENG-ORIG,South,Grocery,2547,56027.69,22411.08,33616.61,6163.05
2025-01-01,ENG-ORIG,West,Club,1855,40803.91,16321.56,24482.35,4488.43
2025-01-01,ENG-ORIG,West,Convenience,1922,42290.11,16916.04,25374.07,4651.91
2025-01-01,ENG-ORIG,West,Ecommerce,916,20149.37,8059.75,12089.62,2216.43
2025-01-01,ENG-ORIG,West,Foodservice,1278,28110.84,11244.34,16866.5,3092.19
2025-01-01,ENG-ORIG,West,Grocery,3054,67188.35,26875.34,40313.01,7390.72
2025-01-01,ENG-ZERO,Midwest,Club,1147,25231.4,10092.56,15138.84,2775.45
2025-01-01,ENG-ZERO,Midwest,Convenience,1213,26692.08,10676.83,16015.25,2936.13
2025-01-01,ENG-ZERO,Midwest,Ecommerce,546,12006.98,4802.79,7204.19,1320.77
2025-01-01,ENG-ZERO,Midwest,Foodservice,792,17425.84,6970.34,10455.5,1916.84
2025-01-01,ENG-ZERO,Midwest,Grocery,1920,42237.03,16894.81,25342.22,4646.07
2025-01-01,ENG-ZERO,Mountain,Club,759,16691.29,6676.52,10014.77,1836.04
2025-01-01,ENG-ZERO,Mountain,Convenience,859,18905.13,7562.05,11343.08,2079.56
2025-01-01,ENG-ZERO,Mountain,Ecommerce,383,8419.14,3367.66,5051.48,926.11
2025-01-01,ENG-ZERO,Mountain,Foodservice,525,11548.34,4619.34,6929.0,1270.32
2025-01-01,ENG-ZERO,Mountain,Grocery,1294,28467.35,11386.94,17080.41,3131.41
2025-01-01,ENG-ZERO,Northeast,Club,1029,22648.23,9059.29,13588.94,2491.31
2025-01-01,ENG-ZERO,Northeast,Convenience,1073,23607.77,9443.11,14164.66,2596.85
2025-01-01,ENG-ZERO,Northeast,Ecommerce,491,10801.73,4320.69,6481.04,1188.19
2025-01-01,ENG-ZERO,Northeast,Foodservice,726,15967.54,6387.02,9580.52,1756.43
2025-01-01,ENG-ZERO,Northeast,Grocery,1643,36151.62,14460.65,21690.97,3976.68
2025-01-01,ENG-ZERO,South,Club,1237,27210.13,10884.05,16326.08,2993.11
2025-01-01,ENG-ZERO,South,Convenience,1339,29451.93,11780.77,17671.16,3239.71
2025-01-01,ENG-ZERO,South,Ecommerce,623,13709.48,5483.79,8225.69,1508.04
2025-01-01,ENG-ZERO,South,Foodservice,850,18700.99,7480.4,11220.59,2057.11
2025-01-01,ENG-ZERO,South,Grocery,2129,46839.12,18735.65,28103.47,5152.3
2025-01-01,ENG-ZERO,West,Club,1476,32476.27,12990.51,19485.76,3572.39
2025-01-01,ENG-ZERO,West,Convenience,1627,35791.58,14316.63,21474.95,3937.07
2025-01-01,ENG-ZERO,West,Ecommerce,736,16191.22,6476.49,9714.73,1781.03
2025-01-01,ENG-ZERO,West,Foodservice,1003,22057.28,8822.91,13234.37,2426.3
2025-01-01,ENG-ZERO,West,Grocery,2483,54617.38,21846.95,32770.43,6007.91
2025-01-01,JUC-APPLE,Midwest,Club,1984,31743.52,18411.24,13332.28,2856.92
2025-01-01,JUC-APPLE,Midwest,Convenience,2227,35635.6,20668.65,14966.95,3207.2
2025-01-01,JUC-APPLE,Midwest,Ecommerce,960,15364.64,8911.49,6453.15,1382.82
2025-01-01,JUC-APPLE,Midwest,Foodservice,1409,22551.86,13080.08,9471.78,2029.67
2025-01-01,JUC-APPLE,Midwest,Grocery,3489,55825.27,32378.66,23446.61,5024.27
2025-01-01,JUC-APPLE,Mountain,Club,1360,21757.81,12619.53,9138.28,1958.2
2025-01-01,JUC-APPLE,Mountain,Convenience,1496,23938.26,13884.19,10054.07,2154.44
2025-01-01,JUC-APPLE,Mountain,Ecommerce,721,11540.14,6693.28,4846.86,1038.61
2025-01-01,JUC-APPLE,Mountain,Foodservice,1002,16029.61,9297.17,6732.44,1442.66
2025-01-01,JUC-APPLE,Mountain,Grocery,2401,38420.55,22283.92,16136.63,3457.85
2025-01-01,JUC-APPLE,Northeast,Club,1789,28616.45,16597.54,12018.91,2575.48
2025-01-01,JUC-APPLE,Northeast,Convenience,1919,30696.27,17803.84,12892.43,2762.66
2025-01-01,JUC-APPLE,Northeast,Ecommerce,913,14607.46,8472.33,6135.13,1314.67
2025-01-01,JUC-APPLE,Northeast,Foodservice,1223,19566.64,11348.65,8217.99,1761.0
2025-01-01,JUC-APPLE,Northeast,Grocery,3093,49484.54,28701.03,20783.51,4453.61
2025-01-01,JUC-APPLE,South,Club,2243,35885.54,20813.61,15071.93,3229.7
2025-01-01,JUC-APPLE,South,Convenience,2481,39693.72,23022.36,16671.36,3572.43
2025-01-01,JUC-APPLE,South,Ecommerce,1113,17803.42,10325.98,7477.44,1602.31
2025-01-01,JUC-APPLE,South,Foodservice,1580,25281.28,14663.14,10618.14,2275.32
2025-01-01,JUC-APPLE,South,Grocery,3739,59816.26,34693.43,25122.83,5383.46
2025-01-01,JUC-APPLE,West,Club,2518,40293.37,23370.15,16923.22,3626.4
2025-01-01,JUC-APPLE,West,Convenience,2939,47023.45,27273.6,19749.85,4232.11
2025-01-01,JUC-APPLE,West,Ecommerce,1309,20949.23,12150.55,8798.68,1885.43
2025-01-01,JUC-APPLE,West,Foodservice,1837,29389.1,17045.68,12343.42,2645.02
2025-01-01,JUC-APPLE,West,Grocery,4448,71173.43,41280.59,29892.84,6405.61
2025-01-01,JUC-MANGO,Midwest,Club,1630,26084.48,15129.0,10955.48,2347.6
2025-01-01,JUC-MANGO,Midwest,Convenience,1838,29411.18,17058.48,12352.7,2647.01
2025-01-01,JUC-MANGO,Midwest,Ecommerce,846,13538.74,7852.47,5686.27,1218.49
2025-01-01,JUC-MANGO,Midwest,Foodservice,1137,18193.63,10552.31,7641.32,1637.43
2025-01-01,JUC-MANGO,Midwest,Grocery,2689,43018.64,24950.81,18067.83,3871.68
2025-01-01,JUC-MANGO,Mountain,Club,1157,18519.49,10741.3,7778.19,1666.75
2025-01-01,JUC-MANGO,Mountain,Convenience,1297,20750.23,12035.13,8715.1,1867.52
2025-01-01,JUC-MANGO,Mountain,Ecommerce,576,9211.04,5342.4,3868.64,828.99
2025-01-01,JUC-MANGO,Mountain,Foodservice,810,12958.66,7516.02,5442.64,1166.28
2025-01-01,JUC-MANGO,Mountain,Grocery,1962,31398.61,18211.19,13187.42,2825.87
2025-01-01,JUC-MANGO,Northeast,Club,1432,22905.63,13285.27,9620.36,2061.51
2025-01-01,JUC-MANGO,Northeast,Convenience,1616,25857.21,14997.18,10860.03,2327.15
2025-01-01,JUC-MANGO,Northeast,Ecommerce,716,11457.79,6645.52,4812.27,1031.2
2025-01-01,JUC-MANGO,Northeast,Foodservice,1048,16775.29,9729.67,7045.62,1509.78
2025-01-01,JUC-MANGO,Northeast,Grocery,2429,38863.15,22540.63,16322.52,3497.68
2025-01-01,JUC-MANGO,South,Club,1729,27662.66,16044.34,11618.32,2489.64
2025-01-01,JUC-MANGO,South,Convenience,2040,32644.2,18933.64,13710.56,2937.98
2025-01-01,JUC-MANGO,South,Ecommerce,907,14507.95,8414.61,6093.34,1305.72
2025-01-01,JUC-MANGO,South,Foodservice,1210,19355.85,11226.39,8129.46,1742.03
2025-01-01,JUC-MANGO,South,Grocery,3159,50549.02,29318.43,21230.59,4549.41
2025-01-01,JUC-MANGO,West,Club,2063,33003.2,19141.86,13861.34,2970.29
2025-01-01,JUC-MANGO,West,Convenience,2283,36529.34,21187.02,15342.32,3287.64
2025-01-01,JUC-MANGO,West,Ecommerce,1074,17186.51,9968.18,7218.33,1546.79
2025-01-01,JUC-MANGO,West,Foodservice,1524,24378.35,14139.44,10238.91,2194.05
2025-01-01,JUC-MANGO,West,Grocery,3595,57527.24,33365.8,24161.44,5177.45
2025-01-01,JUC-ORANGE,Midwest,Club,2273,36366.56,21092.6,15273.96,3272.99
2025-01-01,JUC-ORANGE,Midwest,Convenience,2661,42573.79,24692.8,17880.99,3831.64
2025-01-01,JUC-ORANGE,Midwest,Ecommerce,1158,18521.14,10742.26,7778.88,1666.9
2025-01-01,JUC-ORANGE,Midwest,Foodservice,1664,26626.27,15443.24,11183.03,2396.36
2025-01-01,JUC-ORANGE,Midwest,Grocery,3908,62525.09,36264.55,26260.54,5627.26
2025-01-01,JUC-ORANGE,Mountain,Club,1650,26392.74,15307.79,11084.95,2375.35
2025-01-01,JUC-ORANGE,Mountain,Convenience,1751,28012.7,16247.37,11765.33,2521.14
2025-01-01,JUC-ORANGE,Mountain,Ecommerce,835,13367.59,7753.2,5614.39,1203.08
2025-01-01,JUC-ORANGE,Mountain,Foodservice,1123,17972.12,10423.83,7548.29,1617.49
2025-01-01,JUC-ORANGE,Mountain,Grocery,2890,46240.47,26819.47,19421.0,4161.64
2025-01-01,JUC-ORANGE,Northeast,Club,2205,35284.0,20464.72,14819.28,3175.56
2025-01-01,JUC-ORANGE,Northeast,Convenience,2424,38783.07,22494.18,16288.89,3490.48
2025-01-01,JUC-ORANGE,Northeast,Ecommerce,1103,17651.4,10237.81,7413.59,1588.63
2025-01-01,JUC-ORANGE,Northeast,Foodservice,1524,24386.44,14144.14,10242.3,2194.78
2025-01-01,JUC-ORANGE,Northeast,Grocery,3634,58143.65,33723.32,24420.33,5232.93
2025-01-01,JUC-ORANGE,South,Club,2659,42549.94,24678.97,17870.97,3829.49
2025-01-01,JUC-ORANGE,South,Convenience,2802,44827.13,25999.74,18827.39,4034.44
2025-01-01,JUC-ORANGE,South,Ecommerce,1282,20517.59,11900.2,8617.39,1846.58
2025-01-01,JUC-ORANGE,South,Foodservice,1755,28087.69,16290.86,11796.83,2527.89
2025-01-01,JUC-ORANGE,South,Grocery,4312,68990.4,40014.43,28975.97,6209.14
2025-01-01,JUC-ORANGE,West,Club,2957,47317.18,27443.96,19873.22,4258.55
2025-01-01,JUC-ORANGE,West,Convenience,3275,52392.34,30387.56,22004.78,4715.31
2025-01-01,JUC-ORANGE,West,Ecommerce,1560,24960.27,14476.96,10483.31,2246.42
2025-01-01,JUC-ORANGE,West,Foodservice,2143,34282.15,19883.65,14398.5,3085.39
2025-01-01,JUC-ORANGE,West,Grocery,5397,86348.3,50082.01,36266.29,7771.35
2025-01-01,ROOT-BEER,Midwest,Club,2535,30422.31,16732.27,13690.04,4259.12
2025-01-01,ROOT-BEER,Midwest,Convenience,2823,33875.61,18631.59,15244.02,4742.59
2025-01-01,ROOT-BEER,Midwest,Ecommerce,1272,15258.27,8392.05,6866.22,2136.16
2025-01-01,ROOT-BEER,Midwest,Foodservice,1789,21463.36,11804.85,9658.51,3004.87
2025-01-01,ROOT-BEER,Midwest,Grocery,4208,50495.46,27772.5,22722.96,7069.36
2025-01-01,ROOT-BEER,Mountain,Club,1709,20511.14,11281.13,9230.01,2871.56
2025-01-01,ROOT-BEER,Mountain,Convenience,1901,22808.05,12544.43,10263.62,3193.13
2025-01-01,ROOT-BEER,Mountain,Ecommerce,913,10950.09,6022.55,4927.54,1533.01
2025-01-01,ROOT-BEER,Mountain,Foodservice,1200,14403.2,7921.76,6481.44,2016.45
2025-01-01,ROOT-BEER,Mountain,Grocery,3020,36245.37,19934.95,16310.42,5074.35
2025-01-01,ROOT-BEER,Northeast,Club,2222,26667.83,14667.31,12000.52,3733.5
2025-01-01,ROOT-BEER,Northeast,Convenience,2485,29823.6,16402.98,13420.62,4175.3
2025-01-01,ROOT-BEER,Northeast,Ecommerce,1176,14108.52,7759.69,6348.83,1975.19
2025-01-01,ROOT-BEER,Northeast,Foodservice,1599,19182.21,10550.22,8631.99,2685.51
2025-01-01,ROOT-BEER,Northeast,Grocery,3870,46441.53,25542.84,20898.69,6501.81
2025-01-01,ROOT-BEER,South,Club,2871,34447.27,18946.0,15501.27,4822.62
2025-01-01,ROOT-BEER,South,Convenience,2959,35502.32,19526.28,15976.04,4970.32
2025-01-01,ROOT-BEER,South,Ecommerce,1417,17005.82,9353.2,7652.62,2380.81
2025-01-01,ROOT-BEER,South,Foodservice,1951,23414.32,12877.88,10536.44,3278.0
2025-01-01,ROOT-BEER,South,Grocery,4802,57622.85,31692.57,25930.28,8067.2
2025-01-01,ROOT-BEER,West,Club,3193,38319.24,21075.58,17243.66,5364.69
2025-01-01,ROOT-BEER,West,Convenience,3667,44002.99,24201.64,19801.35,6160.42
2025-01-01,ROOT-BEER,West,Ecommerce,1665,19979.88,10988.93,8990.95,2797.18
2025-01-01,ROOT-BEER,West,Foodservice,2356,28275.64,15551.6,12724.04,3958.59
2025-01-01,ROOT-BEER,West,Grocery,5672,68058.71,37432.29,30626.42,9528.22
2025-01-01,SPK-BERRY,Midwest,Club,1658,23205.83,10442.62,12763.21,1856.47
2025-01-01,SPK-BERRY,Midwest,Convenience,1741,24367.17,10965.23,13401.94,1949.37
2025-01-01,SPK-BERRY,Midwest,Ecommerce,803,11237.65,5056.94,6180.71,899.01
2025-01-01,SPK-BERRY,Midwest,Foodservice,1158,16217.49,7297.87,8919.62,1297.4
2025-01-01,SPK-BERRY,Midwest,Grocery,2641,36977.08,16639.69,20337.39,2958.17
2025-01-01,SPK-BERRY,Mountain,Club,1097,15351.6,6908.22,8443.38,1228.13
2025-01-01,SPK-BERRY,Mountain,Convenience,1205,16873.72,7593.17,9280.55,1349.9
2025-01-01,SPK-BERRY,Mountain,Ecommerce,584,8170.22,3676.6,4493.62,653.62
2025-01-01,SPK-BERRY,Mountain,Foodservice,761,10660.2,4797.09,5863.11,852.82
2025-01-01,SPK-BERRY,Mountain,Grocery,1930,27019.35,12158.71,14860.64,2161.55
2025-01-01,SPK-BERRY,Northeast,Club,1479,20699.06,9314.58,11384.48,1655.92
2025-01-01,SPK-BERRY,Northeast,Convenience,1636,22898.55,10304.35,12594.2,1831.88
2025-01-01,SPK-BERRY,Northeast,Ecommerce,717,10041.82,4518.82,5523.0,803.35
2025-01-01,SPK-BERRY,Northeast,Foodservice,1033,14465.18,6509.33,7955.85,1157.21
2025-01-01,SPK-BERRY,Northeast,Grocery,2469,34567.36,15555.31,19012.05,2765.39
2025-01-01,SPK-BERRY,South,Club,1737,24311.05,10939.97,13371.08,1944.88
2025-01-01,SPK-BERRY,South,Convenience,1999,27984.79,12593.16,15391.63,2238.78
2025-01-01,SPK-BERRY,South,Ecommerce,902,12623.2,5680.44,6942.76,1009.86
2025-01-01,SPK-BERRY,South,Foodservice,1232,17241.07,7758.48,9482.59,1379.29
2025-01-01,SPK-BERRY,South,Grocery,3094,43318.41,19493.28,23825.13,3465.47
2025-01-01,SPK-BERRY,West,Club,2138,29936.39,13471.38,16465.01,2394.91
2025-01-01,SPK-BERRY,West,Convenience,2336,32707.56,14718.4,17989.16,2616.6
2025-01-01,SPK-BERRY,West,Ecommerce,1023,14326.23,6446.8,7879.43,1146.1
2025-01-01,SPK-BERRY,West,Foodservice,1439,20152.36,9068.56,11083.8,1612.19
2025-01-01,SPK-BERRY,West,Grocery,3640,50959.8,22931.91,28027.89,4076.78
2025-01-01,SPK-LIME,Midwest,Club,1674,23433.38,10545.02,12888.36,1874.67
2025-01-01,SPK-LIME,Midwest,Convenience,1882,26352.09,11858.44,14493.65,2108.17
2025-01-01,SPK-LIME,Midwest,Ecommerce,825,11547.57,5196.41,6351.16,923.81
2025-01-01,SPK-LIME,Midwest,Foodservice,1206,16883.53,7597.59,9285.94,1350.68
2025-01-01,SPK-LIME,Midwest,Grocery,3003,42045.94,18920.67,23125.27,3363.68
2025-01-01,SPK-LIME,Mountain,Club,1231,17238.04,7757.12,9480.92,1379.04
2025-01-01,SPK-LIME,Mountain,Convenience,1360,19040.07,8568.03,10472.04,1523.21
2025-01-01,SPK-LIME,Mountain,Ecommerce,604,8451.99,3803.4,4648.59,676.16
2025-01-01,SPK-LIME,Mountain,Foodservice,830,11621.68,5229.76,6391.92,929.73
2025-01-01,SPK-LIME,Mountain,Grocery,2106,29479.17,13265.63,16213.54,2358.33
2025-01-01,SPK-LIME,Northeast,Club,1588,22237.85,10007.03,12230.82,1779.03
2025-01-01,SPK-LIME,Northeast,Convenience,1680,23524.91,10586.21,12938.7,1881.99
2025-01-01,SPK-LIME,Northeast,Ecommerce,779,10906.72,4908.02,5998.7,872.54
2025-01-01,SPK-LIME,Northeast,Foodservice,1117,15644.48,7040.02,8604.46,1251.56
2025-01-01,SPK-LIME,Northeast,Grocery,2557,35793.22,16106.95,19686.27,2863.46
2025-01-01,SPK-LIME,South,Club,1851,25920.73,11664.33,14256.4,2073.66
2025-01-01,SPK-LIME,South,Convenience,2048,28672.27,12902.52,15769.75,2293.78
2025-01-01,SPK-LIME,South,Ecommerce,967,13532.67,6089.7,7442.97,1082.61
2025-01-01,SPK-LIME,South,Foodservice,1323,18527.28,8337.28,10190.0,1482.18
2025-01-01,SPK-LIME,South,Grocery,3281,45938.62,20672.38,25266.24,3675.09
2025-01-01,SPK-LIME,West,Club,2154,30160.37,13572.17,16588.2,2412.83
2025-01-01,SPK-LIME,West,Convenience,2395,33535.01,15090.75,18444.26,2682.8
2025-01-01,SPK-LIME,West,Ecommerce,1090,15261.15,6867.52,8393.63,1220.89
2025-01-01,SPK-LIME,West,Foodservice,1615,22605.03,10172.26,12432.77,1808.4
2025-01-01,SPK-LIME,West,Grocery,3819,53463.49,24058.57,29404.92,4277.08
2025-01-01,SPK-PLAIN,Midwest,Club,1272,17808.38,8013.77,9794.61,1424.67
2025-01-01,SPK-PLAIN,Midwest,Convenience,1367,19141.9,8613.85,10528.05,1531.35
2025-01-01,SPK-PLAIN,Midwest,Ecommerce,629,8799.08,3959.59,4839.49,703.93
2025-01-01,SPK-PLAIN,Midwest,Foodservice,856,11981.83,5391.82,6590.01,958.55
2025-01-01,SPK-PLAIN,Midwest,Grocery,2135,29890.45,13450.7,16439.75,2391.24
2025-01-01,SPK-PLAIN,Mountain,Club,843,11801.44,5310.65,6490.79,944.12
2025-01-01,SPK-PLAIN,Mountain,Convenience,928,12986.46,5843.91,7142.55,1038.92
2025-01-01,SPK-PLAIN,Mountain,Ecommerce,440,6163.18,2773.43,3389.75,493.05
2025-01-01,SPK-PLAIN,Mountain,Foodservice,627,8781.51,3951.68,4829.83,702.52
2025-01-01,SPK-PLAIN,Mountain,Grocery,1452,20331.33,9149.1,11182.23,1626.51
2025-01-01,SPK-PLAIN,Northeast,Club,1073,15019.27,6758.67,8260.6,1201.54
2025-01-01,SPK-PLAIN,Northeast,Convenience,1224,17140.38,7713.17,9427.21,1371.23
2025-01-01,SPK-PLAIN,Northeast,Ecommerce,571,7999.08,3599.59,4399.49,639.93
2025-01-01,SPK-PLAIN,Northeast,Foodservice,758,10616.34,4777.35,5838.99,849.31
2025-01-01,SPK-PLAIN,Northeast,Grocery,1928,26995.61,12148.02,14847.59,2159.65
2025-01-01,SPK-PLAIN,South,Club,1366,19120.65,8604.29,10516.36,1529.65
2025-01-01,SPK-PLAIN,South,Convenience,1518,21252.24,9563.51,11688.73,1700.18
2025-01-01,SPK-PLAIN,South,Ecommerce,676,9460.28,4257.13,5203.15,756.82
2025-01-01,SPK-PLAIN,South,Foodservice,954,13362.06,6012.93,7349.13,1068.96
2025-01-01,SPK-PLAIN,South,Grocery,2368,33145.34,14915.4,18229.94,2651.63
2025-01-01,SPK-PLAIN,West,Club,1577,22072.13,9932.46,12139.67,1765.77
2025-01-01,SPK-PLAIN,West,Convenience,1815,25412.08,11435.44,13976.64,2032.97
2025-01-01,SPK-PLAIN,West,Ecommerce,778,10898.35,4904.26,5994.09,871.87
2025-01-01,SPK-PLAIN,West,Foodservice,1098,15370.33,6916.65,8453.68,1229.63
2025-01-01,SPK-PLAIN,West,Grocery,2684,37578.27,16910.22,20668.05,3006.26
2025-01-01,STL-1L,Midwest,Club,18955,170591.11,105766.49,64824.62,10235.47
2025-01-01,STL-1L,Midwest,Convenience,4696,42262.4,26202.69,16059.71,2535.74
2025-01-01,STL-1L,Midwest,Ecommerce,2125,19126.25,11858.27,7267.98,1147.58
2025-01-01,STL-1L,Midwest,Foodservice,2908,26168.78,16224.64,9944.14,1570.13
2025-01-01,STL-1L,Midwest,Grocery,6981,62832.72,38956.29,23876.43,3769.96
2025-01-01,STL-1L,Mountain,Club,3015,27130.54,16820.93,10309.61,1627.83
2025-01-01,STL-1L,Mountain,Convenience,3336,30021.74,18613.48,11408.26,1801.3
2025-01-01,STL-1L,Mountain,Ecommerce,1528,13752.07,8526.28,5225.79,825.12
2025-01-01,STL-1L,Mountain,Foodservice,2007,18058.85,11196.49,6862.36,1083.53
2025-01-01,STL-1L,Mountain,Grocery,5147,46327.11,28722.81,17604.3,2779.63
2025-01-01,STL-1L,Northeast,Club,3758,33818.09,20967.22,12850.87,2029.09
2025-01-01,STL-1L,Northeast,Convenience,4283,38551.37,23901.85,14649.52,2313.08
2025-01-01,STL-1L,Northeast,Ecommerce,1889,17004.73,10542.93,6461.8,1020.28
2025-01-01,STL-1L,Northeast,Foodservice,2589,23300.74,14446.46,8854.28,1398.04
2025-01-01,STL-1L,Northeast,Grocery,6736,60626.86,37588.65,23038.21,3637.61
2025-01-01,STL-1L,South,Club,4498,40480.39,25097.84,15382.55,2428.82
2025-01-01,STL-1L,South,Convenience,5029,45258.57,28060.31,17198.26,2715.51
2025-01-01,STL-1L,South,Ecommerce,2360,21242.79,13170.53,8072.26,1274.57
2025-01-01,STL-1L,South,Foodservice,3324,29918.94,18549.74,11369.2,1795.14
2025-01-01,STL-1L,South,Grocery,8232,74091.41,45936.67,28154.74,4445.48
2025-01-01,STL-1L,West,Club,5484,49358.01,30601.97,18756.04,2961.48
2025-01-01,STL-1L,West,Convenience,5842,52576.33,32597.32,19979.01,3154.58
2025-01-01,STL-1L,West,Ecommerce,2668,24009.99,14886.19,9123.8,1440.6
2025-01-01,STL-1L,West,Foodservice,3948,35533.4,22030.71,13502.69,2132.0
2025-01-01,STL-1L,West,Grocery,9542,85880.44,53245.87,32634.57,5152.83
2025-01-01,STL-500,Midwest,Club,4708,42374.19,26272.0,16102.19,2542.45
2025-01-01,STL-500,Midwest,Convenience,5115,46031.77,28539.7,17492.07,2761.91
2025-01-01,STL-500,Midwest,Ecommerce,2240,20161.96,12500.42,7661.54,1209.72
2025-01-01,STL-500,Midwest,Foodservice,3093,27835.98,17258.31,10577.67,1670.16
2025-01-01,STL-500,Midwest,Grocery,7503,67531.19,41869.34,25661.85,4051.87
2025-01-01,STL-500,Mountain,Club,3159,28430.97,17627.2,10803.77,1705.86
2025-01-01,STL-500,Mountain,Convenience,3407,30664.88,19012.23,11652.65,1839.89
2025-01-01,STL-500,Mountain,Ecommerce,1539,13855.29,8590.28,5265.01,831.32
2025-01-01,STL-500,Mountain,Foodservice,2272,20452.11,12680.31,7771.8,1227.13
2025-01-01,STL-500,Mountain,Grocery,5388,48493.95,30066.25,18427.7,2909.64
2025-01-01,STL-500,Northeast,Club,4113,37016.66,22950.33,14066.33,2221.0
2025-01-01,STL-500,Northeast,Convenience,4422,39801.6,24676.99,15124.61,2388.1
2025-01-01,STL-500,Northeast,Ecommerce,2012,18110.9,11228.76,6882.14,1086.65
2025-01-01,STL-500,Northeast,Foodservice,2895,26057.83,16155.85,9901.98,1563.47
2025-01-01,STL-500,Northeast,Grocery,7080,63716.51,39504.24,24212.27,3822.99
2025-01-01,STL-500,South,Club,5090,45813.8,28404.56,17409.24,2748.83
2025-01-01,STL-500,South,Convenience,5442,48974.02,30363.89,18610.13,2938.44
2025-01-01,STL-500,South,Ecommerce,2583,23247.87,14413.68,8834.19,1394.87
2025-01-01,STL-500,South,Foodservice,3493,31435.66,19490.11,11945.55,1886.14
2025-01-01,STL-500,South,Grocery,8552,76970.15,47721.49,29248.66,4618.21
2025-01-01,STL-500,West,Club,5926,53336.48,33068.62,20267.86,3200.19
2025-01-01,STL-500,West,Convenience,6731,60578.66,37558.77,23019.89,3634.72
2025-01-01,STL-500,West,Ecommerce,2985,26862.2,16654.56,10207.64,1611.73
2025-01-01,STL-500,West,Foodservice,4153,37378.67,23174.78,14203.89,2242.72
2025-01-01,STL-500,West,Grocery,9851,88659.67,54969.0,33690.67,5319.58
2025-02-01,COLA-CHERRY,Midwest,Club,2530,30364.02,16700.21,13663.81,4250.96
2025-02-01,COLA-CHERRY,Midwest,Convenience,2631,31575.46,17366.5,14208.96,4420.56
2025-02-01,COLA-CHERRY,Midwest,Ecommerce,1257,15081.17,8294.64,6786.53,2111.36
2025-02-01,COLA-CHERRY,Midwest,Foodservice,1681,20173.59,11095.47,9078.12,2824.3
2025-02-01,COLA-CHERRY,Midwest,Grocery,4303,51640.39,28402.21,23238.18,7229.65
2025-02-01,COLA-CHERRY,Mountain,Club,1695,20343.72,11189.05,9154.67,2848.12
2025-02-01,COLA-CHERRY,Mountain,Convenience,1911,22932.29,12612.76,10319.53,3210.52
2025-02-01,COLA-CHERRY,Mountain,Ecommerce,865,10376.04,5706.82,4669.22,1452.65
2025-02-01,COLA-CHERRY,Mountain,Foodservice,1185,14225.36,7823.95,6401.41,1991.55
2025-02-01,COLA-CHERRY,Mountain,Grocery,2954,35445.14,19494.83,15950.31,4962.32
2025-02-01,COLA-CHERRY,Northeast,Club,2297,27566.76,15161.72,12405.04,3859.35
2025-02-01,COLA-CHERRY,Northeast,Convenience,2480,29755.01,16365.26,13389.75,4165.7
2025-02-01,COLA-CHERRY,Northeast,Ecommerce,1075,12894.85,7092.17,5802.68,1805.28
2025-02-01,COLA-CHERRY,Northeast,Foodservice,1615,19382.75,10660.51,8722.24,2713.58
2025-02-01,COLA-CHERRY,Northeast,Grocery,3838,46061.05,25333.58,20727.47,6448.55
2025-02-01,COLA-CHERRY,South,Club,2656,31870.31,17528.67,14341.64,4461.84
2025-02-01,COLA-CHERRY,South,Convenience,2916,34996.34,19247.99,15748.35,4899.49
2025-02-01,COLA-CHERRY,South,Ecommerce,1364,16362.6,8999.43,7363.17,2290.76
2025-02-01,COLA-CHERRY,South,Foodservice,1917,23002.19,12651.2,10350.99,3220.31
2025-02-01,COLA-CHERRY,South,Grocery,4768,57216.92,31469.31,25747.61,8010.37
2025-02-01,COLA-CHERRY,West,Club,3210,38525.9,21189.24,17336.66,5393.63
2025-02-01,COLA-CHERRY,West,Convenience,3481,41776.89,22977.29,18799.6,5848.76
2025-02-01,COLA-CHERRY,West,Ecommerce,1623,19471.59,10709.37,8762.22,2726.02
2025-02-01,COLA-CHERRY,West,Foodservice,2157,25882.14,14235.18,11646.96,3623.5
2025-02-01,COLA-CHERRY,West,Grocery,5355,64256.52,35341.09,28915.43,8995.91
2025-02-01,COLA-DIET,Midwest,Club,13842,166101.62,91355.89,74745.73,23254.23
2025-02-01,COLA-DIET,Midwest,Convenience,3228,38739.49,21306.72,17432.77,5423.53
2025-02-01,COLA-DIET,Midwest,Ecommerce,1505,18064.64,9935.55,8129.09,2529.05
2025-02-01,COLA-DIET,Midwest,Foodservice,2047,24561.63,13508.9,11052.73,3438.63
2025-02-01,COLA-DIET,Midwest,Grocery,4843,58114.58,31963.02,26151.56,8136.04
2025-02-01,COLA-DIET,Mountain,Club,2072,24864.24,13675.33,11188.91,3480.99
2025-02-01,COLA-DIET,Mountain,Convenience,2337,28041.68,15422.92,12618.76,3925.84
2025-02-01,COLA-DIET,Mountain,Ecommerce,1019,12224.48,6723.46,5501.02,1711.43
2025-02-01,COLA-DIET,Mountain,Foodservice,1438,17252.94,9489.12,7763.82,2415.41
2025-02-01,COLA-DIET,Mountain,Grocery,3514,42163.89,23190.14,18973.75,5902.94
2025-02-01,COLA-DIET,Northeast,Club,2658,31900.6,17545.33,14355.27,4466.08
2025-02-01,COLA-DIET,Northeast,Convenience,2845,34141.73,18777.95,15363.78,4779.84
2025-02-01,COLA-DIET,Northeast,Ecommerce,1352,16219.41,8920.68,7298.73,2270.72
2025-02-01,COLA-DIET,Northeast,Foodservice,1846,22153.77,12184.57,9969.2,3101.53
2025-02-01,COLA-DIET,Northeast,Grocery,4422,53065.92,29186.26,23879.66,7429.23
2025-02-01,COLA-DIET,South,Club,3267,39199.86,21559.92,17639.94,5487.98
2025-02-01,COLA-DIET,South,Convenience,3469,41632.15,22897.68,18734.47,5828.5
2025-02-01,COLA-DIET,South,Ecommerce,1654,19849.14,10917.03,8932.11,2778.88
2025-02-01,COLA-DIET,South,Foodservice,2348,28170.22,15493.62,12676.6,3943.83
2025-02-01,COLA-DIET,South,Grocery,5650,67797.78,37288.78,30509.0,9491.69
2025-02-01,COLA-DIET,West,Club,3771,45254.54,24890.0,20364.54,6335.64
2025-02-01,COLA-DIET,West,Convenience,4076,48911.28,26901.2,22010.08,6847.58
2025-02-01,COLA-DIET,West,Ecommerce,1908,22899.84,12594.91,10304.93,3205.98
2025-02-01,COLA-DIET,West,Foodservice,2675,32101.76,17655.97,14445.79,4494.25
2025-02-01,COLA-DIET,West,Grocery,6586,79035.09,43469.3,35565.79,11064.91
2025-02-01,COLA-REG,Midwest,Club,15338,184054.17,101229.79,82824.38,25767.58
2025-02-01,COLA-REG,Midwest,Convenience,4436,53231.31,29277.22,23954.09,7452.38
2025-02-01,COLA-REG,Midwest,Ecommerce,1930,23164.27,12740.35,10423.92,3243.0
2025-02-01,COLA-REG,Midwest,Foodservice,2781,33368.21,18352.52,15015.69,4671.55
2025-02-01,COLA-REG,Midwest,Grocery,6659,79909.66,43950.31,35959.35,11187.35
2025-02-01,COLA-REG,Mountain,Club,2748,32977.54,18137.65,14839.89,4616.86
2025-02-01,COLA-REG,Mountain,Convenience,3054,36642.56,20153.41,16489.15,5129.96
2025-02-01,COLA-REG,Mountain,Ecommerce,1398,16779.16,9228.54,7550.62,2349.08
2025-02-01,COLA-REG,Mountain,Foodservice,1931,23168.36,12742.6,10425.76,3243.57
2025-02-01,COLA-REG,Mountain,Grocery,4823,57879.67,31833.82,26045.85,8103.15
2025-02-01,COLA-REG,Northeast,Club,3576,42915.53,23603.54,19311.99,6008.17
2025-02-01,COLA-REG,Northeast,Convenience,3986,47837.85,26310.82,21527.03,6697.3
2025-02-01,COLA-REG,Northeast,Ecommerce,1811,21734.75,11954.11,9780.64,3042.86
2025-02-01,COLA-REG,Northeast,Foodservice,2472,29665.67,16316.12,13349.55,4153.19
2025-02-01,COLA-REG,Northeast,Grocery,6208,74501.13,40975.62,33525.51,10430.16
2025-02-01,COLA-REG,South,Club,4475,53696.58,29533.12,24163.46,7517.52
2025-02-01,COLA-REG,South,Convenience,4683,56201.07,30910.59,25290.48,7868.15
2025-02-01,COLA-REG,South,Ecommerce,2159,25904.29,14247.36,11656.93,3626.6
2025-02-01,COLA-REG,South,Foodservice,2976,35706.58,19638.62,16067.96,4998.92
2025-02-01,COLA-REG,South,Grocery,7366,88391.16,48615.14,39776.02,12374.76
2025-02-01,COLA-REG,West,Club,5036,60433.94,33238.67,27195.27,8460.75
2025-02-01,COLA-REG,West,Convenience,5573,66872.58,36779.92,30092.66,9362.16
2025-02-01,COLA-REG,West,Ecommerce,2480,29756.09,16365.85,13390.24,4165.85
2025-02-01,COLA-REG,West,Foodservice,3527,42325.06,23278.78,19046.28,5925.51
2025-02-01,COLA-REG,West,Grocery,9031,108377.2,59607.46,48769.74,15172.81
2025-02-01,ENG-ORIG,Midwest,Club,1343,29546.99,11818.8,17728.19,3250.17
2025-02-01,ENG-ORIG,Midwest,Convenience,1508,33168.62,13267.45,19901.17,3648.55
2025-02-01,ENG-ORIG,Midwest,Ecommerce,682,15004.43,6001.77,9002.66,1650.49
2025-02-01,ENG-ORIG,Midwest,Foodservice,943,20745.93,8298.37,12447.56,2282.05
2025-02-01,ENG-ORIG,Midwest,Grocery,2282,50214.43,20085.77,30128.66,5523.59
2025-02-01,ENG-ORIG,Mountain,Club,943,20747.38,8298.95,12448.43,2282.21
2025-02-01,ENG-ORIG,Mountain,Convenience,1083,23816.28,9526.51,14289.77,2619.79
2025-02-01,ENG-ORIG,Mountain,Ecommerce,469,10322.72,4129.09,6193.63,1135.5
2025-02-01,ENG-ORIG,Mountain,Foodservice,652,14348.35,5739.34,8609.01,1578.32
2025-02-01,ENG-ORIG,Mountain,Grocery,1665,36639.64,14655.86,21983.78,4030.36
2025-02-01,ENG-ORIG,Northeast,Club,1195,26297.77,10519.11,15778.66,2892.75
2025-02-01,ENG-ORIG,Northeast,Convenience,1347,29628.16,11851.26,17776.9,3259.1
2025-02-01,ENG-ORIG,Northeast,Ecommerce,629,13837.88,5535.15,8302.73,1522.17
2025-02-01,ENG-ORIG,Northeast,Foodservice,846,18622.27,7448.91,11173.36,2048.45
2025-02-01,ENG-ORIG,Northeast,Grocery,2134,46955.05,18782.02,28173.03,5165.06
2025-02-01,ENG-ORIG,South,Club,1521,33453.5,13381.4,20072.1,3679.88
2025-02-01,ENG-ORIG,South,Convenience,1678,36919.9,14767.96,22151.94,4061.19
2025-02-01,ENG-ORIG,South,Ecommerce,755,16604.62,6641.85,9962.77,1826.51
2025-02-01,ENG-ORIG,South,Foodservice,1075,23655.95,9462.38,14193.57,2602.15
2025-02-01,ENG-ORIG,South,Grocery,2553,56170.57,22468.23,33702.34,6178.76
2025-02-01,ENG-ORIG,West,Club,1826,40173.33,16069.33,24104.0,4419.07
2025-02-01,ENG-ORIG,West,Convenience,1996,43909.24,17563.7,26345.54,4830.02
2025-02-01,ENG-ORIG,West,Ecommerce,883,19425.06,7770.02,11655.04,2136.76
2025-02-01,ENG-ORIG,West,Foodservice,1301,28613.73,11445.49,17168.24,3147.51
2025-02-01,ENG-ORIG,West,Grocery,3080,67770.66,27108.26,40662.4,7454.77
2025-02-01,ENG-ZERO,Midwest,Club,1087,23918.02,9567.21,14350.81,2630.98
2025-02-01,ENG-ZERO,Midwest,Convenience,1211,26636.72,10654.69,15982.03,2930.04
2025-02-01,ENG-ZERO,Midwest,Ecommerce,533,11723.11,4689.24,7033.87,1289.54
2025-02-01,ENG-ZERO,Midwest,Foodservice,767,16883.54,6753.42,10130.12,1857.19
2025-02-01,ENG-ZERO,Midwest,Grocery,1890,41585.76,16634.3,24951.46,4574.43
2025-02-01,ENG-ZERO,Mountain,Club,792,17425.79,6970.32,10455.47,1916.84
2025-02-01,ENG-ZERO,Mountain,Convenience,845,18592.04,7436.82,11155.22,2045.12
2025-02-01,ENG-ZERO,Mountain,Ecommerce,384,8456.51,3382.6,5073.91,930.22
2025-02-01,ENG-ZERO,Mountain,Foodservice,530,11652.94,4661.18,6991.76,1281.82
2025-02-01,ENG-ZERO,Mountain,Grocery,1265,27831.4,11132.56,16698.84,3061.45
2025-02-01,ENG-ZERO,Northeast,Club,969,21326.68,8530.67,12796.01,2345.93
2025-02-01,ENG-ZERO,Northeast,Convenience,1115,24538.06,9815.22,14722.84,2699.19
2025-02-01,ENG-ZERO,Northeast,Ecommerce,486,10702.17,4280.87,6421.3,1177.24
2025-02-01,ENG-ZERO,Northeast,Foodservice,703,15455.91,6182.36,9273.55,1700.15
2025-02-01,ENG-ZERO,Northeast,Grocery,1704,37495.11,14998.04,22497.07,4124.46
2025-02-01,ENG-ZERO,South,Club,1260,27720.44,11088.18,16632.26,3049.25
2025-02-01,ENG-ZERO,South,Convenience,1325,29139.87,11655.95,17483.92,3205.39
2025-02-01,ENG-ZERO,South,Ecommerce,617,13571.52,5428.61,8142.91,1492.87
2025-02-01,ENG-ZERO,South,Foodservice,864,19013.72,7605.49,11408.23,2091.51
2025-02-01,ENG-ZERO,South,Grocery,2083,45833.91,18333.56,27500.35,5041.73
2025-02-01,ENG-ZERO,West,Club,1418,31189.16,12475.66,18713.5,3430.81
2025-02-01,ENG-ZERO,West,Convenience,1554,34194.07,13677.63,20516.44,3761.35
2025-02-01,ENG-ZERO,West,Ecommerce,744,16374.54,6549.82,9824.72,1801.2
2025-02-01,ENG-ZERO,West,Foodservice,982,21597.62,8639.05,12958.57,2375.74
2025-02-01,ENG-ZERO,West,Grocery,2437,53612.62,21445.05,32167.57,5897.39
2025-02-01,JUC-APPLE,Midwest,Club,2013,32207.43,18680.31,13527.12,2898.67
2025-02-01,JUC-APPLE,Midwest,Convenience,2215,35443.8,20557.4,14886.4,3189.94
2025-02-01,JUC-APPLE,Midwest,Ecommerce,976,15621.69,9060.58,6561.11,1405.95
2025-02-01,JUC-APPLE,Midwest,Foodservice,1393,22295.58,12931.44,9364.14,2006.6
2025-02-01,JUC-APPLE,Midwest,Grocery,3412,54598.28,31667.0,22931.28,4913.85
2025-02-01,JUC-APPLE,Mountain,Club,1337,21384.77,12403.17,8981.6,1924.63
2025-02-01,JUC-APPLE,Mountain,Convenience,1539,24625.67,14282.89,10342.78,2216.31
2025-02-01,JUC-APPLE,Mountain,Ecommerce,706,11295.76,6551.54,4744.22,1016.62
2025-02-01,JUC-APPLE,Mountain,Foodservice,981,15703.76,9108.18,6595.58,1413.34
2025-02-01,JUC-APPLE,Mountain,Grocery,2380,38072.85,22082.25,15990.6,3426.56
2025-02-01,JUC-APPLE,Northeast,Club,1813,29012.63,16827.33,12185.3,2611.14
2025-02-01,JUC-APPLE,Northeast,Convenience,2008,32127.33,18633.85,13493.48,2891.46
2025-02-01,JUC-APPLE,Northeast,Ecommerce,855,13676.96,7932.64,5744.32,1230.93
2025-02-01,JUC-APPLE,Northeast,Foodservice,1228,19646.53,11394.99,8251.54,1768.19
2025-02-01,JUC-APPLE,Northeast,Grocery,3005,48086.68,27890.27,20196.41,4327.8
2025-02-01,JUC-APPLE,South,Club,2205,35272.22,20457.89,14814.33,3174.5
2025-02-01,JUC-APPLE,South,Convenience,2446,39133.06,22697.17,16435.89,3521.98
2025-02-01,JUC-APPLE,South,Ecommerce,1105,17684.12,10256.79,7427.33,1591.57
2025-02-01,JUC-APPLE,South,Foodservice,1481,23698.52,13745.14,9953.38,2132.87
2025-02-01,JUC-APPLE,South,Grocery,3587,57387.38,33284.68,24102.7,5164.86
2025-02-01,JUC-APPLE,West,Club,2605,41677.38,24172.88,17504.5,3750.96
2025-02-01,JUC-APPLE,West,Convenience,2818,45082.94,26148.11,18934.83,4057.46
2025-02-01,JUC-APPLE,West,Ecommerce,1245,19921.49,11554.46,8367.03,1792.93
2025-02-01,JUC-APPLE,West,Foodservice,1811,28979.63,16808.19,12171.44,2608.17
2025-02-01,JUC-APPLE,West,Grocery,4477,71633.18,41547.24,30085.94,6446.99
2025-02-01,JUC-MANGO,Midwest,Club,1558,24924.96,14456.48,10468.48,2243.25
2025-02-01,JUC-MANGO,Midwest,Convenience,1721,27536.95,15971.43,11565.52,2478.33
2025-02-01,JUC-MANGO,Midwest,Ecommerce,809,12943.21,7507.06,5436.15,1164.89
2025-02-01,JUC-MANGO,Midwest,Foodservice,1120,17914.51,10390.42,7524.09,1612.31
2025-02-01,JUC-MANGO,Midwest,Grocery,2765,44246.45,25662.94,18583.51,3982.18
2025-02-01,JUC-MANGO,Mountain,Club,1144,18306.23,10617.61,7688.62,1647.56
2025-02-01,JUC-MANGO,Mountain,Convenience,1250,19996.15,11597.77,8398.38,1799.65
2025-02-01,JUC-MANGO,Mountain,Ecommerce,566,9062.73,5256.38,3806.35,815.65
2025-02-01,JUC-MANGO,Mountain,Foodservice,795,12727.26,7381.81,5345.45,1145.45
2025-02-01,JUC-MANGO,Mountain,Grocery,1963,31401.13,18212.66,13188.47,2826.1
2025-02-01,JUC-MANGO,Northeast,Club,1481,23691.14,13740.86,9950.28,2132.2
2025-02-01,JUC-MANGO,Northeast,Convenience,1556,24899.86,14441.92,10457.94,2240.99
2025-02-01,JUC-MANGO,Northeast,Ecommerce,715,11439.27,6634.78,4804.49,1029.53
2025-02-01,JUC-MANGO,Northeast,Foodservice,1026,16408.37,9516.85,6891.52,1476.75
2025-02-01,JUC-MANGO,Northeast,Grocery,2374,37985.7,22031.71,15953.99,3418.71
2025-02-01,JUC-MANGO,South,Club,1819,29101.87,16879.08,12222.79,2619.17
2025-02-01,JUC-MANGO,South,Convenience,1912,30591.12,17742.85,12848.27,2753.2
2025-02-01,JUC-MANGO,South,Ecommerce,896,14328.65,8310.62,6018.03,1289.58
2025-02-01,JUC-MANGO,South,Foodservice,1276,20412.24,11839.1,8573.14,1837.1
2025-02-01,JUC-MANGO,South,Grocery,3065,49046.29,28446.85,20599.44,4414.17
2025-02-01,JUC-MANGO,West,Club,2087,33394.1,19368.58,14025.52,3005.47
2025-02-01,JUC-MANGO,West,Convenience,2322,37154.54,21549.63,15604.91,3343.91
2025-02-01,JUC-MANGO,West,Ecommerce,1083,17328.7,10050.65,7278.05,1559.58
2025-02-01,JUC-MANGO,West,Foodservice,1439,23023.61,13353.69,9669.92,2072.12
2025-02-01,JUC-MANGO,West,Grocery,3486,55782.81,32354.03,23428.78,5020.45
2025-02-01,JUC-ORANGE,Midwest,Club,2280,36473.76,21154.78,15318.98,3282.64
2025-02-01,JUC-ORANGE,Midwest,Convenience,2490,39838.26,23106.19,16732.07,3585.44
2025-02-01,JUC-ORANGE,Midwest,Ecommerce,1186,18970.03,11002.62,7967.41,1707.3
2025-02-01,JUC-ORANGE,Midwest,Foodservice,1564,25016.38,14509.5,10506.88,2251.47
2025-02-01,JUC-ORANGE,Midwest,Grocery,3869,61900.58,35902.34,25998.24,5571.05
2025-02-01,JUC-ORANGE,Mountain,Club,1593,25480.34,14778.6,10701.74,2293.23
2025-02-01,JUC-ORANGE,Mountain,Convenience,1843,29483.08,17100.19,12382.89,2653.48
2025-02-01,JUC-ORANGE,Mountain,Ecommerce,808,12935.53,7502.61,5432.92,1164.2
2025-02-01,JUC-ORANGE,Mountain,Foodservice,1108,17732.94,10285.11,7447.83,1595.96
2025-02-01,JUC-ORANGE,Mountain,Grocery,2825,45200.57,26216.33,18984.24,4068.05
2025-02-01,JUC-ORANGE,Northeast,Club,2141,34255.69,19868.3,14387.39,3083.01
2025-02-01,JUC-ORANGE,Northeast,Convenience,2228,35655.54,20680.21,14975.33,3209.0
2025-02-01,JUC-ORANGE,Northeast,Ecommerce,1032,16514.43,9578.37,6936.06,1486.3
2025-02-01,JUC-ORANGE,Northeast,Foodservice,1453,23251.37,13485.79,9765.58,2092.62
2025-02-01,JUC-ORANGE,Northeast,Grocery,3570,57126.33,33133.27,23993.06,5141.37
2025-02-01,JUC-ORANGE,South,Club,2565,41033.13,23799.22,17233.91,3692.98
2025-02-01,JUC-ORANGE,South,Convenience,2905,46477.92,26957.19,19520.73,4183.01
2025-02-01,JUC-ORANGE,South,Ecommerce,1281,20499.54,11889.73,8609.81,1844.96
2025-02-01,JUC-ORANGE,South,Foodservice,1740,27844.36,16149.73,11694.63,2505.99
2025-02-01,JUC-ORANGE,South,Grocery,4344,69506.66,40313.86,29192.8,6255.6
2025-02-01,JUC-ORANGE,West,Club,3046,48729.2,28262.94,20466.26,4385.63
2025-02-01,JUC-ORANGE,West,Convenience,3197,51154.69,29669.72,21484.97,4603.92
2025-02-01,JUC-ORANGE,West,Ecommerce,1564,25016.41,14509.52,10506.89,2251.48
2025-02-01,JUC-ORANGE,West,Foodservice,2113,33804.56,19606.64,14197.92,3042.41
2025-02-01,JUC-ORANGE,West,Grocery,5145,82312.01,47740.97,34571.04,7408.08
2025-02-01,ROOT-BEER,Midwest,Club,2381,28575.61,15716.59,12859.02,4000.59
2025-02-01,ROOT-BEER,Midwest,Convenience,2641,31692.88,17431.08,14261.8,4437.0
2025-02-01,ROOT-BEER,Midwest,Ecommerce,1215,14578.7,8018.28,6560.42,2041.02
2025-02-01,ROOT-BEER,Midwest,Foodservice,1779,21345.12,11739.82,9605.3,2988.32
2025-02-01,ROOT-BEER,Midwest,Grocery,4194,50325.81,27679.2,22646.61,7045.61
2025-02-01,ROOT-BEER,Mountain,Club,1788,21453.46,11799.4,9654.06,3003.48
2025-02-01,ROOT-BEER,Mountain,Convenience,1953,23440.92,12892.51,10548.41,3281.73
2025-02-01,ROOT-BEER,Mountain,Ecommerce,863,10351.09,5693.1,4657.99,1449.15
2025-02-01,ROOT-BEER,Mountain,Foodservice,1162,13942.53,7668.39,6274.14,1951.95
2025-02-01,ROOT-BEER,Mountain,Grocery,2826,33914.15,18652.78,15261.37,4747.98
2025-02-01,ROOT-BEER,Northeast,Club,2238,26856.11,14770.86,12085.25,3759.86
2025-02-01,ROOT-BEER,Northeast,Convenience,2488,29855.54,16420.55,13434.99,4179.78
2025-02-01,ROOT-BEER,Northeast,Ecommerce,1067,12803.43,7041.89,5761.54,1792.48
2025-02-01,ROOT-BEER,Northeast,Foodservice,1580,18961.21,10428.67,8532.54,2654.57
2025-02-01,ROOT-BEER,Northeast,Grocery,3659,43912.67,24151.97,19760.7,6147.77
2025-02-01,ROOT-BEER,South,Club,2755,33055.79,18180.68,14875.11,4627.81
2025-02-01,ROOT-BEER,South,Convenience,3065,36782.37,20230.3,16552.07,5149.53
2025-02-01,ROOT-BEER,South,Ecommerce,1397,16758.66,9217.26,7541.4,2346.21
2025-02-01,ROOT-BEER,South,Foodservice,1881,22568.26,12412.54,10155.72,3159.56
2025-02-01,ROOT-BEER,South,Grocery,4429,53142.82,29228.55,23914.27,7439.99
2025-02-01,ROOT-BEER,West,Club,3292,39508.07,21729.44,17778.63,5531.13
2025-02-01,ROOT-BEER,West,Convenience,3470,41642.03,22903.12,18738.91,5829.88
2025-02-01,ROOT-BEER,West,Ecommerce,1563,18760.6,10318.33,8442.27,2626.48
2025-02-01,ROOT-BEER,West,Foodservice,2239,26873.67,14780.52,12093.15,3762.31
2025-02-01,ROOT-BEER,West,Grocery,5390,64681.81,35575.0,29106.81,9055.45
2025-02-01,SPK-BERRY,Midwest,Club,1666,23327.53,10497.39,12830.14,1866.2
2025-02-01,SPK-BERRY,Midwest,Convenience,1761,24656.83,11095.57,13561.26,1972.55
2025-02-01,SPK-BERRY,Midwest,Ecommerce,825,11554.82,5199.67,6355.15,924.39
2025-02-01,SPK-BERRY,Midwest,Foodservice,1111,15552.58,6998.66,8553.92,1244.21
2025-02-01,SPK-BERRY,Midwest,Grocery,2743,38397.49,17278.87,21118.62,3071.8
2025-02-01,SPK-BERRY,Mountain,Club,1099,15385.05,6923.27,8461.78,1230.8
2025-02-01,SPK-BERRY,Mountain,Convenience,1196,16737.72,7531.97,9205.75,1339.02
2025-02-01,SPK-BERRY,Mountain,Ecommerce,567,7944.58,3575.06,4369.52,635.57
2025-02-01,SPK-BERRY,Mountain,Foodservice,776,10857.58,4885.91,5971.67,868.61
2025-02-01,SPK-BERRY,Mountain,Grocery,1873,26226.8,11802.06,14424.74,2098.14
2025-02-01,SPK-BERRY,Northeast,Club,1390,19459.14,8756.61,10702.53,1556.73
2025-02-01,SPK-BERRY,Northeast,Convenience,1547,21663.21,9748.44,11914.77,1733.06
2025-02-01,SPK-BERRY,Northeast,Ecommerce,741,10369.01,4666.05,5702.96,829.52
2025-02-01,SPK-BERRY,Northeast,Foodservice,1015,14208.33,6393.75,7814.58,1136.67
2025-02-01,SPK-BERRY,Northeast,Grocery,2456,34389.96,15475.48,18914.48,2751.2
2025-02-01,SPK-BERRY,South,Club,1811,25353.71,11409.17,13944.54,2028.3
2025-02-01,SPK-BERRY,South,Convenience,1961,27458.76,12356.44,15102.32,2196.7
2025-02-01,SPK-BERRY,South,Ecommerce,902,12630.35,5683.66,6946.69,1010.43
2025-02-01,SPK-BERRY,South,Foodservice,1209,16921.49,7614.67,9306.82,1353.72
2025-02-01,SPK-BERRY,South,Grocery,2918,40856.91,18385.61,22471.3,3268.55
2025-02-01,SPK-BERRY,West,Club,2121,29700.02,13365.01,16335.01,2376.0
2025-02-01,SPK-BERRY,West,Convenience,2384,33370.97,15016.94,18354.03,2669.68
2025-02-01,SPK-BERRY,West,Ecommerce,1086,15205.52,6842.48,8363.04,1216.44
2025-02-01,SPK-BERRY,West,Foodservice,1519,21268.49,9570.82,11697.67,1701.48
2025-02-01,SPK-BERRY,West,Grocery,3483,48766.85,21945.08,26821.77,3901.35
2025-02-01,SPK-LIME,Midwest,Club,1636,22910.31,10309.64,12600.67,1832.82
2025-02-01,SPK-LIME,Midwest,Convenience,1803,25235.42,11355.94,13879.48,2018.83
2025-02-01,SPK-LIME,Midwest,Ecommerce,839,11748.04,5286.62,6461.42,939.84
2025-02-01,SPK-LIME,Midwest,Foodservice,1232,17248.07,7761.63,9486.44,1379.85
2025-02-01,SPK-LIME,Midwest,Grocery,2894,40516.32,18232.34,22283.98,3241.31
2025-02-01,SPK-LIME,Mountain,Club,1188,16635.82,7486.12,9149.7,1330.87
2025-02-01,SPK-LIME,Mountain,Convenience,1331,18629.34,8383.2,10246.14,1490.35
2025-02-01,SPK-LIME,Mountain,Ecommerce,589,8246.58,3710.96,4535.62,659.73
2025-02-01,SPK-LIME,Mountain,Foodservice,803,11237.44,5056.85,6180.59,899.0
2025-02-01,SPK-LIME,Mountain,Grocery,2006,28081.89,12636.85,15445.04,2246.55
2025-02-01,SPK-LIME,Northeast,Club,1503,21035.37,9465.92,11569.45,1682.83
2025-02-01,SPK-LIME,Northeast,Convenience,1734,24270.26,10921.62,13348.64,1941.62
2025-02-01,SPK-LIME,Northeast,Ecommerce,739,10345.97,4655.69,5690.28,827.68
2025-02-01,SPK-LIME,Northeast,Foodservice,1070,14975.69,6739.06,8236.63,1198.06
2025-02-01,SPK-LIME,Northeast,Grocery,2677,37471.68,16862.26,20609.42,2997.73
2025-02-01,SPK-LIME,South,Club,1834,25675.97,11554.19,14121.78,2054.08
2025-02-01,SPK-LIME,South,Convenience,2034,28479.41,12815.73,15663.68,2278.35
2025-02-01,SPK-LIME,South,Ecommerce,940,13161.01,5922.45,7238.56,1052.88
2025-02-01,SPK-LIME,South,Foodservice,1277,17880.25,8046.11,9834.14,1430.42
2025-02-01,SPK-LIME,South,Grocery,3146,44043.49,19819.57,24223.92,3523.48
2025-02-01,SPK-LIME,West,Club,2163,30275.36,13623.91,16651.45,2422.03
2025-02-01,SPK-LIME,West,Convenience,2478,34691.13,15611.01,19080.12,2775.29
2025-02-01,SPK-LIME,West,Ecommerce,1139,15946.31,7175.84,8770.47,1275.7
2025-02-01,SPK-LIME,West,Foodservice,1592,22285.04,10028.27,12256.77,1782.8
2025-02-01,SPK-LIME,West,Grocery,3724,52138.49,23462.32,28676.17,4171.08
2025-02-01,SPK-PLAIN,Midwest,Club,1194,16719.74,7523.88,9195.86,1337.58
2025-02-01,SPK-PLAIN,Midwest,Convenience,1380,19326.59,8696.97,10629.62,1546.13
2025-02-01,SPK-PLAIN,Midwest,Ecommerce,613,8587.76,3864.49,4723.27,687.02
2025-02-01,SPK-PLAIN,Midwest,Foodservice,869,12161.77,5472.8,6688.97,972.94
2025-02-01,SPK-PLAIN,Midwest,Grocery,2042,28585.69,12863.56,15722.13,2286.86
2025-02-01,SPK-PLAIN,Mountain,Club,829,11605.62,5222.53,6383.09,928.45
2025-02-01,SPK-PLAIN,Mountain,Convenience,948,13274.27,5973.42,7300.85,1061.94
2025-02-01,SPK-PLAIN,Mountain,Ecommerce,433,6061.54,2727.69,3333.85,484.92
2025-02-01,SPK-PLAIN,Mountain,Foodservice,585,8193.88,3687.25,4506.63,655.51
2025-02-01,SPK-PLAIN,Mountain,Grocery,1447,20264.32,9118.94,11145.38,1621.15
2025-02-01,SPK-PLAIN,Northeast,Club,1123,15716.37,7072.37,8644.0,1257.31
2025-02-01,SPK-PLAIN,Northeast,Convenience,1213,16981.42,7641.64,9339.78,1358.51
2025-02-01,SPK-PLAIN,Northeast,Ecommerce,571,7992.67,3596.7,4395.97,639.41
2025-02-01,SPK-PLAIN,Northeast,Foodservice,799,11181.47,5031.66,6149.81,894.52
2025-02-01,SPK-PLAIN,Northeast,Grocery,1877,26277.48,11824.87,14452.61,2102.2
2025-02-01,SPK-PLAIN,South,Club,1307,18293.77,8232.2,10061.57,1463.5
2025-02-01,SPK-PLAIN,South,Convenience,1429,20007.03,9003.16,11003.87,1600.56
2025-02-01,SPK-PLAIN,South,Ecommerce,696,9745.66,4385.55,5360.11,779.65
2025-02-01,SPK-PLAIN,South,Foodservice,960,13435.95,6046.18,7389.77,1074.88
2025-02-01,SPK-PLAIN,South,Grocery,2372,33211.02,14944.96,18266.06,2656.88
2025-02-01,SPK-PLAIN,West,Club,1648,23078.36,10385.26,12693.1,1846.27
2025-02-01,SPK-PLAIN,West,Convenience,1773,24826.73,11172.03,13654.7,1986.14
2025-02-01,SPK-PLAIN,West,Ecommerce,781,10930.28,4918.63,6011.65,874.42
2025-02-01,SPK-PLAIN,West,Foodservice,1143,16002.03,7200.91,8801.12,1280.16
2025-02-01,SPK-PLAIN,West,Grocery,2824,39534.82,17790.67,21744.15,3162.79
2025-02-01,STL-1L,Midwest,Club,19141,172271.83,106808.53,65463.3,10336.31
2025-02-01,STL-1L,Midwest,Convenience,4551,40961.85,25396.35,15565.5,2457.71
2025-02-01,STL-1L,Midwest,Ecommerce,2041,18367.88,11388.09,6979.79,1102.07
2025-02-01,STL-1L,Midwest,Foodservice,2804,25234.8,15645.58,9589.22,1514.09
2025-02-01,STL-1L,Midwest,Grocery,7146,64318.41,39877.41,24441.0,3859.1
2025-02-01,STL-1L,Mountain,Club,3024,27215.11,16873.37,10341.74,1632.91
2025-02-01,STL-1L,Mountain,Convenience,3190,28713.53,17802.39,10911.14,1722.81
2025-02-01,STL-1L,Mountain,Ecommerce,1453,13077.26,8107.9,4969.36,784.64
2025-02-01,STL-1L,Mountain,Foodservice,2007,18059.61,11196.96,6862.65,1083.58
2025-02-01,STL-1L,Mountain,Grocery,5073,45654.09,28305.54,17348.55,2739.25
2025-02-01,STL-1L,Northeast,Club,3628,32652.42,20244.5,12407.92,1959.15
2025-02-01,STL-1L,Northeast,Convenience,4260,38338.34,23769.77,14568.57,2300.3
2025-02-01,STL-1L,Northeast,Ecommerce,1825,16424.34,10183.09,6241.25,985.46
2025-02-01,STL-1L,Northeast,Foodservice,2624,23614.07,14640.72,8973.35,1416.84
2025-02-01,STL-1L,Northeast,Grocery,6395,57554.55,35683.82,21870.73,3453.27
2025-02-01,STL-1L,South,Club,4390,39512.52,24497.76,15014.76,2370.75
2025-02-01,STL-1L,South,Convenience,4996,44962.17,27876.55,17085.62,2697.73
2025-02-01,STL-1L,South,Ecommerce,2227,20041.04,12425.44,7615.6,1202.46
2025-02-01,STL-1L,South,Foodservice,3150,28352.37,17578.47,10773.9,1701.14
2025-02-01,STL-1L,South,Grocery,7809,70279.78,43573.46,26706.32,4216.79
2025-02-01,STL-1L,West,Club,5466,49198.42,30503.02,18695.4,2951.91
2025-02-01,STL-1L,West,Convenience,5864,52776.75,32721.59,20055.16,3166.6
2025-02-01,STL-1L,West,Ecommerce,2617,23554.54,14603.81,8950.73,1413.27
2025-02-01,STL-1L,West,Foodservice,3834,34508.49,21395.26,13113.23,2070.51
2025-02-01,STL-1L,West,Grocery,9459,85133.42,52782.72,32350.7,5108.01
2025-02-01,STL-500,Midwest,Club,4426,39831.96,24695.82,15136.14,2389.92
2025-02-01,STL-500,Midwest,Convenience,4833,43493.13,26965.74,16527.39,2609.59
2025-02-01,STL-500,Midwest,Ecommerce,2239,20150.52,12493.32,7657.2,1209.03
2025-02-01,STL-500,Midwest,Foodservice,3184,28652.05,17764.27,10887.78,1719.12
2025-02-01,STL-500,Midwest,Grocery,7572,68149.49,42252.68,25896.81,4088.97
2025-02-01,STL-500,Mountain,Club,3218,28965.6,17958.67,11006.93,1737.94
2025-02-01,STL-500,Mountain,Convenience,3431,30877.56,19144.09,11733.47,1852.65
2025-02-01,STL-500,Mountain,Ecommerce,1576,14183.66,8793.87,5389.79,851.02
2025-02-01,STL-500,Mountain,Foodservice,2255,20294.01,12582.29,7711.72,1217.64
2025-02-01,STL-500,Mountain,Grocery,5249,47244.92,29291.85,17953.07,2834.7
2025-02-01,STL-500,Northeast,Club,4101,36906.26,22881.88,14024.38,2214.38
2025-02-01,STL-500,Northeast,Convenience,4491,40419.42,25060.04,15359.38,2425.17
2025-02-01,STL-500,Northeast,Ecommerce,2076,18686.03,11585.34,7100.69,1121.16
2025-02-01,STL-500,Northeast,Foodservice,2747,24720.42,15326.66,9393.76,1483.23
2025-02-01,STL-500,Northeast,Grocery,7036,63322.52,39259.96,24062.56,3799.35
2025-02-01,STL-500,South,Club,5079,45709.28,28339.75,17369.53,2742.56
2025-02-01,STL-500,South,Convenience,5426,48831.51,30275.54,18555.97,2929.89
2025-02-01,STL-500,South,Ecommerce,2434,21903.91,13580.42,8323.49,1314.23
2025-02-01,STL-500,South,Foodservice,3401,30611.09,18978.88,11632.21,1836.67
2025-02-01,STL-500,South,Grocery,8452,76070.11,47163.47,28906.64,4564.21
2025-02-01,STL-500,West,Club,5931,53382.31,33097.03,20285.28,3202.94
2025-02-01,STL-500,West,Convenience,6628,59649.59,36982.75,22666.84,3578.98
2025-02-01,STL-500,West,Ecommerce,2805,25243.19,15650.78,9592.41,1514.59
2025-02-01,STL-500,West,Foodservice,3965,35687.23,22126.08,13561.15,2141.23
2025-02-01,STL-500,West,Grocery,10132,91191.12,56538.49,34652.63,5471.47
2025-03-01,COLA-CHERRY,Midwest,Club,2609,31303.89,17217.14,14086.75,4382.54
2025-03-01,COLA-CHERRY,Midwest,Convenience,2959,35507.61,19529.19,15978.42,4971.07
2025-03-01,COLA-CHERRY,Midwest,Ecommerce,1317,15798.96,8689.43,7109.53,2211.85
2025-03-01,COLA-CHERRY,Midwest,Foodservice,1854,22246.85,12235.77,10011.08,3114.56
2025-03-01,COLA-CHERRY,Midwest,Grocery,4676,56110.5,30860.78,25249.72,7855.47
2025-03-01,COLA-CHERRY,Mountain,Club,1827,21927.49,12060.12,9867.37,3069.85
2025-03-01,COLA-CHERRY,Mountain,Convenience,2044,24525.18,13488.85,11036.33,3433.53
2025-03-01,COLA-CHERRY,Mountain,Ecommerce,921,11053.21,6079.27,4973.94,1547.45
2025-03-01,COLA-CHERRY,Mountain,Foodservice,1249,14990.67,8244.87,6745.8,2098.69
2025-03-01,COLA-CHERRY,Mountain,Grocery,3252,39027.5,21465.12,17562.38,5463.85
2025-03-01,COLA-CHERRY,Northeast,Club,2311,27733.57,15253.46,12480.11,3882.7
2025-03-01,COLA-CHERRY,Northeast,Convenience,2617,31407.0,17273.85,14133.15,4396.98
2025-03-01,COLA-CHERRY,Northeast,Ecommerce,1196,14346.81,7890.75,6456.06,2008.55
2025-03-01,COLA-CHERRY,Northeast,Foodservice,1649,19787.94,10883.37,8904.57,2770.31
2025-03-01,COLA-CHERRY,Northeast,Grocery,4045,48543.56,26698.96,21844.6,6796.1
2025-03-01,COLA-CHERRY,South,Club,2942,35306.74,19418.71,15888.03,4942.94
2025-03-01,COLA-CHERRY,South,Convenience,3301,39609.01,21784.96,17824.05,5545.26
2025-03-01,COLA-CHERRY,South,Ecommerce,1481,17769.91,9773.45,7996.46,2487.79
2025-03-01,COLA-CHERRY,South,Foodservice,2035,24420.24,13431.13,10989.11,3418.83
2025-03-01,COLA-CHERRY,South,Grocery,4894,58725.21,32298.87,26426.34,8221.53
2025-03-01,COLA-CHERRY,West,Club,3474,41689.63,22929.3,18760.33,5836.55
2025-03-01,COLA-CHERRY,West,Convenience,3874,46488.96,25568.93,20920.03,6508.45
2025-03-01,COLA-CHERRY,West,Ecommerce,1731,20768.1,11422.46,9345.64,2907.53
2025-03-01,COLA-CHERRY,West,Foodservice,2466,29591.42,16275.28,13316.14,4142.8
2025-03-01,COLA-CHERRY,West,Grocery,6067,72802.18,40041.2,32760.98,10192.31
2025-03-01,COLA-DIET,Midwest,Club,14099,169182.21,93050.22,76131.99,23685.51
2025-03-01,COLA-DIET,Midwest,Convenience,3414,40969.84,22533.41,18436.43,5735.78
2025-03-01,COLA-DIET,Midwest,Ecommerce,1598,19172.98,10545.14,8627.84,2684.22
2025-03-01,COLA-DIET,Midwest,Foodservice,2238,26853.72,14769.55,12084.17,3759.52
2025-03-01,COLA-DIET,Midwest,Grocery,5244,62922.57,34607.41,28315.16,8809.16
2025-03-01,COLA-DIET,Mountain,Club,2157,25884.11,14236.26,11647.85,3623.78
2025-03-01,COLA-DIET,Mountain,Convenience,2421,29054.86,15980.17,13074.69,4067.68
2025-03-01,COLA-DIET,Mountain,Ecommerce,1119,13426.91,7384.8,6042.11,1879.77
2025-03-01,COLA-DIET,Mountain,Foodservice,1552,18621.37,10241.75,8379.62,2606.99
2025-03-01,COLA-DIET,Mountain,Grocery,3780,45361.35,24948.74,20412.61,6350.59
2025-03-01,COLA-DIET,Northeast,Club,2903,34830.72,19156.9,15673.82,4876.3
2025-03-01,COLA-DIET,Northeast,Convenience,3198,38379.16,21108.54,17270.62,5373.08
2025-03-01,COLA-DIET,Northeast,Ecommerce,1392,16707.68,9189.22,7518.46,2339.08
2025-03-01,COLA-DIET,Northeast,Foodservice,2073,24871.39,13679.26,11192.13,3481.99
2025-03-01,COLA-DIET,Northeast,Grocery,5039,60462.28,33254.25,27208.03,8464.72
2025-03-01,COLA-DIET,South,Club,3426,41106.05,22608.33,18497.72,5754.85
2025-03-01,COLA-DIET,South,Convenience,3706,44476.16,24461.89,20014.27,6226.66
2025-03-01,COLA-DIET,South,Ecommerce,1699,20391.42,11215.28,9176.14,2854.8
2025-03-01,COLA-DIET,South,Foodservice,2463,29556.92,16256.31,13300.61,4137.97
2025-03-01,COLA-DIET,South,Grocery,6171,74053.37,40729.35,33324.02,10367.47
2025-03-01,COLA-DIET,West,Club,4132,49579.46,27268.7,22310.76,6941.12
2025-03-01,COLA-DIET,West,Convenience,4517,54209.69,29815.33,24394.36,7589.36
2025-03-01,COLA-DIET,West,Ecommerce,2051,24607.17,13533.94,11073.23,3445.0
2025-03-01,COLA-DIET,West,Foodservice,2802,33628.23,18495.53,15132.7,4707.95
2025-03-01,COLA-DIET,West,Grocery,6955,83464.17,45905.29,37558.88,11684.98
2025-03-01,COLA-REG,Midwest,Club,15494,185931.16,102262.14,83669.02,26030.36
2025-03-01,COLA-REG,Midwest,Convenience,4493,53911.56,29651.36,24260.2,7547.62
2025-03-01,COLA-REG,Midwest,Ecommerce,2041,24493.02,13471.16,11021.86,3429.02
2025-03-01,COLA-REG,Midwest,Foodservice,2979,35749.04,19661.97,16087.07,5004.87
2025-03-01,COLA-REG,Midwest,Grocery,6983,83798.07,46088.94,37709.13,11731.73
2025-03-01,COLA-REG,Mountain,Club,3019,36227.45,19925.1,16302.35,5071.84
2025-03-01,COLA-REG,Mountain,Convenience,3217,38603.79,21232.08,17371.71,5404.53
2025-03-01,COLA-REG,Mountain,Ecommerce,1504,18052.19,9928.7,8123.49,2527.31
2025-03-01,COLA-REG,Mountain,Foodservice,2012,24140.28,13277.15,10863.13,3379.64
2025-03-01,COLA-REG,Mountain,Grocery,4926,59107.49,32509.12,26598.37,8275.05
2025-03-01,COLA-REG,Northeast,Club,3760,45126.0,24819.3,20306.7,6317.64
2025-03-01,COLA-REG,Northeast,Convenience,4241,50895.93,27992.76,22903.17,7125.43
2025-03-01,COLA-REG,Northeast,Ecommerce,1902,22825.02,12553.76,10271.26,3195.5
2025-03-01,COLA-REG,Northeast,Foodservice,2730,32756.27,18015.95,14740.32,4585.88
2025-03-01,COLA-REG,Northeast,Grocery,6346,76149.09,41882.0,34267.09,10660.87
2025-03-01,COLA-REG,South,Club,4568,54818.38,30150.11,24668.27,7674.57
2025-03-01,COLA-REG,South,Convenience,5021,60256.63,33141.15,27115.48,8435.93
2025-03-01,COLA-REG,South,Ecommerce,2301,27613.49,15187.42,12426.07,3865.89
2025-03-01,COLA-REG,South,Foodservice,3353,40231.68,22127.42,18104.26,5632.44
2025-03-01,COLA-REG,South,Grocery,7736,92831.75,51057.46,41774.29,12996.45
2025-03-01,COLA-REG,West,Club,5580,66963.56,36829.96,30133.6,9374.9
2025-03-01,COLA-REG,West,Convenience,6119,73432.67,40387.97,33044.7,10280.57
2025-03-01,COLA-REG,West,Ecommerce,2702,32419.25,17830.59,14588.66,4538.7
2025-03-01,COLA-REG,West,Foodservice,3732,44785.39,24631.96,20153.43,6269.95
2025-03-01,COLA-REG,West,Grocery,9293,111511.78,61331.48,50180.3,15611.65
2025-03-01,ENG-ORIG,Midwest,Club,1423,31314.32,12525.73,18788.59,3444.58
2025-03-01,ENG-ORIG,Midwest,Convenience,1532,33707.13,13482.85,20224.28,3707.78
2025-03-01,ENG-ORIG,Midwest,Ecommerce,709,15599.37,6239.75,9359.62,1715.93
2025-03-01,ENG-ORIG,Midwest,Foodservice,971,21357.73,8543.09,12814.64,2349.35
2025-03-01,ENG-ORIG,Midwest,Grocery,2465,54223.4,21689.36,32534.04,5964.57
2025-03-01,ENG-ORIG,Mountain,Club,1029,22632.46,9052.98,13579.48,2489.57
2025-03-01,ENG-ORIG,Mountain,Convenience,1093,24054.89,9621.96,14432.93,2646.04
2025-03-01,ENG-ORIG,Mountain,Ecommerce,517,11369.41,4547.76,6821.65,1250.64
2025-03-01,ENG-ORIG,Mountain,Foodservice,691,15206.06,6082.42,9123.64,1672.67
2025-03-01,ENG-ORIG,Mountain,Grocery,1682,37005.11,14802.04,22203.07,4070.56
2025-03-01,ENG-ORIG,Northeast,Club,1246,27407.49,10963.0,16444.49,3014.82
2025-03-01,ENG-ORIG,Northeast,Convenience,1436,31586.9,12634.76,18952.14,3474.56
2025-03-01,ENG-ORIG,Northeast,Ecommerce,647,14240.17,5696.07,8544.1,1566.42
2025-03-01,ENG-ORIG,Northeast,Foodservice,874,19231.31,7692.52,11538.79,2115.44
2025-03-01,ENG-ORIG,Northeast,Grocery,2182,47998.45,19199.38,28799.07,5279.83
2025-03-01,ENG-ORIG,South,Club,1626,35768.89,14307.56,21461.33,3934.58
2025-03-01,ENG-ORIG,South,Convenience,1750,38489.48,15395.79,23093.69,4233.84
2025-03-01,ENG-ORIG,South,Ecommerce,817,17973.9,7189.56,10784.34,1977.13
2025-03-01,ENG-ORIG,South,Foodservice,1089,23957.49,9583.0,14374.49,2635.32
2025-03-01,ENG-ORIG,South,Grocery,2685,59079.9,23631.96,35447.94,6498.79
2025-03-01,ENG-ORIG,West,Club,1855,40799.95,16319.98,24479.97,4487.99
2025-03-01,ENG-ORIG,West,Convenience,2084,45858.37,18343.35,27515.02,5044.42
2025-03-01,ENG-ORIG,West,Ecommerce,943,20744.43,8297.77,12446.66,2281.89
2025-03-01,ENG-ORIG,West,Foodservice,1268,27904.7,11161.88,16742.82,3069.52
2025-03-01,ENG-ORIG,West,Grocery,3239,71247.17,28498.87,42748.3,7837.19
2025-03-01,ENG-ZERO,Midwest,Club,1135,24963.48,9985.39,14978.09,2745.98
2025-03-01,ENG-ZERO,Midwest,Convenience,1291,28393.4,11357.36,17036.04,3123.27
2025-03-01,ENG-ZERO,Midwest,Ecommerce,588,12926.38,5170.55,7755.83,1421.9
2025-03-01,ENG-ZERO,Midwest,Foodservice,795,17500.8,7000.32,10500.48,1925.09
2025-03-01,ENG-ZERO,Midwest,Grocery,2014,44317.22,17726.89,26590.33,4874.89
2025-03-01,ENG-ZERO,Mountain,Club,811,17836.76,7134.7,10702.06,1962.04
2025-03-01,ENG-ZERO,Mountain,Convenience,867,19071.55,7628.62,11442.93,2097.87
2025-03-01,ENG-ZERO,Mountain,Ecommerce,394,8660.58,3464.23,5196.35,952.66
2025-03-01,ENG-ZERO,Mountain,Foodservice,552,12148.64,4859.46,7289.18,1336.35
2025-03-01,ENG-ZERO,Mountain,Grocery,1309,28800.52,11520.21,17280.31,3168.06
2025-03-01,ENG-ZERO,Northeast,Club,1007,22155.15,8862.06,13293.09,2437.07
2025-03-01,ENG-ZERO,Northeast,Convenience,1125,24743.73,9897.49,14846.24,2721.81
2025-03-01,ENG-ZERO,Northeast,Ecommerce,516,11361.17,4544.47,6816.7,1249.73
2025-03-01,ENG-ZERO,Northeast,Foodservice,712,15662.61,6265.04,9397.57,1722.89
2025-03-01,ENG-ZERO,Northeast,Grocery,1693,37238.79,14895.52,22343.27,4096.27
2025-03-01,ENG-ZERO,South,Club,1291,28411.02,11364.41,17046.61,3125.21
2025-03-01,ENG-ZERO,South,Convenience,1407,30958.04,12383.22,18574.82,3405.38
2025-03-01,ENG-ZERO,South,Ecommerce,637,14022.11,5608.84,8413.27,1542.43
2025-03-01,ENG-ZERO,South,Foodservice,889,19560.76,7824.3,11736.46,2151.68
2025-03-01,ENG-ZERO,South,Grocery,2123,46699.55,18679.82,28019.73,5136.95
2025-03-01,ENG-ZERO,West,Club,1532,33709.02,13483.61,20225.41,3707.99
2025-03-01,ENG-ZERO,West,Convenience,1621,35652.47,14260.99,21391.48,3921.77
2025-03-01,ENG-ZERO,West,Ecommerce,737,16217.42,6486.97,9730.45,1783.92
2025-03-01,ENG-ZERO,West,Foodservice,1054,23194.54,9277.82,13916.72,2551.4
2025-03-01,ENG-ZERO,West,Grocery,2485,54661.54,21864.62,32796.92,6012.77
2025-03-01,JUC-APPLE,Midwest,Club,2144,34305.11,19896.96,14408.15,3087.46
2025-03-01,JUC-APPLE,Midwest,Convenience,2401,38409.75,22277.65,16132.1,3456.88
2025-03-01,JUC-APPLE,Midwest,Ecommerce,1078,17253.79,10007.2,7246.59,1552.84
2025-03-01,JUC-APPLE,Midwest,Foodservice,1475,23605.33,13691.09,9914.24,2124.48
2025-03-01,JUC-APPLE,Midwest,Grocery,3621,57937.19,33603.57,24333.62,5214.35
2025-03-01,JUC-APPLE,Mountain,Club,1508,24125.82,13992.98,10132.84,2171.32
2025-03-01,JUC-APPLE,Mountain,Convenience,1632,26110.81,15144.27,10966.54,2349.97
2025-03-01,JUC-APPLE,Mountain,Ecommerce,717,11471.69,6653.58,4818.11,1032.45
2025-03-01,JUC-APPLE,Mountain,Foodservice,1038,16612.73,9635.38,6977.35,1495.15
2025-03-01,JUC-APPLE,Mountain,Grocery,2462,39398.93,22851.38,16547.55,3545.9
2025-03-01,JUC-APPLE,Northeast,Club,1931,30895.1,17919.16,12975.94,2780.56
2025-03-01,JUC-APPLE,Northeast,Convenience,2071,33139.43,19220.87,13918.56,2982.55
2025-03-01,JUC-APPLE,Northeast,Ecommerce,981,15695.78,9103.55,6592.23,1412.62
2025-03-01,JUC-APPLE,Northeast,Foodservice,1366,21862.63,12680.33,9182.3,1967.64
2025-03-01,JUC-APPLE,Northeast,Grocery,3310,52962.68,30718.35,22244.33,4766.64
2025-03-01,JUC-APPLE,South,Club,2266,36257.4,21029.29,15228.11,3263.17
2025-03-01,JUC-APPLE,South,Convenience,2515,40240.48,23339.48,16901.0,3621.64
2025-03-01,JUC-APPLE,South,Ecommerce,1122,17947.75,10409.7,7538.05,1615.3
2025-03-01,JUC-APPLE,South,Foodservice,1691,27062.56,15696.28,11366.28,2435.63
2025-03-01,JUC-APPLE,South,Grocery,4010,64156.88,37210.99,26945.89,5774.12
2025-03-01,JUC-APPLE,West,Club,2847,45545.9,26416.62,19129.28,4099.13
2025-03-01,JUC-APPLE,West,Convenience,3044,48704.94,28248.87,20456.07,4383.44
2025-03-01,JUC-APPLE,West,Ecommerce,1341,21455.45,12444.16,9011.29,1930.99
2025-03-01,JUC-APPLE,West,Foodservice,1880,30085.57,17449.63,12635.94,2707.7
2025-03-01,JUC-APPLE,West,Grocery,4686,74981.5,43489.27,31492.23,6748.34
2025-03-01,JUC-MANGO,Midwest,Club,1744,27901.85,16183.07,11718.78,2511.17
2025-03-01,JUC-MANGO,Midwest,Convenience,1980,31682.9,18376.08,13306.82,2851.46
2025-03-01,JUC-MANGO,Midwest,Ecommerce,863,13814.2,8012.24,5801.96,1243.28
2025-03-01,JUC-MANGO,Midwest,Foodservice,1176,18821.55,10916.5,7905.05,1693.94
2025-03-01,JUC-MANGO,Midwest,Grocery,2970,47522.7,27563.17,19959.53,4277.04
2025-03-01,JUC-MANGO,Mountain,Club,1212,19395.64,11249.47,8146.17,1745.61
2025-03-01,JUC-MANGO,Mountain,Convenience,1322,21154.16,12269.41,8884.75,1903.87
2025-03-01,JUC-MANGO,Mountain,Ecommerce,588,9415.5,5460.99,3954.51,847.4
2025-03-01,JUC-MANGO,Mountain,Foodservice,828,13251.34,7685.78,5565.56,1192.62
2025-03-01,JUC-MANGO,Mountain,Grocery,2002,32024.16,18574.01,13450.15,2882.17
2025-03-01,JUC-MANGO,Northeast,Club,1523,24370.4,14134.83,10235.57,2193.34
2025-03-01,JUC-MANGO,Northeast,Convenience,1692,27065.6,15698.05,11367.55,2435.9
2025-03-01,JUC-MANGO,Northeast,Ecommerce,788,12604.29,7310.49,5293.8,1134.39
2025-03-01,JUC-MANGO,Northeast,Foodservice,1119,17908.3,10386.81,7521.49,1611.75
2025-03-01,JUC-MANGO,Northeast,Grocery,2708,43327.17,25129.76,18197.41,3899.45
2025-03-01,JUC-MANGO,South,Club,1932,30906.38,17925.7,12980.68,2781.57
2025-03-01,JUC-MANGO,South,Convenience,2151,34409.06,19957.25,14451.81,3096.82
2025-03-01,JUC-MANGO,South,Ecommerce,989,15830.29,9181.57,6648.72,1424.73
2025-03-01,JUC-MANGO,South,Foodservice,1326,21209.78,12301.67,8908.11,1908.88
2025-03-01,JUC-MANGO,South,Grocery,3138,50202.06,29117.19,21084.87,4518.19
2025-03-01,JUC-MANGO,West,Club,2220,35525.44,20604.76,14920.68,3197.29
2025-03-01,JUC-MANGO,West,Convenience,2473,39565.44,22947.96,16617.48,3560.89
2025-03-01,JUC-MANGO,West,Ecommerce,1171,18738.83,10868.52,7870.31,1686.49
2025-03-01,JUC-MANGO,West,Foodservice,1587,25389.1,14725.68,10663.42,2285.02
2025-03-01,JUC-MANGO,West,Grocery,3941,63058.64,36574.01,26484.63,5675.28
2025-03-01,JUC-ORANGE,Midwest,Club,2513,40214.22,23324.25,16889.97,3619.28
2025-03-01,JUC-ORANGE,Midwest,Convenience,2722,43547.13,25257.34,18289.79,3919.24
2025-03-01,JUC-ORANGE,Midwest,Ecommerce,1216,19448.67,11280.23,8168.44,1750.38
2025-03-01,JUC-ORANGE,Midwest,Foodservice,1759,28143.05,16322.97,11820.08,2532.87
2025-03-01,JUC-ORANGE,Midwest,Grocery,4224,67580.23,39196.53,28383.7,6082.22
2025-03-01,JUC-ORANGE,Mountain,Club,1781,28495.68,16527.49,11968.19,2564.61
2025-03-01,JUC-ORANGE,Mountain,Convenience,1904,30461.84,17667.87,12793.97,2741.57
2025-03-01,JUC-ORANGE,Mountain,Ecommerce,897,14358.51,8327.94,6030.57,1292.27
2025-03-01,JUC-ORANGE,Mountain,Foodservice,1247,19944.9,11568.04,8376.86,1795.04
2025-03-01,JUC-ORANGE,Mountain,Grocery,3040,48641.31,28211.96,20429.35,4377.72
2025-03-01,JUC-ORANGE,Northeast,Club,2203,35243.96,20441.5,14802.46,3171.96
2025-03-01,JUC-ORANGE,Northeast,Convenience,2551,40814.33,23672.31,17142.02,3673.29
2025-03-01,JUC-ORANGE,Northeast,Ecommerce,1154,18466.27,10710.44,7755.83,1661.96
2025-03-01,JUC-ORANGE,Northeast,Foodservice,1548,24768.47,14365.71,10402.76,2229.16
2025-03-01,JUC-ORANGE,Northeast,Grocery,3847,61548.44,35698.1,25850.34,5539.36
2025-03-01,JUC-ORANGE,South,Club,2738,43815.48,25412.98,18402.5,3943.39
2025-03-01,JUC-ORANGE,South,Convenience,3088,49409.27,28657.38,20751.89,4446.83
2025-03-01,JUC-ORANGE,South,Ecommerce,1368,21887.67,12694.85,9192.82,1969.89
2025-03-01,JUC-ORANGE,South,Foodservice,1973,31572.24,18311.9,13260.34,2841.5
2025-03-01,JUC-ORANGE,South,Grocery,4817,77067.35,44699.06,32368.29,6936.06
2025-03-01,JUC-ORANGE,West,Club,3217,51469.64,29852.39,21617.25,4632.27
2025-03-01,JUC-ORANGE,West,Convenience,3684,58941.12,34185.85,24755.27,5304.7
2025-03-01,JUC-ORANGE,West,Ecommerce,1606,25699.73,14905.84,10793.89,2312.98
2025-03-01,JUC-ORANGE,West,Foodservice,2295,36721.88,21298.69,15423.19,3304.97
2025-03-01,JUC-ORANGE,West,Grocery,5622,89955.24,52174.04,37781.2,8095.97
2025-03-01,ROOT-BEER,Midwest,Club,2679,32145.4,17679.97,14465.43,4500.36
2025-03-01,ROOT-BEER,Midwest,Convenience,2836,34035.77,18719.67,15316.1,4765.01
2025-03-01,ROOT-BEER,Midwest,Ecommerce,1334,16010.67,8805.87,7204.8,2241.49
2025-03-01,ROOT-BEER,Midwest,Foodservice,1799,21588.46,11873.65,9714.81,3022.38
2025-03-01,ROOT-BEER,Midwest,Grocery,4447,53366.55,29351.6,24014.95,7471.32
2025-03-01,ROOT-BEER,Mountain,Club,1804,21648.73,11906.8,9741.93,3030.82
2025-03-01,ROOT-BEER,Mountain,Convenience,2046,24548.35,13501.59,11046.76,3436.77
2025-03-01,ROOT-BEER,Mountain,Ecommerce,931,11167.0,6141.85,5025.15,1563.38
2025-03-01,ROOT-BEER,Mountain,Foodservice,1256,15075.71,8291.64,6784.07,2110.6
2025-03-01,ROOT-BEER,Mountain,Grocery,3146,37751.58,20763.37,16988.21,5285.22
2025-03-01,ROOT-BEER,Northeast,Club,2405,28865.01,15875.76,12989.25,4041.1
2025-03-01,ROOT-BEER,Northeast,Convenience,2624,31486.0,17317.3,14168.7,4408.04
2025-03-01,ROOT-BEER,Northeast,Ecommerce,1202,14425.04,7933.77,6491.27,2019.51
2025-03-01,ROOT-BEER,Northeast,Foodservice,1710,20521.68,11286.92,9234.76,2873.04
2025-03-01,ROOT-BEER,Northeast,Grocery,4162,49940.49,27467.27,22473.22,6991.67
2025-03-01,ROOT-BEER,South,Club,2862,34346.46,18890.55,15455.91,4808.5
2025-03-01,ROOT-BEER,South,Convenience,3195,38336.12,21084.87,17251.25,5367.06
2025-03-01,ROOT-BEER,South,Ecommerce,1439,17264.17,9495.29,7768.88,2416.98
2025-03-01,ROOT-BEER,South,Foodservice,2120,25442.98,13993.64,11449.34,3562.02
2025-03-01,ROOT-BEER,South,Grocery,5116,61386.55,33762.6,27623.95,8594.12
2025-03-01,ROOT-BEER,West,Club,3477,41724.66,22948.56,18776.1,5841.45
2025-03-01,ROOT-BEER,West,Convenience,3892,46699.49,25684.72,21014.77,6537.93
2025-03-01,ROOT-BEER,West,Ecommerce,1700,20405.36,11222.95,9182.41,2856.75
2025-03-01,ROOT-BEER,West,Foodservice,2326,27916.38,15354.01,12562.37,3908.29
2025-03-01,ROOT-BEER,West,Grocery,5837,70048.47,38526.66,31521.81,9806.79
2025-03-01,SPK-BERRY,Midwest,Club,1827,25576.5,11509.42,14067.08,2046.12
2025-03-01,SPK-BERRY,Midwest,Convenience,1898,26566.19,11954.79,14611.4,2125.3
2025-03-01,SPK-BERRY,Midwest,Ecommerce,875,12252.07,5513.43,6738.64,980.17
2025-03-01,SPK-BERRY,Midwest,Foodservice,1200,16806.03,7562.71,9243.32,1344.48
2025-03-01,SPK-BERRY,Midwest,Grocery,3040,42554.16,19149.37,23404.79,3404.33
2025-03-01,SPK-BERRY,Mountain,Club,1249,17484.6,7868.07,9616.53,1398.77
2025-03-01,SPK-BERRY,Mountain,Convenience,1365,19108.9,8599.0,10509.9,1528.71
2025-03-01,SPK-BERRY,Mountain,Ecommerce,636,8906.62,4007.98,4898.64,712.53
2025-03-01,SPK-BERRY,Mountain,Foodservice,865,12106.72,5448.02,6658.7,968.54
2025-03-01,SPK-BERRY,Mountain,Grocery,2032,28441.45,12798.65,15642.8,2275.32
2025-03-01,SPK-BERRY,Northeast,Club,1543,21597.55,9718.9,11878.65,1727.8
2025-03-01,SPK-BERRY,Northeast,Convenience,1792,25085.1,11288.3,13796.8,2006.81
2025-03-01,SPK-BERRY,Northeast,Ecommerce,819,11468.84,5160.98,6307.86,917.51
2025-03-01,SPK-BERRY,Northeast,Foodservice,1105,15473.41,6963.03,8510.38,1237.87
2025-03-01,SPK-BERRY,Northeast,Grocery,2623,36715.01,16521.75,20193.26,2937.2
2025-03-01,SPK-BERRY,South,Club,1941,27176.13,12229.26,14946.87,2174.09
2025-03-01,SPK-BERRY,South,Convenience,2200,30806.97,13863.14,16943.83,2464.56
2025-03-01,SPK-BERRY,South,Ecommerce,1008,14105.86,6347.64,7758.22,1128.47
2025-03-01,SPK-BERRY,South,Foodservice,1388,19432.03,8744.41,10687.62,1554.56
2025-03-01,SPK-BERRY,South,Grocery,3250,45504.45,20477.0,25027.45,3640.36
2025-03-01,SPK-BERRY,West,Club,2241,31369.72,14116.37,17253.35,2509.58
2025-03-01,SPK-BERRY,West,Convenience,2554,35752.16,16088.47,19663.69,2860.17
2025-03-01,SPK-BERRY,West,Ecommerce,1144,16016.92,7207.61,8809.31,1281.35
2025-03-01,SPK-BERRY,West,Foodservice,1648,23067.93,10380.57,12687.36,1845.43
2025-03-01,SPK-BERRY,West,Grocery,3834,53680.48,24156.22,29524.26,4294.44
2025-03-01,SPK-LIME,Midwest,Club,1948,27276.78,12274.55,15002.23,2182.14
2025-03-01,SPK-LIME,Midwest,Convenience,2020,28283.77,12727.7,15556.07,2262.7
2025-03-01,SPK-LIME,Midwest,Ecommerce,933,13058.31,5876.24,7182.07,1044.66
2025-03-01,SPK-LIME,Midwest,Foodservice,1319,18469.27,8311.17,10158.1,1477.54
2025-03-01,SPK-LIME,Midwest,Grocery,3226,45158.02,20321.11,24836.91,3612.64
2025-03-01,SPK-LIME,Mountain,Club,1272,17806.69,8013.01,9793.68,1424.54
2025-03-01,SPK-LIME,Mountain,Convenience,1449,20283.4,9127.53,11155.87,1622.67
2025-03-01,SPK-LIME,Mountain,Ecommerce,659,9223.17,4150.43,5072.74,737.85
2025-03-01,SPK-LIME,Mountain,Foodservice,909,12728.92,5728.01,7000.91,1018.31
2025-03-01,SPK-LIME,Mountain,Grocery,2313,32386.74,14574.03,17812.71,2590.94
2025-03-01,SPK-LIME,Northeast,Club,1636,22904.34,10306.95,12597.39,1832.35
2025-03-01,SPK-LIME,Northeast,Convenience,1920,26882.68,12097.21,14785.47,2150.61
2025-03-01,SPK-LIME,Northeast,Ecommerce,818,11455.41,5154.93,6300.48,916.43
2025-03-01,SPK-LIME,Northeast,Foodservice,1170,16378.92,7370.51,9008.41,1310.31
2025-03-01,SPK-LIME,Northeast,Grocery,2791,39075.08,17583.79,21491.29,3126.01
2025-03-01,SPK-LIME,South,Club,2132,29844.77,13430.15,16414.62,2387.58
2025-03-01,SPK-LIME,South,Convenience,2229,31209.84,14044.43,17165.41,2496.79
2025-03-01,SPK-LIME,South,Ecommerce,1049,14692.16,6611.47,8080.69,1175.37
2025-03-01,SPK-LIME,South,Foodservice,1464,20493.71,9222.17,11271.54,1639.5
2025-03-01,SPK-LIME,South,Grocery,3641,50969.89,22936.45,28033.44,4077.59
2025-03-01,SPK-LIME,West,Club,2340,32763.49,14743.57,18019.92,2621.08
2025-03-01,SPK-LIME,West,Convenience,2602,36427.11,16392.2,20034.91,2914.17
2025-03-01,SPK-LIME,West,Ecommerce,1256,17588.71,7914.92,9673.79,1407.1
2025-03-01,SPK-LIME,West,Foodservice,1722,24107.49,10848.37,13259.12,1928.6
2025-03-01,SPK-LIME,West,Grocery,4136,57898.19,26054.19,31844.0,4631.86
2025-03-01,SPK-PLAIN,Midwest,Club,1406,19680.14,8856.06,10824.08,1574.41
2025-03-01,SPK-PLAIN,Midwest,Convenience,1520,21286.2,9578.79,11707.41,1702.9
2025-03-01,SPK-PLAIN,Midwest,Ecommerce,688,9626.08,4331.74,5294.34,770.09
2025-03-01,SPK-PLAIN,Midwest,Foodservice,959,13431.86,6044.34,7387.52,1074.55
2025-03-01,SPK-PLAIN,Midwest,Grocery,2333,32659.91,14696.96,17962.95,2612.79
2025-03-01,SPK-PLAIN,Mountain,Club,941,13169.97,5926.49,7243.48,1053.6
2025-03-01,SPK-PLAIN,Mountain,Convenience,1029,14408.86,6483.99,7924.87,1152.71
2025-03-01,SPK-PLAIN,Mountain,Ecommerce,467,6544.86,2945.19,3599.67,523.59
2025-03-01,SPK-PLAIN,Mountain,Foodservice,653,9136.57,4111.46,5025.11,730.93
2025-03-01,SPK-PLAIN,Mountain,Grocery,1586,22197.09,9988.69,12208.4,1775.77
2025-03-01,SPK-PLAIN,Northeast,Club,1217,17032.96,7664.83,9368.13,1362.64
2025-03-01,SPK-PLAIN,Northeast,Convenience,1319,18462.85,8308.28,10154.57,1477.03
2025-03-01,SPK-PLAIN,Northeast,Ecommerce,626,8761.18,3942.53,4818.65,700.89
2025-03-01,SPK-PLAIN,Northeast,Foodservice,823,11525.73,5186.58,6339.15,922.06
2025-03-01,SPK-PLAIN,Northeast,Grocery,2133,29861.55,13437.7,16423.85,2388.92
2025-03-01,SPK-PLAIN,South,Club,1544,21610.75,9724.84,11885.91,1728.86
2025-03-01,SPK-PLAIN,South,Convenience,1591,22272.4,10022.58,12249.82,1781.79
2025-03-01,SPK-PLAIN,South,Ecommerce,771,10795.03,4857.76,5937.27,863.6
2025-03-01,SPK-PLAIN,South,Foodservice,1023,14319.19,6443.64,7875.55,1145.54
2025-03-01,SPK-PLAIN,South,Grocery,2463,34486.32,15518.84,18967.48,2758.91
2025-03-01,SPK-PLAIN,West,Club,1714,23994.86,10797.69,13197.17,1919.59
2025-03-01,SPK-PLAIN,West,Convenience,1950,27304.5,12287.02,15017.48,2184.36
2025-03-01,SPK-PLAIN,West,Ecommerce,913,12779.68,5750.86,7028.82,1022.37
2025-03-01,SPK-PLAIN,West,Foodservice,1217,17034.14,7665.36,9368.78,1362.73
2025-03-01,SPK-PLAIN,West,Grocery,2904,40661.45,18297.65,22363.8,3252.92
2025-03-01,STL-1L,Midwest,Club,19371,174338.45,108089.84,66248.61,10460.31
2025-03-01,STL-1L,Midwest,Convenience,5125,46124.7,28597.31,17527.39,2767.48
2025-03-01,STL-1L,Midwest,Ecommerce,2325,20926.73,12974.57,7952.16,1255.6
2025-03-01,STL-1L,Midwest,Foodservice,3055,27491.91,17044.98,10446.93,1649.51
2025-03-01,STL-1L,Midwest,Grocery,7362,66255.18,41078.21,25176.97,3975.31
2025-03-01,STL-1L,Mountain,Club,3061,27550.82,17081.51,10469.31,1653.05
2025-03-01,STL-1L,Mountain,Convenience,3331,29975.18,18584.61,11390.57,1798.51
2025-03-01,STL-1L,Mountain,Ecommerce,1580,14217.07,8814.58,5402.49,853.02
2025-03-01,STL-1L,Mountain,Foodservice,2241,20165.41,12502.55,7662.86,1209.92
2025-03-01,STL-1L,Mountain,Grocery,5529,49765.13,30854.38,18910.75,2985.91
2025-03-01,STL-1L,Northeast,Club,3910,35186.14,21815.41,13370.73,2111.17
2025-03-01,STL-1L,Northeast,Convenience,4574,41167.86,25524.07,15643.79,2470.07
2025-03-01,STL-1L,Northeast,Ecommerce,2002,18021.79,11173.51,6848.28,1081.31
2025-03-01,STL-1L,Northeast,Foodservice,2779,25011.43,15507.09,9504.34,1500.69
2025-03-01,STL-1L,Northeast,Grocery,6611,59501.36,36890.84,22610.52,3570.08
2025-03-01,STL-1L,South,Club,4758,42818.91,26547.72,16271.19,2569.13
2025-03-01,STL-1L,South,Convenience,5519,49675.16,30798.6,18876.56,2980.51
2025-03-01,STL-1L,South,Ecommerce,2388,21495.56,13327.25,8168.31,1289.73
2025-03-01,STL-1L,South,Foodservice,3586,32275.56,20010.85,12264.71,1936.53
2025-03-01,STL-1L,South,Grocery,8711,78398.6,48607.13,29791.47,4703.92
2025-03-01,STL-1L,West,Club,5836,52527.65,32567.14,19960.51,3151.66
2025-03-01,STL-1L,West,Convenience,6499,58487.04,36261.96,22225.08,3509.22
2025-03-01,STL-1L,West,Ecommerce,2875,25877.87,16044.28,9833.59,1552.67
2025-03-01,STL-1L,West,Foodservice,4018,36158.99,22418.57,13740.42,2169.54
2025-03-01,STL-1L,West,Grocery,10311,92795.05,57532.93,35262.12,5567.7
2025-03-01,STL-500,Midwest,Club,4856,43707.11,27098.41,16608.7,2622.43
2025-03-01,STL-500,Midwest,Convenience,5257,47313.02,29334.07,17978.95,2838.78
2025-03-01,STL-500,Midwest,Ecommerce,2347,21121.76,13095.49,8026.27,1267.31
2025-03-01,STL-500,Midwest,Foodservice,3261,29350.77,18197.48,11153.29,1761.05
2025-03-01,STL-500,Midwest,Grocery,8212,73904.55,45820.82,28083.73,4434.27
2025-03-01,STL-500,Mountain,Club,3296,29665.18,18392.41,11272.77,1779.91
2025-03-01,STL-500,Mountain,Convenience,3683,33148.32,20551.96,12596.36,1988.9
2025-03-01,STL-500,Mountain,Ecommerce,1680,15118.45,9373.44,5745.01,907.11
2025-03-01,STL-500,Mountain,Foodservice,2397,21577.37,13377.97,8199.4,1294.64
2025-03-01,STL-500,Mountain,Grocery,5740,51655.85,32026.63,19629.22,3099.35
2025-03-01,STL-500,Northeast,Club,4326,38931.94,24137.8,14794.14,2335.92
2025-03-01,STL-500,Northeast,Convenience,4760,42835.78,26558.18,16277.6,2570.15
2025-03-01,STL-500,Northeast,Ecommerce,2097,18875.33,11702.7,7172.63,1132.52
2025-03-01,STL-500,Northeast,Foodservice,3150,28348.31,17575.95,10772.36,1700.9
2025-03-01,STL-500,Northeast,Grocery,7425,66829.12,41434.05,25395.07,4009.75
2025-03-01,STL-500,South,Club,5458,49124.58,30457.24,18667.34,2947.47
2025-03-01,STL-500,South,Convenience,5976,53782.74,33345.3,20437.44,3226.96
2025-03-01,STL-500,South,Ecommerce,2627,23642.89,14658.59,8984.3,1418.57
2025-03-01,STL-500,South,Foodservice,3737,33629.81,20850.48,12779.33,2017.79
2025-03-01,STL-500,South,Grocery,8740,78659.92,48769.15,29890.77,4719.6
2025-03-01,STL-500,West,Club,6332,56986.18,35331.43,21654.75,3419.17
2025-03-01,STL-500,West,Convenience,6892,62024.53,38455.21,23569.32,3721.47
2025-03-01,STL-500,West,Ecommerce,3150,28354.21,17579.61,10774.6,1701.25
2025-03-01,STL-500,West,Foodservice,4351,39155.93,24276.68,14879.25,2349.36
2025-03-01,STL-500,West,Grocery,10763,96862.88,60054.99,36807.89,5811.77
2025-04-01,COLA-CHERRY,Midwest,Club,2716,32589.55,17924.25,14665.3,4562.54
2025-04-01,COLA-CHERRY,Midwest,Convenience,2939,35265.2,19395.86,15869.34,4937.13
2025-04-01,COLA-CHERRY,Midwest,Ecommerce,1357,16289.3,8959.12,7330.18,2280.5
2025-04-01,COLA-CHERRY,Midwest,Foodservice,1980,23762.01,13069.11,10692.9,3326.68
2025-04-01,COLA-CHERRY,Midwest,Grocery,4866,58386.95,32112.82,26274.13,8174.17
2025-04-01,COLA-CHERRY,Mountain,Club,1972,23666.36,13016.5,10649.86,3313.29
2025-04-01,COLA-CHERRY,Mountain,Convenience,2161,25931.84,14262.51,11669.33,3630.46
2025-04-01,COLA-CHERRY,Mountain,Ecommerce,995,11942.54,6568.4,5374.14,1671.96
2025-04-01,COLA-CHERRY,Mountain,Foodservice,1391,16697.33,9183.53,7513.8,2337.63
2025-04-01,COLA-CHERRY,Mountain,Grocery,3334,40011.75,22006.46,18005.29,5601.64
2025-04-01,COLA-CHERRY,Northeast,Club,2459,29511.26,16231.19,13280.07,4131.58
2025-04-01,COLA-CHERRY,Northeast,Convenience,2780,33361.54,18348.85,15012.69,4670.62
2025-04-01,COLA-CHERRY,Northeast,Ecommerce,1251,15017.99,8259.89,6758.1,2102.52
2025-04-01,COLA-CHERRY,Northeast,Foodservice,1729,20746.43,11410.54,9335.89,2904.5
2025-04-01,COLA-CHERRY,Northeast,Grocery,4214,50568.62,27812.74,22755.88,7079.61
2025-04-01,COLA-CHERRY,South,Club,2990,35877.97,19732.88,16145.09,5022.92
2025-04-01,COLA-CHERRY,South,Convenience,3254,39044.92,21474.71,17570.21,5466.29
2025-04-01,COLA-CHERRY,South,Ecommerce,1549,18590.98,10225.04,8365.94,2602.74
2025-04-01,COLA-CHERRY,South,Foodservice,2067,24798.41,13639.13,11159.28,3471.78
2025-04-01,COLA-CHERRY,South,Grocery,5105,61260.75,33693.41,27567.34,8576.51
2025-04-01,COLA-CHERRY,West,Club,3561,42737.46,23505.6,19231.86,5983.24
2025-04-01,COLA-CHERRY,West,Convenience,3844,46126.5,25369.58,20756.92,6457.71
2025-04-01,COLA-CHERRY,West,Ecommerce,1833,22000.91,12100.5,9900.41,3080.13
2025-04-01,COLA-CHERRY,West,Foodservice,2552,30625.02,16843.76,13781.26,4287.5
2025-04-01,COLA-CHERRY,West,Grocery,6366,76396.9,42018.3,34378.6,10695.57
2025-04-01,COLA-DIET,Midwest,Club,14504,174049.85,95727.42,78322.43,24366.98
2025-04-01,COLA-DIET,Midwest,Convenience,3615,43381.69,23859.93,19521.76,6073.44
2025-04-01,COLA-DIET,Midwest,Ecommerce,1681,20167.72,11092.25,9075.47,2823.48
2025-04-01,COLA-DIET,Midwest,Foodservice,2390,28680.15,15774.08,12906.07,4015.22
2025-04-01,COLA-DIET,Midwest,Grocery,5849,70187.99,38603.39,31584.6,9826.32
2025-04-01,COLA-DIET,Mountain,Club,2308,27700.1,15235.06,12465.04,3878.01
2025-04-01,COLA-DIET,Mountain,Convenience,2644,31722.91,17447.6,14275.31,4441.21
2025-04-01,COLA-DIET,Mountain,Ecommerce,1134,13611.96,7486.58,6125.38,1905.67
2025-04-01,COLA-DIET,Mountain,Foodservice,1607,19279.39,10603.66,8675.73,2699.11
2025-04-01,COLA-DIET,Mountain,Grocery,4091,49095.97,27002.78,22093.19,6873.44
2025-04-01,COLA-DIET,Northeast,Club,2982,35778.54,19678.2,16100.34,5009.0
2025-04-01,COLA-DIET,Northeast,Convenience,3386,40626.67,22344.67,18282.0,5687.73
2025-04-01,COLA-DIET,Northeast,Ecommerce,1477,17721.31,9746.72,7974.59,2480.98
2025-04-01,COLA-DIET,Northeast,Foodservice,2071,24857.4,13671.57,11185.83,3480.04
2025-04-01,COLA-DIET,Northeast,Grocery,5256,63073.58,34690.47,28383.11,8830.3
2025-04-01,COLA-DIET,South,Club,3620,43438.22,23891.02,19547.2,6081.35
2025-04-01,COLA-DIET,South,Convenience,4076,48909.92,26900.46,22009.46,6847.39
2025-04-01,COLA-DIET,South,Ecommerce,1787,21438.71,11791.29,9647.42,3001.42
2025-04-01,COLA-DIET,South,Foodservice,2494,29929.53,16461.24,13468.29,4190.13
2025-04-01,COLA-DIET,South,Grocery,6230,74765.54,41121.05,33644.49,10467.18
2025-04-01,COLA-DIET,West,Club,4366,52394.46,28816.95,23577.51,7335.22
2025-04-01,COLA-DIET,West,Convenience,4684,56208.79,30914.83,25293.96,7869.23
2025-04-01,COLA-DIET,West,Ecommerce,2128,25541.64,14047.9,11493.74,3575.83
2025-04-01,COLA-DIET,West,Foodservice,2935,35216.53,19369.09,15847.44,4930.31
2025-04-01,COLA-DIET,West,Grocery,7320,87843.02,48313.66,39529.36,12298.02
2025-04-01,COLA-REG,Midwest,Club,15684,188213.19,103517.25,84695.94,26349.85
2025-04-01,COLA-REG,Midwest,Convenience,4729,56746.89,31210.79,25536.1,7944.56
2025-04-01,COLA-REG,Midwest,Ecommerce,2142,25698.25,14134.04,11564.21,3597.76
2025-04-01,COLA-REG,Midwest,Foodservice,3142,37700.74,20735.41,16965.33,5278.1
2025-04-01,COLA-REG,Midwest,Grocery,7266,87193.54,47956.45,39237.09,12207.1
2025-04-01,COLA-REG,Mountain,Club,3086,37030.0,20366.5,16663.5,5184.2
2025-04-01,COLA-REG,Mountain,Convenience,3508,42091.52,23150.34,18941.18,5892.81
2025-04-01,COLA-REG,Mountain,Ecommerce,1597,19169.87,10543.43,8626.44,2683.78
2025-04-01,COLA-REG,Mountain,Foodservice,2235,26821.49,14751.82,12069.67,3755.01
2025-04-01,COLA-REG,Mountain,Grocery,5371,64454.29,35449.86,29004.43,9023.6
2025-04-01,COLA-REG,Northeast,Club,3924,47087.09,25897.9,21189.19,6592.19
2025-04-01,COLA-REG,Northeast,Convenience,4336,52035.77,28619.67,23416.1,7285.01
2025-04-01,COLA-REG,Northeast,Ecommerce,2072,24868.14,13677.48,11190.66,3481.54
2025-04-01,COLA-REG,Northeast,Foodservice,2814,33762.38,18569.31,15193.07,4726.73
2025-04-01,COLA-REG,Northeast,Grocery,6560,78717.88,43294.83,35423.05,11020.5
2025-04-01,COLA-REG,South,Club,4979,59750.73,32862.9,26887.83,8365.1
2025-04-01,COLA-REG,South,Convenience,5470,65638.42,36101.13,29537.29,9189.38
2025-04-01,COLA-REG,South,Ecommerce,2511,30127.06,16569.88,13557.18,4217.79
2025-04-01,COLA-REG,South,Foodservice,3463,41555.89,22855.74,18700.15,5817.82
2025-04-01,COLA-REG,South,Grocery,8346,100156.72,55086.2,45070.52,14021.94
2025-04-01,COLA-REG,West,Club,5624,67486.45,37117.55,30368.9,9448.1
2025-04-01,COLA-REG,West,Convenience,6098,73172.78,40245.03,32927.75,10244.19
2025-04-01,COLA-REG,West,Ecommerce,2897,34758.37,19117.1,15641.27,4866.17
2025-04-01,COLA-REG,West,Foodservice,4083,48993.37,26946.35,22047.02,6859.07
2025-04-01,COLA-REG,West,Grocery,10006,120071.81,66039.5,54032.31,16810.05
2025-04-01,ENG-ORIG,Midwest,Club,1431,31486.62,12594.65,18891.97,3463.53
2025-04-01,ENG-ORIG,Midwest,Convenience,1562,34365.05,13746.02,20619.03,3780.16
2025-04-01,ENG-ORIG,Midwest,Ecommerce,748,16466.96,6586.78,9880.18,1811.37
2025-04-01,ENG-ORIG,Midwest,Foodservice,1024,22521.13,9008.45,13512.68,2477.32
2025-04-01,ENG-ORIG,Midwest,Grocery,2431,53471.73,21388.69,32083.04,5881.89
2025-04-01,ENG-ORIG,Mountain,Club,1043,22935.48,9174.19,13761.29,2522.9
2025-04-01,ENG-ORIG,Mountain,Convenience,1128,24811.68,9924.67,14887.01,2729.28
2025-04-01,ENG-ORIG,Mountain,Ecommerce,517,11368.55,4547.42,6821.13,1250.54
2025-04-01,ENG-ORIG,Mountain,Foodservice,690,15178.44,6071.38,9107.06,1669.63
2025-04-01,ENG-ORIG,Mountain,Grocery,1751,38525.89,15410.36,23115.53,4237.85
2025-04-01,ENG-ORIG,Northeast,Club,1334,29351.2,11740.48,17610.72,3228.63
2025-04-01,ENG-ORIG,Northeast,Convenience,1452,31938.45,12775.38,19163.07,3513.23
2025-04-01,ENG-ORIG,Northeast,Ecommerce,677,14887.9,5955.16,8932.74,1637.67
2025-04-01,ENG-ORIG,Northeast,Foodservice,901,19819.63,7927.85,11891.78,2180.16
2025-04-01,ENG-ORIG,Northeast,Grocery,2261,49747.66,19899.06,29848.6,5472.24
2025-04-01,ENG-ORIG,South,Club,1551,34113.52,13645.41,20468.11,3752.49
2025-04-01,ENG-ORIG,South,Convenience,1746,38412.64,15365.06,23047.58,4225.39
2025-04-01,ENG-ORIG,South,Ecommerce,791,17409.42,6963.77,10445.65,1915.04
2025-04-01,ENG-ORIG,South,Foodservice,1103,24257.64,9703.06,14554.58,2668.34
2025-04-01,ENG-ORIG,South,Grocery,2809,61792.81,24717.12,37075.69,6797.21
2025-04-01,ENG-ORIG,West,Club,1879,41330.4,16532.16,24798.24,4546.34
2025-04-01,ENG-ORIG,West,Convenience,2134,46948.66,18779.46,28169.2,5164.35
2025-04-01,ENG-ORIG,West,Ecommerce,966,21255.37,8502.15,12753.22,2338.09
2025-04-01,ENG-ORIG,West,Foodservice,1303,28657.11,11462.84,17194.27,3152.28
2025-04-01,ENG-ORIG,West,Grocery,3243,71338.73,28535.49,42803.24,7847.26
2025-04-01,ENG-ZERO,Midwest,Club,1164,25605.86,10242.34,15363.52,2816.64
2025-04-01,ENG-ZERO,Midwest,Convenience,1271,27971.48,11188.59,16782.89,3076.86
2025-04-01,ENG-ZERO,Midwest,Ecommerce,574,12620.14,5048.06,7572.08,1388.22
2025-04-01,ENG-ZERO,Midwest,Foodservice,803,17656.57,7062.63,10593.94,1942.22
2025-04-01,ENG-ZERO,Midwest,Grocery,1949,42882.79,17153.12,25729.67,4717.11
2025-04-01,ENG-ZERO,Mountain,Club,791,17412.37,6964.95,10447.42,1915.36
2025-04-01,ENG-ZERO,Mountain,Convenience,867,19079.24,7631.7,11447.54,2098.72
2025-04-01,ENG-ZERO,Mountain,Ecommerce,418,9202.68,3681.07,5521.61,1012.29
2025-04-01,ENG-ZERO,Mountain,Foodservice,579,12734.1,5093.64,7640.46,1400.75
2025-04-01,ENG-ZERO,Mountain,Grocery,1401,30828.61,12331.44,18497.17,3391.15
2025-04-01,ENG-ZERO,Northeast,Club,1029,22632.12,9052.85,13579.27,2489.53
2025-04-01,ENG-ZERO,Northeast,Convenience,1129,24835.6,9934.24,14901.36,2731.92
2025-04-01,ENG-ZERO,Northeast,Ecommerce,510,11218.23,4487.29,6730.94,1234.01
2025-04-01,ENG-ZERO,Northeast,Foodservice,703,15456.7,6182.68,9274.02,1700.24
2025-04-01,ENG-ZERO,Northeast,Grocery,1781,39182.11,15672.84,23509.27,4310.03
2025-04-01,ENG-ZERO,South,Club,1293,28436.08,11374.43,17061.65,3127.97
2025-04-01,ENG-ZERO,South,Convenience,1461,32148.11,12859.24,19288.87,3536.29
2025-04-01,ENG-ZERO,South,Ecommerce,620,13629.49,5451.8,8177.69,1499.24
2025-04-01,ENG-ZERO,South,Foodservice,913,20083.45,8033.38,12050.07,2209.18
2025-04-01,ENG-ZERO,South,Grocery,2097,46135.87,18454.35,27681.52,5074.95
2025-04-01,ENG-ZERO,West,Club,1565,34423.18,13769.27,20653.91,3786.55
2025-04-01,ENG-ZERO,West,Convenience,1706,37524.39,15009.76,22514.63,4127.68
2025-04-01,ENG-ZERO,West,Ecommerce,785,17269.16,6907.66,10361.5,1899.61
2025-04-01,ENG-ZERO,West,Foodservice,1099,24168.55,9667.42,14501.13,2658.54
2025-04-01,ENG-ZERO,West,Grocery,2609,57390.87,22956.35,34434.52,6313.0
2025-04-01,JUC-APPLE,Midwest,Club,2208,35332.75,20492.99,14839.76,3179.95
2025-04-01,JUC-APPLE,Midwest,Convenience,2384,38144.15,22123.61,16020.54,3432.97
2025-04-01,JUC-APPLE,Midwest,Ecommerce,1160,18560.62,10765.16,7795.46,1670.46
2025-04-01,JUC-APPLE,Midwest,Foodservice,1541,24660.13,14302.88,10357.25,2219.41
2025-04-01,JUC-APPLE,Midwest,Grocery,3934,62936.02,36502.89,26433.13,5664.24
2025-04-01,JUC-APPLE,Mountain,Club,1630,26084.1,15128.78,10955.32,2347.57
2025-04-01,JUC-APPLE,Mountain,Convenience,1709,27339.0,15856.62,11482.38,2460.51
2025-04-01,JUC-APPLE,Mountain,Ecommerce,782,12513.79,7258.0,5255.79,1126.24
2025-04-01,JUC-APPLE,Mountain,Foodservice,1079,17271.22,10017.31,7253.91,1554.41
2025-04-01,JUC-APPLE,Mountain,Grocery,2760,44166.61,25616.63,18549.98,3974.99
2025-04-01,JUC-APPLE,Northeast,Club,2081,33300.33,19314.19,13986.14,2997.03
2025-04-01,JUC-APPLE,Northeast,Convenience,2269,36298.59,21053.18,15245.41,3266.87
2025-04-01,JUC-APPLE,Northeast,Ecommerce,988,15808.75,9169.07,6639.68,1422.79
2025-04-01,JUC-APPLE,Northeast,Foodservice,1464,23431.76,13590.42,9841.34,2108.86
2025-04-01,JUC-APPLE,Northeast,Grocery,3521,56343.25,32679.09,23664.16,5070.89
2025-04-01,JUC-APPLE,South,Club,2443,39082.01,22667.57,16414.44,3517.38
2025-04-01,JUC-APPLE,South,Convenience,2783,44521.73,25822.6,18699.13,4006.96
2025-04-01,JUC-APPLE,South,Ecommerce,1234,19744.07,11451.56,8292.51,1776.97
2025-04-01,JUC-APPLE,South,Foodservice,1677,26834.37,15563.93,11270.44,2415.09
2025-04-01,JUC-APPLE,South,Grocery,4207,67313.03,39041.56,28271.47,6058.17
2025-04-01,JUC-APPLE,West,Club,2903,46453.15,26942.83,19510.32,4180.78
2025-04-01,JUC-APPLE,West,Convenience,3142,50272.36,29157.97,21114.39,4524.51
2025-04-01,JUC-APPLE,West,Ecommerce,1511,24176.2,14022.2,10154.0,2175.86
2025-04-01,JUC-APPLE,West,Foodservice,2039,32622.98,18921.33,13701.65,2936.07
2025-04-01,JUC-APPLE,West,Grocery,5053,80848.27,46892.0,33956.27,7276.34
2025-04-01,JUC-MANGO,Midwest,Club,1804,28871.75,16745.61,12126.14,2598.46
2025-04-01,JUC-MANGO,Midwest,Convenience,2013,32205.31,18679.08,13526.23,2898.48
2025-04-01,JUC-MANGO,Midwest,Ecommerce,884,14149.58,8206.76,5942.82,1273.46
2025-04-01,JUC-MANGO,Midwest,Foodservice,1283,20527.69,11906.06,8621.63,1847.49
2025-04-01,JUC-MANGO,Midwest,Grocery,3049,48782.52,28293.86,20488.66,4390.43
2025-04-01,JUC-MANGO,Mountain,Club,1328,21240.13,12319.28,8920.85,1911.61
2025-04-01,JUC-MANGO,Mountain,Convenience,1377,22035.96,12780.86,9255.1,1983.24
2025-04-01,JUC-MANGO,Mountain,Ecommerce,626,10014.33,5808.31,4206.02,901.29
2025-04-01,JUC-MANGO,Mountain,Foodservice,904,14464.53,8389.43,6075.1,1301.81
2025-04-01,JUC-MANGO,Mountain,Grocery,2212,35398.51,20531.14,14867.37,3185.87
2025-04-01,JUC-MANGO,Northeast,Club,1664,26630.19,15445.51,11184.68,2396.72
2025-04-01,JUC-MANGO,Northeast,Convenience,1808,28922.1,16774.82,12147.28,2602.99
2025-04-01,JUC-MANGO,Northeast,Ecommerce,796,12729.76,7383.26,5346.5,1145.68
2025-04-01,JUC-MANGO,Northeast,Foodservice,1122,17948.89,10410.36,7538.53,1615.4
2025-04-01,JUC-MANGO,Northeast,Grocery,2727,43624.17,25302.02,18322.15,3926.18
2025-04-01,JUC-MANGO,South,Club,2069,33111.67,19204.77,13906.9,2980.05
2025-04-01,JUC-MANGO,South,Convenience,2301,36819.8,21355.48,15464.32,3313.78
2025-04-01,JUC-MANGO,South,Ecommerce,972,15550.6,9019.35,6531.25,1399.55
2025-04-01,JUC-MANGO,South,Foodservice,1422,22745.31,13192.28,9553.03,2047.08
2025-04-01,JUC-MANGO,South,Grocery,3396,54331.57,31512.31,22819.26,4889.84
2025-04-01,JUC-MANGO,West,Club,2453,39248.42,22764.08,16484.34,3532.36
2025-04-01,JUC-MANGO,West,Convenience,2604,41669.73,24168.44,17501.29,3750.28
2025-04-01,JUC-MANGO,West,Ecommerce,1162,18588.09,10781.09,7807.0,1672.93
2025-04-01,JUC-MANGO,West,Foodservice,1681,26898.66,15601.22,11297.44,2420.88
2025-04-01,JUC-MANGO,West,Grocery,3970,63516.75,36839.71,26677.04,5716.51
2025-04-01,JUC-ORANGE,Midwest,Club,2549,40785.8,23655.76,17130.04,3670.72
2025-04-01,JUC-ORANGE,Midwest,Convenience,2881,46092.34,26733.56,19358.78,4148.31
2025-04-01,JUC-ORANGE,Midwest,Ecommerce,1370,21926.72,12717.5,9209.22,1973.4
2025-04-01,JUC-ORANGE,Midwest,Foodservice,1797,28755.68,16678.29,12077.39,2588.01
2025-04-01,JUC-ORANGE,Midwest,Grocery,4655,74472.36,43193.97,31278.39,6702.51
2025-04-01,JUC-ORANGE,Mountain,Club,1883,30127.84,17474.15,12653.69,2711.51
2025-04-01,JUC-ORANGE,Mountain,Convenience,2016,32263.05,18712.57,13550.48,2903.67
2025-04-01,JUC-ORANGE,Mountain,Ecommerce,923,14769.95,8566.57,6203.38,1329.3
2025-04-01,JUC-ORANGE,Mountain,Foodservice,1315,21033.24,12199.28,8833.96,1892.99
2025-04-01,JUC-ORANGE,Mountain,Grocery,3140,50244.18,29141.62,21102.56,4521.98
2025-04-01,JUC-ORANGE,Northeast,Club,2428,38853.54,22535.05,16318.49,3496.82
2025-04-01,JUC-ORANGE,Northeast,Convenience,2712,43398.37,25171.05,18227.32,3905.85
2025-04-01,JUC-ORANGE,Northeast,Ecommerce,1188,19015.76,11029.14,7986.62,1711.42
2025-04-01,JUC-ORANGE,Northeast,Foodservice,1659,26549.76,15398.86,11150.9,2389.48
2025-04-01,JUC-ORANGE,Northeast,Grocery,4115,65841.59,38188.12,27653.47,5925.74
2025-04-01,JUC-ORANGE,South,Club,2810,44960.91,26077.33,18883.58,4046.48
2025-04-01,JUC-ORANGE,South,Convenience,3114,49826.67,28899.47,20927.2,4484.4
2025-04-01,JUC-ORANGE,South,Ecommerce,1429,22869.45,13264.28,9605.17,2058.25
2025-04-01,JUC-ORANGE,South,Foodservice,2017,32279.8,18722.28,13557.52,2905.18
2025-04-01,JUC-ORANGE,South,Grocery,4970,79524.22,46124.05,33400.17,7157.18
2025-04-01,JUC-ORANGE,West,Club,3390,54241.93,31460.32,22781.61,4881.77
2025-04-01,JUC-ORANGE,West,Convenience,3689,59027.09,34235.71,24791.38,5312.44
2025-04-01,JUC-ORANGE,West,Ecommerce,1665,26634.33,15447.91,11186.42,2397.09
2025-04-01,JUC-ORANGE,West,Foodservice,2322,37158.29,21551.81,15606.48,3344.25
2025-04-01,JUC-ORANGE,West,Grocery,5834,93347.81,54141.73,39206.08,8401.3
2025-04-01,ROOT-BEER,Midwest,Club,2764,33169.7,18243.34,14926.36,4643.76
2025-04-01,ROOT-BEER,Midwest,Convenience,3103,37238.9,20481.4,16757.5,5213.45
2025-04-01,ROOT-BEER,Midwest,Ecommerce,1395,16741.3,9207.72,7533.58,2343.78
2025-04-01,ROOT-BEER,Midwest,Foodservice,1867,22401.21,12320.67,10080.54,3136.17
2025-04-01,ROOT-BEER,Midwest,Grocery,4600,55197.89,30358.84,24839.05,7727.7
2025-04-01,ROOT-BEER,Mountain,Club,1906,22877.01,12582.36,10294.65,3202.78
2025-04-01,ROOT-BEER,Mountain,Convenience,2199,26391.0,14515.05,11875.95,3694.74
2025-04-01,ROOT-BEER,Mountain,Ecommerce,934,11206.01,6163.31,5042.7,1568.84
2025-04-01,ROOT-BEER,Mountain,Foodservice,1406,16877.26,9282.49,7594.77,2362.82
2025-04-01,ROOT-BEER,Mountain,Grocery,3244,38926.42,21409.53,17516.89,5449.7
2025-04-01,ROOT-BEER,Northeast,Club,2504,30053.87,16529.63,13524.24,4207.54
2025-04-01,ROOT-BEER,Northeast,Convenience,2642,31702.06,17436.13,14265.93,4438.29
2025-04-01,ROOT-BEER,Northeast,Ecommerce,1270,15241.75,8382.96,6858.79,2133.85
2025-04-01,ROOT-BEER,Northeast,Foodservice,1795,21540.9,11847.49,9693.41,3015.73
2025-04-01,ROOT-BEER,Northeast,Grocery,4313,51750.48,28462.76,23287.72,7245.07
2025-04-01,ROOT-BEER,South,Club,2979,35747.69,19661.23,16086.46,5004.68
2025-04-01,ROOT-BEER,South,Convenience,3446,41352.23,22743.73,18608.5,5789.31
2025-04-01,ROOT-BEER,South,Ecommerce,1486,17836.45,9810.05,8026.4,2497.1
2025-04-01,ROOT-BEER,South,Foodservice,2110,25321.22,13926.67,11394.55,3544.97
2025-04-01,ROOT-BEER,South,Grocery,5001,60006.89,33003.79,27003.1,8400.96
2025-04-01,ROOT-BEER,West,Club,3609,43305.37,23817.95,19487.42,6062.75
2025-04-01,ROOT-BEER,West,Convenience,3890,46685.78,25677.18,21008.6,6536.01
2025-04-01,ROOT-BEER,West,Ecommerce,1744,20931.24,11512.18,9419.06,2930.37
2025-04-01,ROOT-BEER,West,Foodservice,2560,30714.53,16892.99,13821.54,4300.03
2025-04-01,ROOT-BEER,West,Grocery,5943,71310.8,39220.94,32089.86,9983.51
2025-04-01,SPK-BERRY,Midwest,Club,1974,27636.68,12436.51,15200.17,2210.93
2025-04-01,SPK-BERRY,Midwest,Convenience,2154,30160.32,13572.14,16588.18,2412.83
2025-04-01,SPK-BERRY,Midwest,Ecommerce,919,12860.37,5787.17,7073.2,1028.83
2025-04-01,SPK-BERRY,Midwest,Foodservice,1353,18944.71,8525.12,10419.59,1515.58
2025-04-01,SPK-BERRY,Midwest,Grocery,3344,46812.06,21065.43,25746.63,3744.96
2025-04-01,SPK-BERRY,Mountain,Club,1287,18021.31,8109.59,9911.72,1441.7
2025-04-01,SPK-BERRY,Mountain,Convenience,1449,20280.69,9126.31,11154.38,1622.46
2025-04-01,SPK-BERRY,Mountain,Ecommerce,668,9358.02,4211.11,5146.91,748.64
2025-04-01,SPK-BERRY,Mountain,Foodservice,931,13040.67,5868.3,7172.37,1043.25
2025-04-01,SPK-BERRY,Mountain,Grocery,2276,31858.79,14336.46,17522.33,2548.7
2025-04-01,SPK-BERRY,Northeast,Club,1690,23665.15,10649.32,13015.83,1893.21
2025-04-01,SPK-BERRY,Northeast,Convenience,1910,26738.89,12032.5,14706.39,2139.11
2025-04-01,SPK-BERRY,Northeast,Ecommerce,841,11779.73,5300.88,6478.85,942.38
2025-04-01,SPK-BERRY,Northeast,Foodservice,1174,16435.57,7396.01,9039.56,1314.85
2025-04-01,SPK-BERRY,Northeast,Grocery,2975,41648.48,18741.82,22906.66,3331.88
2025-04-01,SPK-BERRY,South,Club,2053,28742.79,12934.26,15808.53,2299.42
2025-04-01,SPK-BERRY,South,Convenience,2250,31502.27,14176.02,17326.25,2520.18
2025-04-01,SPK-BERRY,South,Ecommerce,1009,14131.97,6359.39,7772.58,1130.56
2025-04-01,SPK-BERRY,South,Foodservice,1451,20318.27,9143.22,11175.05,1625.46
2025-04-01,SPK-BERRY,South,Grocery,3428,47985.42,21593.44,26391.98,3838.83
2025-04-01,SPK-BERRY,West,Club,2500,35000.95,15750.43,19250.52,2800.08
2025-04-01,SPK-BERRY,West,Convenience,2772,38806.07,17462.73,21343.34,3104.49
2025-04-01,SPK-BERRY,West,Ecommerce,1272,17802.08,8010.94,9791.14,1424.17
2025-04-01,SPK-BERRY,West,Foodservice,1758,24615.21,11076.84,13538.37,1969.22
2025-04-01,SPK-BERRY,West,Grocery,4214,58995.37,26547.92,32447.45,4719.63
2025-04-01,SPK-LIME,Midwest,Club,2013,28188.04,12684.62,15503.42,2255.04
2025-04-01,SPK-LIME,Midwest,Convenience,2155,30166.38,13574.87,16591.51,2413.31
2025-04-01,SPK-LIME,Midwest,Ecommerce,1006,14082.62,6337.18,7745.44,1126.61
2025-04-01,SPK-LIME,Midwest,Foodservice,1429,20009.11,9004.1,11005.01,1600.73
2025-04-01,SPK-LIME,Midwest,Grocery,3384,47375.17,21318.83,26056.34,3790.01
2025-04-01,SPK-LIME,Mountain,Club,1385,19389.54,8725.29,10664.25,1551.16
2025-04-01,SPK-LIME,Mountain,Convenience,1577,22072.15,9932.47,12139.68,1765.77
2025-04-01,SPK-LIME,Mountain,Ecommerce,690,9653.08,4343.89,5309.19,772.25
2025-04-01,SPK-LIME,Mountain,Foodservice,989,13844.64,6230.09,7614.55,1107.57
2025-04-01,SPK-LIME,Mountain,Grocery,2367,33133.44,14910.05,18223.39,2650.68
2025-04-01,SPK-LIME,Northeast,Club,1769,24766.67,11145.0,13621.67,1981.33
2025-04-01,SPK-LIME,Northeast,Convenience,2064,28896.05,13003.22,15892.83,2311.68
2025-04-01,SPK-LIME,Northeast,Ecommerce,939,13152.51,5918.63,7233.88,1052.2
2025-04-01,SPK-LIME,Northeast,Foodservice,1270,17785.79,8003.61,9782.18,1422.86
2025-04-01,SPK-LIME,Northeast,Grocery,3000,42003.76,18901.69,23102.07,3360.3
2025-04-01,SPK-LIME,South,Club,2181,30530.73,13738.83,16791.9,2442.46
2025-04-01,SPK-LIME,South,Convenience,2400,33606.28,15122.83,18483.45,2688.5
2025-04-01,SPK-LIME,South,Ecommerce,1116,15627.39,7032.33,8595.06,1250.19
2025-04-01,SPK-LIME,South,Foodservice,1513,21186.03,9533.71,11652.32,1694.88
2025-04-01,SPK-LIME,South,Grocery,3637,50920.22,22914.1,28006.12,4073.62
2025-04-01,SPK-LIME,West,Club,2602,36422.41,16390.08,20032.33,2913.79
2025-04-01,SPK-LIME,West,Convenience,2867,40133.58,18060.11,22073.47,3210.69
2025-04-01,SPK-LIME,West,Ecommerce,1302,18225.13,8201.31,10023.82,1458.01
2025-04-01,SPK-LIME,West,Foodservice,1792,25093.39,11292.03,13801.36,2007.47
2025-04-01,SPK-LIME,West,Grocery,4543,63606.06,28622.73,34983.33,5088.48
2025-04-01,SPK-PLAIN,Midwest,Club,1448,20278.78,9125.45,11153.33,1622.3
2025-04-01,SPK-PLAIN,Midwest,Convenience,1646,23044.6,10370.07,12674.53,1843.57
2025-04-01,SPK-PLAIN,Midwest,Ecommerce,754,10559.33,4751.7,5807.63,844.75
2025-04-01,SPK-PLAIN,Midwest,Foodservice,1002,14022.56,6310.15,7712.41,1121.8
2025-04-01,SPK-PLAIN,Midwest,Grocery,2455,34368.89,15466.0,18902.89,2749.51
2025-04-01,SPK-PLAIN,Mountain,Club,1021,14288.82,6429.97,7858.85,1143.11
2025-04-01,SPK-PLAIN,Mountain,Convenience,1131,15832.29,7124.53,8707.76,1266.58
2025-04-01,SPK-PLAIN,Mountain,Ecommerce,504,7053.28,3173.98,3879.3,564.26
2025-04-01,SPK-PLAIN,Mountain,Foodservice,697,9753.33,4389.0,5364.33,780.27
2025-04-01,SPK-PLAIN,Mountain,Grocery,1697,23757.18,10690.73,13066.45,1900.57
2025-04-01,SPK-PLAIN,Northeast,Club,1344,18809.91,8464.46,10345.45,1504.79
2025-04-01,SPK-PLAIN,Northeast,Convenience,1477,20680.06,9306.03,11374.03,1654.4
2025-04-01,SPK-PLAIN,Northeast,Ecommerce,676,9467.04,4260.17,5206.87,757.36
2025-04-01,SPK-PLAIN,Northeast,Foodservice,933,13059.9,5876.95,7182.95,1044.79
2025-04-01,SPK-PLAIN,Northeast,Grocery,2229,31207.74,14043.48,17164.26,2496.62
2025-04-01,SPK-PLAIN,South,Club,1539,21549.08,9697.09,11851.99,1723.93
2025-04-01,SPK-PLAIN,South,Convenience,1729,24203.26,10891.47,13311.79,1936.26
2025-04-01,SPK-PLAIN,South,Ecommerce,803,11236.82,5056.57,6180.25,898.95
2025-04-01,SPK-PLAIN,South,Foodservice,1125,15746.95,7086.13,8660.82,1259.76
2025-04-01,SPK-PLAIN,South,Grocery,2791,39069.64,17581.34,21488.3,3125.57
2025-04-01,SPK-PLAIN,West,Club,1910,26739.51,12032.78,14706.73,2139.16
2025-04-01,SPK-PLAIN,West,Convenience,2007,28092.34,12641.55,15450.79,2247.39
2025-04-01,SPK-PLAIN,West,Ecommerce,954,13350.64,6007.79,7342.85,1068.05
2025-04-01,SPK-PLAIN,West,Foodservice,1305,18272.03,8222.41,10049.62,1461.76
2025-04-01,SPK-PLAIN,West,Grocery,3321,46491.8,20921.31,25570.49,3719.34
2025-04-01,STL-1L,Midwest,Club,19606,176451.58,109399.98,67051.6,10587.09
2025-04-01,STL-1L,Midwest,Convenience,5001,45011.6,27907.19,17104.41,2700.7
2025-04-01,STL-1L,Midwest,Ecommerce,2437,21936.05,13600.35,8335.7,1316.16
2025-04-01,STL-1L,Midwest,Foodservice,3271,29435.63,18250.09,11185.54,1766.14
2025-04-01,STL-1L,Midwest,Grocery,8011,72101.24,44702.77,27398.47,4326.07
2025-04-01,STL-1L,Mountain,Club,3260,29340.5,18191.11,11149.39,1760.43
2025-04-01,STL-1L,Mountain,Convenience,3552,31970.75,19821.87,12148.88,1918.24
2025-04-01,STL-1L,Mountain,Ecommerce,1669,15021.96,9313.62,5708.34,901.32
2025-04-01,STL-1L,Mountain,Foodservice,2297,20672.19,12816.76,7855.43,1240.33
2025-04-01,STL-1L,Mountain,Grocery,5653,50880.12,31545.67,19334.45,3052.81
2025-04-01,STL-1L,Northeast,Club,4151,37362.8,23164.94,14197.86,2241.77
2025-04-01,STL-1L,Northeast,Convenience,4563,41065.31,25460.49,15604.82,2463.92
2025-04-01,STL-1L,Northeast,Ecommerce,2078,18702.6,11595.61,7106.99,1122.16
2025-04-01,STL-1L,Northeast,Foodservice,2888,25989.37,16113.41,9875.96,1559.36
2025-04-01,STL-1L,Northeast,Grocery,7330,65969.55,40901.12,25068.43,3958.17
2025-04-01,STL-1L,South,Club,5026,45237.3,28047.13,17190.17,2714.24
2025-04-01,STL-1L,South,Convenience,5850,52646.28,32640.69,20005.59,3158.78
2025-04-01,STL-1L,South,Ecommerce,2703,24327.17,15082.85,9244.32,1459.63
2025-04-01,STL-1L,South,Foodservice,3571,32140.62,19927.18,12213.44,1928.44
2025-04-01,STL-1L,South,Grocery,9041,81369.8,50449.28,30920.52,4882.19
2025-04-01,STL-1L,West,Club,6089,54801.93,33977.2,20824.73,3288.12
2025-04-01,STL-1L,West,Convenience,6779,61013.25,37828.21,23185.04,3660.8
2025-04-01,STL-1L,West,Ecommerce,3001,27005.93,16743.68,10262.25,1620.36
2025-04-01,STL-1L,West,Foodservice,4406,39657.29,24587.52,15069.77,2379.44
2025-04-01,STL-1L,West,Grocery,10154,91383.42,56657.72,34725.7,5483.01
2025-04-01,STL-500,Midwest,Club,5159,46427.7,28785.17,17642.53,2785.66
2025-04-01,STL-500,Midwest,Convenience,5575,50175.29,31108.68,19066.61,3010.52
2025-04-01,STL-500,Midwest,Ecommerce,2486,22376.27,13873.29,8502.98,1342.58
2025-04-01,STL-500,Midwest,Foodservice,3638,32739.42,20298.44,12440.98,1964.37
2025-04-01,STL-500,Midwest,Grocery,8327,74943.76,46465.13,28478.63,4496.63
2025-04-01,STL-500,Mountain,Club,3609,32484.01,20140.09,12343.92,1949.04
2025-04-01,STL-500,Mountain,Convenience,3837,34531.96,21409.82,13122.14,2071.92
2025-04-01,STL-500,Mountain,Ecommerce,1819,16375.0,10152.5,6222.5,982.5
2025-04-01,STL-500,Mountain,Foodservice,2414,21729.93,13472.56,8257.37,1303.8
2025-04-01,STL-500,Mountain,Grocery,6110,54987.66,34092.35,20895.31,3299.26
2025-04-01,STL-500,Northeast,Club,4639,41753.65,25887.26,15866.39,2505.22
2025-04-01,STL-500,Northeast,Convenience,4866,43791.55,27150.76,16640.79,2627.49
2025-04-01,STL-500,Northeast,Ecommerce,2323,20909.96,12964.18,7945.78,1254.6
2025-04-01,STL-500,Northeast,Foodservice,3181,28625.66,17747.91,10877.75,1717.54
2025-04-01,STL-500,Northeast,Grocery,7618,68558.96,42506.56,26052.4,4113.54
2025-04-01,STL-500,South,Club,5544,49892.41,30933.29,18959.12,2993.54
2025-04-01,STL-500,South,Convenience,5916,53248.04,33013.78,20234.26,3194.88
2025-04-01,STL-500,South,Ecommerce,2864,25772.77,15979.12,9793.65,1546.37
2025-04-01,STL-500,South,Foodservice,3873,34857.86,21611.87,13245.99,2091.47
2025-04-01,STL-500,South,Grocery,9227,83041.19,51485.54,31555.65,4982.47
2025-04-01,STL-500,West,Club,6864,61771.56,38298.37,23473.19,3706.29
2025-04-01,STL-500,West,Convenience,7385,66461.23,41205.96,25255.27,3987.67
2025-04-01,STL-500,West,Ecommerce,3223,29009.97,17986.18,11023.79,1740.6
2025-04-01,STL-500,West,Foodservice,4742,42678.61,26460.74,16217.87,2560.72
2025-04-01,STL-500,West,Grocery,11236,101123.8,62696.76,38427.04,6067.43
2025-05-01,COLA-CHERRY,Midwest,Club,2885,34623.3,19042.81,15580.49,4847.26
2025-05-01,COLA-CHERRY,Midwest,Convenience,3348,40174.85,22096.17,18078.68,5624.48
2025-05-01,COLA-CHERRY,Midwest,Ecommerce,1444,17330.76,9531.92,7798.84,2426.31
2025-05-01,COLA-CHERRY,Midwest,Foodservice,2092,25102.39,13806.31,11296.08,3514.33
2025-05-01,COLA-CHERRY,Midwest,Grocery,5132,61589.95,33874.47,27715.48,8622.59
2025-05-01,COLA-CHERRY,Mountain,Club,2129,25551.08,14053.09,11497.99,3577.15
2025-05-01,COLA-CHERRY,Mountain,Convenience,2379,28545.18,15699.85,12845.33,3996.33
2025-05-01,COLA-CHERRY,Mountain,Ecommerce,1017,12201.82,6711.0,5490.82,1708.25
2025-05-01,COLA-CHERRY,Mountain,Foodservice,1457,17478.34,9613.09,7865.25,2446.97
2025-05-01,COLA-CHERRY,Mountain,Grocery,3482,41780.12,22979.07,18801.05,5849.22
2025-05-01,COLA-CHERRY,Northeast,Club,2654,31846.81,17515.75,14331.06,4458.55
2025-05-01,COLA-CHERRY,Northeast,Convenience,2961,35532.35,19542.79,15989.56,4974.53
2025-05-01,COLA-CHERRY,Northeast,Ecommerce,1299,15591.84,8575.51,7016.33,2182.86
2025-05-01,COLA-CHERRY,Northeast,Foodservice,1914,22969.02,12632.96,10336.06,3215.66
2025-05-01,COLA-CHERRY,Northeast,Grocery,4690,56277.86,30952.82,25325.04,7878.9
2025-05-01,COLA-CHERRY,South,Club,3246,38953.46,21424.4,17529.06,5453.48
2025-05-01,COLA-CHERRY,South,Convenience,3548,42574.88,23416.18,19158.7,5960.48
2025-05-01,COLA-CHERRY,South,Ecommerce,1702,20424.15,11233.28,9190.87,2859.38
2025-05-01,COLA-CHERRY,South,Foodservice,2296,27557.29,15156.51,12400.78,3858.02
2025-05-01,COLA-CHERRY,South,Grocery,5596,67157.24,36936.48,30220.76,9402.01
2025-05-01,COLA-CHERRY,West,Club,3959,47506.18,26128.4,21377.78,6650.87
2025-05-01,COLA-CHERRY,West,Convenience,4207,50480.13,27764.07,22716.06,7067.22
2025-05-01,COLA-CHERRY,West,Ecommerce,1907,22888.01,12588.41,10299.6,3204.32
2025-05-01,COLA-CHERRY,West,Foodservice,2678,32134.5,17673.98,14460.52,4498.83
2025-05-01,COLA-CHERRY,West,Grocery,6678,80130.91,44072.0,36058.91,11218.33
2025-05-01,COLA-DIET,Midwest,Club,14869,178422.13,98132.17,80289.96,24979.1
2025-05-01,COLA-DIET,Midwest,Convenience,3956,47470.66,26108.86,21361.8,6645.89
2025-05-01,COLA-DIET,Midwest,Ecommerce,1853,22233.84,12228.61,10005.23,3112.74
2025-05-01,COLA-DIET,Midwest,Foodservice,2496,29953.03,16474.17,13478.86,4193.42
2025-05-01,COLA-DIET,Midwest,Grocery,5976,71716.41,39444.03,32272.38,10040.3
2025-05-01,COLA-DIET,Mountain,Club,2544,30527.45,16790.1,13737.35,4273.84
2025-05-01,COLA-DIET,Mountain,Convenience,2833,33998.49,18699.17,15299.32,4759.79
2025-05-01,COLA-DIET,Mountain,Ecommerce,1279,15343.6,8438.98,6904.62,2148.1
2025-05-01,COLA-DIET,Mountain,Foodservice,1731,20777.0,11427.35,9349.65,2908.78
2025-05-01,COLA-DIET,Mountain,Grocery,4333,51990.01,28594.51,23395.5,7278.6
2025-05-01,COLA-DIET,Northeast,Club,3173,38077.95,20942.87,17135.08,5330.91
2025-05-01,COLA-DIET,Northeast,Convenience,3433,41195.24,22657.38,18537.86,5767.33
2025-05-01,COLA-DIET,Northeast,Ecommerce,1566,18795.31,10337.42,8457.89,2631.34
2025-05-01,COLA-DIET,Northeast,Foodservice,2282,27381.27,15059.7,12321.57,3833.38
2025-05-01,COLA-DIET,Northeast,Grocery,5578,66937.41,36815.58,30121.83,9371.24
2025-05-01,COLA-DIET,South,Club,4085,49019.53,26960.74,22058.79,6862.73
2025-05-01,COLA-DIET,South,Convenience,4495,53934.65,29664.06,24270.59,7550.85
2025-05-01,COLA-DIET,South,Ecommerce,1967,23607.05,12983.88,10623.17,3304.99
2025-05-01,COLA-DIET,South,Foodservice,2658,31901.21,17545.67,14355.54,4466.17
2025-05-01,COLA-DIET,South,Grocery,6671,80057.69,44031.73,36025.96,11208.08
2025-05-01,COLA-DIET,West,Club,4673,56073.45,30840.4,25233.05,7850.28
2025-05-01,COLA-DIET,West,Convenience,5256,63077.03,34692.37,28384.66,8830.78
2025-05-01,COLA-DIET,West,Ecommerce,2336,28028.73,15415.8,12612.93,3924.02
2025-05-01,COLA-DIET,West,Foodservice,3264,39172.16,21544.69,17627.47,5484.1
2025-05-01,COLA-DIET,West,Grocery,7912,94948.31,52221.57,42726.74,13292.76
2025-05-01,COLA-REG,Midwest,Club,16084,193004.96,106152.73,86852.23,27020.69
2025-05-01,COLA-REG,Midwest,Convenience,5451,65407.32,35974.03,29433.29,9157.02
2025-05-01,COLA-REG,Midwest,Ecommerce,2317,27798.25,15289.04,12509.21,3891.76
2025-05-01,COLA-REG,Midwest,Foodservice,3356,40269.02,22147.96,18121.06,5637.66
2025-05-01,COLA-REG,Midwest,Grocery,8349,100182.66,55100.46,45082.2,14025.57
2025-05-01,COLA-REG,Mountain,Club,3306,39673.24,21820.28,17852.96,5554.25
2025-05-01,COLA-REG,Mountain,Convenience,3753,45038.07,24770.94,20267.13,6305.33
2025-05-01,COLA-REG,Mountain,Ecommerce,1653,19832.83,10908.06,8924.77,2776.6
2025-05-01,COLA-REG,Mountain,Foodservice,2300,27595.01,15177.26,12417.75,3863.3
2025-05-01,COLA-REG,Mountain,Grocery,5737,68848.43,37866.64,30981.79,9638.78
2025-05-01,COLA-REG,Northeast,Club,4122,49461.53,27203.84,22257.69,6924.61
2025-05-01,COLA-REG,Northeast,Convenience,4789,57467.36,31607.05,25860.31,8045.43
2025-05-01,COLA-REG,Northeast,Ecommerce,2208,26496.78,14573.23,11923.55,3709.55
2025-05-01,COLA-REG,Northeast,Foodservice,3049,36585.54,20122.05,16463.49,5121.98
2025-05-01,COLA-REG,Northeast,Grocery,7085,85019.23,46760.58,38258.65,11902.69
2025-05-01,COLA-REG,South,Club,5123,61473.26,33810.29,27662.97,8606.26
2025-05-01,COLA-REG,South,Convenience,5872,70462.52,38754.39,31708.13,9864.75
2025-05-01,COLA-REG,South,Ecommerce,2528,30333.01,16683.16,13649.85,4246.62
2025-05-01,COLA-REG,South,Foodservice,3804,45646.71,25105.69,20541.02,6390.54
2025-05-01,COLA-REG,South,Grocery,9164,109971.31,60484.22,49487.09,15395.98
2025-05-01,COLA-REG,West,Club,6383,76591.62,42125.39,34466.23,10722.83
2025-05-01,COLA-REG,West,Convenience,6750,80997.34,44548.54,36448.8,11339.63
2025-05-01,COLA-REG,West,Ecommerce,2981,35776.52,19677.09,16099.43,5008.71
2025-05-01,COLA-REG,West,Foodservice,4238,50860.59,27973.32,22887.27,7120.48
2025-05-01,COLA-REG,West,Grocery,10438,125250.14,68887.58,56362.56,17535.02
2025-05-01,ENG-ORIG,Midwest,Club,1452,31938.61,12775.44,19163.17,3513.25
2025-05-01,ENG-ORIG,Midwest,Convenience,1658,36474.95,14589.98,21884.97,4012.24
2025-05-01,ENG-ORIG,Midwest,Ecommerce,761,16745.6,6698.24,10047.36,1842.02
2025-05-01,ENG-ORIG,Midwest,Foodservice,1046,23001.78,9200.71,13801.07,2530.2
2025-05-01,ENG-ORIG,Midwest,Grocery,2572,56593.8,22637.52,33956.28,6225.32
2025-05-01,ENG-ORIG,Mountain,Club,1082,23808.59,9523.44,14285.15,2618.94
2025-05-01,ENG-ORIG,Mountain,Convenience,1143,25146.37,10058.55,15087.82,2766.1
2025-05-01,ENG-ORIG,Mountain,Ecommerce,533,11724.67,4689.87,7034.8,1289.71
2025-05-01,ENG-ORIG,Mountain,Foodservice,745,16392.85,6557.14,9835.71,1803.21
2025-05-01,ENG-ORIG,Mountain,Grocery,1742,38318.81,15327.52,22991.29,4215.07
2025-05-01,ENG-ORIG,Northeast,Club,1359,29891.41,11956.56,17934.85,3288.06
2025-05-01,ENG-ORIG,Northeast,Convenience,1487,32708.57,13083.43,19625.14,3597.94
2025-05-01,ENG-ORIG,Northeast,Ecommerce,666,14641.47,5856.59,8784.88,1610.56
2025-05-01,ENG-ORIG,Northeast,Foodservice,952,20941.53,8376.61,12564.92,2303.57
2025-05-01,ENG-ORIG,Northeast,Grocery,2344,51566.08,20626.43,30939.65,5672.27
2025-05-01,ENG-ORIG,South,Club,1667,36682.83,14673.13,22009.7,4035.11
2025-05-01,ENG-ORIG,South,Convenience,1818,40006.13,16002.45,24003.68,4400.67
2025-05-01,ENG-ORIG,South,Ecommerce,818,18002.21,7200.88,10801.33,1980.24
2025-05-01,ENG-ORIG,South,Foodservice,1164,25609.9,10243.96,15365.94,2817.09
2025-05-01,ENG-ORIG,South,Grocery,2833,62320.86,24928.34,37392.52,6855.29
2025-05-01,ENG-ORIG,West,Club,1915,42128.38,16851.35,25277.03,4634.12
2025-05-01,ENG-ORIG,West,Convenience,2107,46361.58,18544.63,27816.95,5099.77
2025-05-01,ENG-ORIG,West,Ecommerce,966,21241.47,8496.59,12744.88,2336.56
2025-05-01,ENG-ORIG,West,Foodservice,1314,28897.19,11558.88,17338.31,3178.69
2025-05-01,ENG-ORIG,West,Grocery,3381,74371.1,29748.44,44622.66,8180.82
2025-05-01,ENG-ZERO,Midwest,Club,1175,25841.33,10336.53,15504.8,2842.55
2025-05-01,ENG-ZERO,Midwest,Convenience,1365,30019.27,12007.71,18011.56,3302.12
2025-05-01,ENG-ZERO,Midwest,Ecommerce,602,13233.59,5293.44,7940.15,1455.69
2025-05-01,ENG-ZERO,Midwest,Foodservice,824,18128.35,7251.34,10877.01,1994.12
2025-05-01,ENG-ZERO,Midwest,Grocery,2095,46097.98,18439.19,27658.79,5070.78
2025-05-01,ENG-ZERO,Mountain,Club,839,18455.61,7382.24,11073.37,2030.12
2025-05-01,ENG-ZERO,Mountain,Convenience,917,20170.67,8068.27,12102.4,2218.77
2025-05-01,ENG-ZERO,Mountain,Ecommerce,418,9197.68,3679.07,5518.61,1011.74
2025-05-01,ENG-ZERO,Mountain,Foodservice,573,12609.13,5043.65,7565.48,1387.0
2025-05-01,ENG-ZERO,Mountain,Grocery,1433,31520.18,12608.07,18912.11,3467.22
2025-05-01,ENG-ZERO,Northeast,Club,1095,24084.62,9633.85,14450.77,2649.31
2025-05-01,ENG-ZERO,Northeast,Convenience,1181,25980.93,10392.37,15588.56,2857.9
2025-05-01,ENG-ZERO,Northeast,Ecommerce,547,12038.74,4815.5,7223.24,1324.26
2025-05-01,ENG-ZERO,Northeast,Foodservice,728,16022.82,6409.13,9613.69,1762.51
2025-05-01,ENG-ZERO,Northeast,Grocery,1766,38862.55,15545.02,23317.53,4274.88
2025-05-01,ENG-ZERO,South,Club,1364,30014.4,12005.76,18008.64,3301.58
2025-05-01,ENG-ZERO,South,Convenience,1508,33182.01,13272.8,19909.21,3650.02
2025-05-01,ENG-ZERO,South,Ecommerce,679,14934.6,5973.84,8960.76,1642.81
2025-05-01,ENG-ZERO,South,Foodservice,932,20508.74,8203.5,12305.24,2255.96
2025-05-01,ENG-ZERO,South,Grocery,2328,51221.15,20488.46,30732.69,5634.33
2025-05-01,ENG-ZERO,West,Club,1606,35334.06,14133.62,21200.44,3886.75
2025-05-01,ENG-ZERO,West,Convenience,1706,37542.5,15017.0,22525.5,4129.68
2025-05-01,ENG-ZERO,West,Ecommerce,757,16654.81,6661.92,9992.89,1832.03
2025-05-01,ENG-ZERO,West,Foodservice,1061,23340.31,9336.12,14004.19,2567.43
2025-05-01,ENG-ZERO,West,Grocery,2717,59776.82,23910.73,35866.09,6575.45
2025-05-01,JUC-APPLE,Midwest,Club,2457,39311.55,22800.7,16510.85,3538.04
2025-05-01,JUC-APPLE,Midwest,Convenience,2569,41096.02,23835.69,17260.33,3698.64
2025-05-01,JUC-APPLE,Midwest,Ecommerce,1244,19896.88,11540.19,8356.69,1790.72
2025-05-01,JUC-APPLE,Midwest,Foodservice,1659,26541.55,15394.1,11147.45,2388.74
2025-05-01,JUC-APPLE,Midwest,Grocery,4061,64970.62,37682.96,27287.66,5847.36
2025-05-01,JUC-APPLE,Mountain,Club,1729,27662.9,16044.48,11618.42,2489.66
2025-05-01,JUC-APPLE,Mountain,Convenience,1907,30506.28,17693.64,12812.64,2745.57
2025-05-01,JUC-APPLE,Mountain,Ecommerce,821,13132.0,7616.56,5515.44,1181.88
2025-05-01,JUC-APPLE,Mountain,Foodservice,1153,18455.61,10704.25,7751.36,1661.0
2025-05-01,JUC-APPLE,Mountain,Grocery,2849,45581.67,26437.37,19144.3,4102.35
2025-05-01,JUC-APPLE,Northeast,Club,2235,35766.98,20744.85,15022.13,3219.03
2025-05-01,JUC-APPLE,Northeast,Convenience,2410,38554.13,22361.4,16192.73,3469.87
2025-05-01,JUC-APPLE,Northeast,Ecommerce,1074,17189.17,9969.72,7219.45,1547.03
2025-05-01,JUC-APPLE,Northeast,Foodservice,1502,24024.07,13933.96,10090.11,2162.17
2025-05-01,JUC-APPLE,Northeast,Grocery,3737,59789.67,34678.01,25111.66,5381.07
2025-05-01,JUC-APPLE,South,Club,2605,41676.21,24172.2,17504.01,3750.86
2025-05-01,JUC-APPLE,South,Convenience,3050,48804.35,28306.52,20497.83,4392.39
2025-05-01,JUC-APPLE,South,Ecommerce,1373,21965.01,12739.71,9225.3,1976.85
2025-05-01,JUC-APPLE,South,Foodservice,1813,29009.84,16825.71,12184.13,2610.89
2025-05-01,JUC-APPLE,South,Grocery,4619,73906.71,42865.89,31040.82,6651.6
2025-05-01,JUC-APPLE,West,Club,3194,51104.94,29640.87,21464.07,4599.44
2025-05-01,JUC-APPLE,West,Convenience,3593,57490.51,33344.5,24146.01,5174.15
2025-05-01,JUC-APPLE,West,Ecommerce,1520,24327.33,14109.85,10217.48,2189.46
2025-05-01,JUC-APPLE,West,Foodservice,2236,35775.7,20749.91,15025.79,3219.81
2025-05-01,JUC-APPLE,West,Grocery,5217,83471.62,48413.54,35058.08,7512.45
2025-05-01,JUC-MANGO,Midwest,Club,2044,32709.96,18971.78,13738.18,2943.9
2025-05-01,JUC-MANGO,Midwest,Convenience,2098,33573.85,19472.83,14101.02,3021.65
2025-05-01,JUC-MANGO,Midwest,Ecommerce,1003,16045.85,9306.59,6739.26,1444.13
2025-05-01,JUC-MANGO,Midwest,Foodservice,1444,23099.63,13397.79,9701.84,2078.97
2025-05-01,JUC-MANGO,Midwest,Grocery,3339,53424.77,30986.37,22438.4,4808.23
2025-05-01,JUC-MANGO,Mountain,Club,1342,21468.28,12451.6,9016.68,1932.15
2025-05-01,JUC-MANGO,Mountain,Convenience,1468,23495.67,13627.49,9868.18,2114.61
2025-05-01,JUC-MANGO,Mountain,Ecommerce,677,10835.6,6284.65,4550.95,975.2
2025-05-01,JUC-MANGO,Mountain,Foodservice,964,15423.3,8945.51,6477.79,1388.1
2025-05-01,JUC-MANGO,Mountain,Grocery,2410,38564.4,22367.35,16197.05,3470.8
2025-05-01,JUC-MANGO,Northeast,Club,1807,28917.48,16772.14,12145.34,2602.57
2025-05-01,JUC-MANGO,Northeast,Convenience,1990,31836.4,18465.11,13371.29,2865.28
2025-05-01,JUC-MANGO,Northeast,Ecommerce,908,14533.37,8429.35,6104.02,1308.0
2025-05-01,JUC-MANGO,Northeast,Foodservice,1235,19766.73,11464.7,8302.03,1779.01
2025-05-01,JUC-MANGO,Northeast,Grocery,3055,48885.91,28353.83,20532.08,4399.73
2025-05-01,JUC-MANGO,South,Club,2247,35944.19,20847.63,15096.56,3234.98
2025-05-01,JUC-MANGO,South,Convenience,2420,38719.76,22457.46,16262.3,3484.78
2025-05-01,JUC-MANGO,South,Ecommerce,1121,17940.51,10405.5,7535.01,1614.65
2025-05-01,JUC-MANGO,South,Foodservice,1538,24609.43,14273.47,10335.96,2214.85
2025-05-01,JUC-MANGO,South,Grocery,3726,59615.38,34576.92,25038.46,5365.38
2025-05-01,JUC-MANGO,West,Club,2519,40297.93,23372.8,16925.13,3626.81
2025-05-01,JUC-MANGO,West,Convenience,2841,45454.82,26363.8,19091.02,4090.93
2025-05-01,JUC-MANGO,West,Ecommerce,1248,19962.07,11578.0,8384.07,1796.59
2025-05-01,JUC-MANGO,West,Foodservice,1856,29688.64,17219.41,12469.23,2671.98
2025-05-01,JUC-MANGO,West,Grocery,4450,71207.1,41300.12,29906.98,6408.64
2025-05-01,JUC-ORANGE,Midwest,Club,2951,47208.09,27380.69,19827.4,4248.73
2025-05-01,JUC-ORANGE,Midwest,Convenience,3105,49676.65,28812.46,20864.19,4470.9
2025-05-01,JUC-ORANGE,Midwest,Ecommerce,1469,23508.38,13634.86,9873.52,2115.75
2025-05-01,JUC-ORANGE,Midwest,Foodservice,1959,31340.7,18177.61,13163.09,2820.66
2025-05-01,JUC-ORANGE,Midwest,Grocery,4996,79938.2,46364.16,33574.04,7194.44
2025-05-01,JUC-ORANGE,Mountain,Club,1968,31493.53,18266.25,13227.28,2834.42
2025-05-01,JUC-ORANGE,Mountain,Convenience,2148,34365.64,19932.07,14433.57,3092.91
2025-05-01,JUC-ORANGE,Mountain,Ecommerce,1039,16621.25,9640.33,6980.92,1495.91
2025-05-01,JUC-ORANGE,Mountain,Foodservice,1436,22980.72,13328.82,9651.9,2068.26
2025-05-01,JUC-ORANGE,Mountain,Grocery,3368,53882.57,31251.89,22630.68,4849.43
2025-05-01,JUC-ORANGE,Northeast,Club,2577,41236.87,23917.38,17319.49,3711.32
2025-05-01,JUC-ORANGE,Northeast,Convenience,2811,44973.28,26084.5,18888.78,4047.6
2025-05-01,JUC-ORANGE,Northeast,Ecommerce,1249,19986.43,11592.13,8394.3,1798.78
2025-05-01,JUC-ORANGE,Northeast,Foodservice,1799,28784.48,16695.0,12089.48,2590.6
2025-05-01,JUC-ORANGE,Northeast,Grocery,4301,68812.97,39911.52,28901.45,6193.17
2025-05-01,JUC-ORANGE,South,Club,3044,48698.15,28244.93,20453.22,4382.83
2025-05-01,JUC-ORANGE,South,Convenience,3348,53570.95,31071.15,22499.8,4821.39
2025-05-01,JUC-ORANGE,South,Ecommerce,1628,26040.6,15103.55,10937.05,2343.65
2025-05-01,JUC-ORANGE,South,Foodservice,2164,34627.78,20084.11,14543.67,3116.5
2025-05-01,JUC-ORANGE,South,Grocery,5209,83344.19,48339.63,35004.56,7500.98
2025-05-01,JUC-ORANGE,West,Club,3765,60242.29,34940.53,25301.76,5421.81
2025-05-01,JUC-ORANGE,West,Convenience,4192,67068.99,38900.01,28168.98,6036.21
2025-05-01,JUC-ORANGE,West,Ecommerce,1932,30918.17,17932.54,12985.63,2782.64
2025-05-01,JUC-ORANGE,West,Foodservice,2657,42512.85,24657.45,17855.4,3826.16
2025-05-01,JUC-ORANGE,West,Grocery,6357,101717.44,58996.12,42721.32,9154.57
2025-05-01,ROOT-BEER,Midwest,Club,3056,36673.87,20170.63,16503.24,5134.34
2025-05-01,ROOT-BEER,Midwest,Convenience,3337,40040.75,22022.41,18018.34,5605.71
2025-05-01,ROOT-BEER,Midwest,Ecommerce,1549,18582.91,10220.6,8362.31,2601.61
2025-05-01,ROOT-BEER,Midwest,Foodservice,2032,24382.92,13410.61,10972.31,3413.61
2025-05-01,ROOT-BEER,Midwest,Grocery,5263,63159.92,34737.96,28421.96,8842.39
2025-05-01,ROOT-BEER,Mountain,Club,2013,24151.89,13283.54,10868.35,3381.26
2025-05-01,ROOT-BEER,Mountain,Convenience,2330,27962.01,15379.11,12582.9,3914.68
2025-05-01,ROOT-BEER,Mountain,Ecommerce,1051,12608.94,6934.92,5674.02,1765.25
2025-05-01,ROOT-BEER,Mountain,Foodservice,1437,17241.93,9483.06,7758.87,2413.87
2025-05-01,ROOT-BEER,Mountain,Grocery,3460,41521.17,22836.64,18684.53,5812.96
2025-05-01,ROOT-BEER,Northeast,Club,2755,33064.0,18185.2,14878.8,4628.96
2025-05-01,ROOT-BEER,Northeast,Convenience,3027,36323.46,19977.9,16345.56,5085.28
2025-05-01,ROOT-BEER,Northeast,Ecommerce,1317,15809.64,8695.3,7114.34,2213.35
2025-05-01,ROOT-BEER,Northeast,Foodservice,1816,21787.09,11982.9,9804.19,3050.19
2025-05-01,ROOT-BEER,Northeast,Grocery,4398,52776.93,29027.31,23749.62,7388.77
2025-05-01,ROOT-BEER,South,Club,3186,38236.92,21030.31,17206.61,5353.17
2025-05-01,ROOT-BEER,South,Convenience,3496,41947.41,23071.08,18876.33,5872.64
2025-05-01,ROOT-BEER,South,Ecommerce,1625,19504.18,10727.3,8776.88,2730.59
2025-05-01,ROOT-BEER,South,Foodservice,2354,28243.55,15533.95,12709.6,3954.1
2025-05-01,ROOT-BEER,South,Grocery,5709,68508.92,37679.91,30829.01,9591.25
2025-05-01,ROOT-BEER,West,Club,3761,45130.55,24821.8,20308.75,6318.28
2025-05-01,ROOT-BEER,West,Convenience,4346,52146.02,28680.31,23465.71,7300.44
2025-05-01,ROOT-BEER,West,Ecommerce,1970,23637.34,13000.54,10636.8,3309.23
2025-05-01,ROOT-BEER,West,Foodservice,2669,32029.74,17616.36,14413.38,4484.16
2025-05-01,ROOT-BEER,West,Grocery,6338,76057.59,41831.67,34225.92,10648.06
2025-05-01,SPK-BERRY,Midwest,Club,2150,30099.5,13544.77,16554.73,2407.96
2025-05-01,SPK-BERRY,Midwest,Convenience,2370,33177.82,14930.02,18247.8,2654.23
2025-05-01,SPK-BERRY,Midwest,Ecommerce,1068,14946.23,6725.8,8220.43,1195.7
2025-05-01,SPK-BERRY,Midwest,Foodservice,1486,20798.8,9359.46,11439.34,1663.9
2025-05-01,SPK-BERRY,Midwest,Grocery,3682,51547.24,23196.26,28350.98,4123.78
2025-05-01,SPK-BERRY,Mountain,Club,1441,20171.37,9077.12,11094.25,1613.71
2025-05-01,SPK-BERRY,Mountain,Convenience,1592,22292.46,10031.61,12260.85,1783.4
2025-05-01,SPK-BERRY,Mountain,Ecommerce,712,9963.96,4483.78,5480.18,797.12
2025-05-01,SPK-BERRY,Mountain,Foodservice,1065,14916.26,6712.32,8203.94,1193.3
2025-05-01,SPK-BERRY,Mountain,Grocery,2582,36149.38,16267.22,19882.16,2891.95
2025-05-01,SPK-BERRY,Northeast,Club,1894,26514.62,11931.58,14583.04,2121.17
2025-05-01,SPK-BERRY,Northeast,Convenience,2106,29481.92,13266.86,16215.06,2358.55
2025-05-01,SPK-BERRY,Northeast,Ecommerce,905,12671.65,5702.24,6969.41,1013.73
2025-05-01,SPK-BERRY,Northeast,Foodservice,1369,19165.2,8624.34,10540.86,1533.22
2025-05-01,SPK-BERRY,Northeast,Grocery,3251,45510.47,20479.71,25030.76,3640.84
2025-05-01,SPK-BERRY,South,Club,2276,31870.38,14341.67,17528.71,2549.63
2025-05-01,SPK-BERRY,South,Convenience,2551,35717.46,16072.86,19644.6,2857.4
2025-05-01,SPK-BERRY,South,Ecommerce,1115,15606.45,7022.9,8583.55,1248.52
2025-05-01,SPK-BERRY,South,Foodservice,1631,22840.52,10278.23,12562.29,1827.24
2025-05-01,SPK-BERRY,South,Grocery,3948,55273.4,24873.03,30400.37,4421.87
2025-05-01,SPK-BERRY,West,Club,2823,39524.8,17786.16,21738.64,3161.98
2025-05-01,SPK-BERRY,West,Convenience,3100,43407.0,19533.15,23873.85,3472.56
2025-05-01,SPK-BERRY,West,Ecommerce,1369,19159.76,8621.89,10537.87,1532.78
2025-05-01,SPK-BERRY,West,Foodservice,1972,27606.4,12422.88,15183.52,2208.51
2025-05-01,SPK-BERRY,West,Grocery,4601,64416.45,28987.4,35429.05,5153.32
2025-05-01,SPK-LIME,Midwest,Club,2169,30362.9,13663.3,16699.6,2429.03
2025-05-01,SPK-LIME,Midwest,Convenience,2445,34227.45,15402.35,18825.1,2738.2
2025-05-01,SPK-LIME,Midwest,Ecommerce,1126,15768.04,7095.62,8672.42,1261.44
2025-05-01,SPK-LIME,Midwest,Foodservice,1488,20833.05,9374.87,11458.18,1666.64
2025-05-01,SPK-LIME,Midwest,Grocery,3747,52454.85,23604.68,28850.17,4196.39
2025-05-01,SPK-LIME,Mountain,Club,1597,22362.73,10063.23,12299.5,1789.02
2025-05-01,SPK-LIME,Mountain,Convenience,1765,24709.86,11119.44,13590.42,1976.79
2025-05-01,SPK-LIME,Mountain,Ecommerce,775,10853.75,4884.19,5969.56,868.3
2025-05-01,SPK-LIME,Mountain,Foodservice,1072,15004.89,6752.2,8252.69,1200.39
2025-05-01,SPK-LIME,Mountain,Grocery,2593,36308.1,16338.64,19969.46,2904.65
2025-05-01,SPK-LIME,Northeast,Club,1958,27417.17,12337.73,15079.44,2193.37
2025-05-01,SPK-LIME,Northeast,Convenience,2184,30578.72,13760.42,16818.3,2446.3
2025-05-01,SPK-LIME,Northeast,Ecommerce,979,13712.09,6170.44,7541.65,1096.97
2025-05-01,SPK-LIME,Northeast,Foodservice,1410,19737.27,8881.77,10855.5,1578.98
2025-05-01,SPK-LIME,Northeast,Grocery,3500,49002.83,22051.27,26951.56,3920.23
2025-05-01,SPK-LIME,South,Club,2444,34221.53,15399.69,18821.84,2737.72
2025-05-01,SPK-LIME,South,Convenience,2685,37586.64,16913.99,20672.65,3006.93
2025-05-01,SPK-LIME,South,Ecommerce,1174,16434.44,7395.5,9038.94,1314.76
2025-05-01,SPK-LIME,South,Foodservice,1701,23818.35,10718.26,13100.09,1905.47
2025-05-01,SPK-LIME,South,Grocery,4266,59721.08,26874.49,32846.59,4777.69
2025-05-01,SPK-LIME,West,Club,2949,41280.43,18576.19,22704.24,3302.43
2025-05-01,SPK-LIME,West,Convenience,3173,44426.05,19991.72,24434.33,3554.08
2025-05-01,SPK-LIME,West,Ecommerce,1435,20087.12,9039.2,11047.92,1606.97
2025-05-01,SPK-LIME,West,Foodservice,2005,28064.05,12628.82,15435.23,2245.12
2025-05-01,SPK-LIME,West,Grocery,4979,69707.55,31368.4,38339.15,5576.6
2025-05-01,SPK-PLAIN,Midwest,Club,1536,21501.78,9675.8,11825.98,1720.14
2025-05-01,SPK-PLAIN,Midwest,Convenience,1689,23651.5,10643.18,13008.32,1892.12
2025-05-01,SPK-PLAIN,Midwest,Ecommerce,779,10906.23,4907.8,5998.43,872.5
2025-05-01,SPK-PLAIN,Midwest,Foodservice,1090,15257.87,6866.04,8391.83,1220.63
2025-05-01,SPK-PLAIN,Midwest,Grocery,2705,37872.82,17042.77,20830.05,3029.83
2025-05-01,SPK-PLAIN,Mountain,Club,1091,15269.93,6871.47,8398.46,1221.59
2025-05-01,SPK-PLAIN,Mountain,Convenience,1257,17591.38,7916.12,9675.26,1407.31
2025-05-01,SPK-PLAIN,Mountain,Ecommerce,537,7524.55,3386.05,4138.5,601.96
2025-05-01,SPK-PLAIN,Mountain,Foodservice,770,10779.7,4850.86,5928.84,862.38
2025-05-01,SPK-PLAIN,Mountain,Grocery,1967,27538.68,12392.41,15146.27,2203.09
2025-05-01,SPK-PLAIN,Northeast,Club,1474,20631.04,9283.97,11347.07,1650.48
2025-05-01,SPK-PLAIN,Northeast,Convenience,1638,22925.12,10316.3,12608.82,1834.01
2025-05-01,SPK-PLAIN,Northeast,Ecommerce,716,10024.44,4511.0,5513.44,801.96
2025-05-01,SPK-PLAIN,Northeast,Foodservice,1031,14437.67,6496.95,7940.72,1155.01
2025-05-01,SPK-PLAIN,Northeast,Grocery,2378,33286.88,14979.1,18307.78,2662.95
2025-05-01,SPK-PLAIN,South,Club,1796,25148.63,11316.88,13831.75,2011.89
2025-05-01,SPK-PLAIN,South,Convenience,1988,27830.37,12523.67,15306.7,2226.43
2025-05-01,SPK-PLAIN,South,Ecommerce,868,12156.78,5470.55,6686.23,972.54
2025-05-01,SPK-PLAIN,South,Foodservice,1263,17683.34,7957.5,9725.84,1414.67
2025-05-01,SPK-PLAIN,South,Grocery,2927,40982.47,18442.11,22540.36,3278.6
2025-05-01,SPK-PLAIN,West,Club,2071,28987.02,13044.16,15942.86,2318.96
2025-05-01,SPK-PLAIN,West,Convenience,2364,33099.06,14894.58,18204.48,2647.92
2025-05-01,SPK-PLAIN,West,Ecommerce,1070,14986.1,6743.74,8242.36,1198.89
2025-05-01,SPK-PLAIN,West,Foodservice,1496,20940.72,9423.32,11517.4,1675.26
2025-05-01,SPK-PLAIN,West,Grocery,3438,48135.96,21661.18,26474.78,3850.88
2025-05-01,STL-1L,Midwest,Club,19931,179383.42,111217.72,68165.7,10763.01
2025-05-01,STL-1L,Midwest,Convenience,5519,49666.71,30793.36,18873.35,2980.0
2025-05-01,STL-1L,Midwest,Ecommerce,2589,23300.3,14446.19,8854.11,1398.02
2025-05-01,STL-1L,Midwest,Foodservice,3629,32660.98,20249.81,12411.17,1959.66
2025-05-01,STL-1L,Midwest,Grocery,8356,75202.64,46625.64,28577.0,4512.16
2025-05-01,STL-1L,Mountain,Club,3654,32882.27,20387.01,12495.26,1972.94
2025-05-01,STL-1L,Mountain,Convenience,3933,35396.44,21945.79,13450.65,2123.79
2025-05-01,STL-1L,Mountain,Ecommerce,1771,15943.23,9884.8,6058.43,956.59
2025-05-01,STL-1L,Mountain,Foodservice,2438,21942.57,13604.39,8338.18,1316.55
2025-05-01,STL-1L,Mountain,Grocery,6078,54704.06,33916.52,20787.54,3282.24
2025-05-01,STL-1L,Northeast,Club,4716,42445.44,26316.17,16129.27,2546.73
2025-05-01,STL-1L,Northeast,Convenience,5090,45806.75,28400.19,17406.56,2748.4
2025-05-01,STL-1L,Northeast,Ecommerce,2234,20103.16,12463.96,7639.2,1206.19
2025-05-01,STL-1L,Northeast,Foodservice,3339,30048.46,18630.05,11418.41,1802.91
2025-05-01,STL-1L,Northeast,Grocery,7953,71573.03,44375.28,27197.75,4294.38
2025-05-01,STL-1L,South,Club,5467,49205.97,30507.7,18698.27,2952.36
2025-05-01,STL-1L,South,Convenience,5952,53565.19,33210.42,20354.77,3213.91
2025-05-01,STL-1L,South,Ecommerce,2829,25461.35,15786.04,9675.31,1527.68
2025-05-01,STL-1L,South,Foodservice,3817,34350.38,21297.24,13053.14,2061.02
2025-05-01,STL-1L,South,Grocery,9346,84114.6,52151.05,31963.55,5046.88
2025-05-01,STL-1L,West,Club,6763,60867.82,37738.05,23129.77,3652.07
2025-05-01,STL-1L,West,Convenience,7141,64266.9,39845.48,24421.42,3856.01
2025-05-01,STL-1L,West,Ecommerce,3213,28913.32,17926.26,10987.06,1734.8
2025-05-01,STL-1L,West,Foodservice,4791,43120.75,26734.87,16385.88,2587.24
2025-05-01,STL-1L,West,Grocery,11172,100549.37,62340.61,38208.76,6032.96
2025-05-01,STL-500,Midwest,Club,5638,50742.95,31460.63,19282.32,3044.58
2025-05-01,STL-500,Midwest,Convenience,5898,53082.95,32911.43,20171.52,3184.98
2025-05-01,STL-500,Midwest,Ecommerce,2813,25315.84,15695.82,9620.02,1518.95
2025-05-01,STL-500,Midwest,Foodservice,3837,34535.54,21412.03,13123.51,2072.13
2025-05-01,STL-500,Midwest,Grocery,9718,87458.19,54224.08,33234.11,5247.49
2025-05-01,STL-500,Mountain,Club,3793,34136.77,21164.8,12971.97,2048.21
2025-05-01,STL-500,Mountain,Convenience,4237,38132.68,23642.26,14490.42,2287.96
2025-05-01,STL-500,Mountain,Ecommerce,1860,16742.33,10380.24,6362.09,1004.54
2025-05-01,STL-500,Mountain,Foodservice,2768,24914.49,15446.98,9467.51,1494.87
2025-05-01,STL-500,Mountain,Grocery,6653,59874.73,37122.33,22752.4,3592.48
2025-05-01,STL-500,Northeast,Club,5017,45155.28,27996.27,17159.01,2709.32
2025-05-01,STL-500,Northeast,Convenience,5255,47292.6,29321.41,17971.19,2837.56
2025-05-01,STL-500,Northeast,Ecommerce,2522,22695.66,14071.31,8624.35,1361.74
2025-05-01,STL-500,Northeast,Foodservice,3590,32313.75,20034.53,12279.22,1938.82
2025-05-01,STL-500,Northeast,Grocery,8576,77185.2,47854.82,29330.38,4631.11
2025-05-01,STL-500,South,Club,6118,55059.39,34136.82,20922.57,3303.56
2025-05-01,STL-500,South,Convenience,6489,58405.23,36211.24,22193.99,3504.31
2025-05-01,STL-500,South,Ecommerce,3104,27937.78,17321.42,10616.36,1676.27
2025-05-01,STL-500,South,Foodservice,4323,38911.07,24124.86,14786.21,2334.66
2025-05-01,STL-500,South,Grocery,10427,93841.05,58181.45,35659.6,5630.46
2025-05-01,STL-500,West,Club,7213,64913.47,40246.35,24667.12,3894.81
2025-05-01,STL-500,West,Convenience,7840,70561.06,43747.86,26813.2,4233.66
2025-05-01,STL-500,West,Ecommerce,3651,32860.62,20373.58,12487.04,1971.64
2025-05-01,STL-500,West,Foodservice,5063,45571.05,28254.05,17317.0,2734.26
2025-05-01,STL-500,West,Grocery,12409,111682.08,69242.89,42439.19,6700.92
2025-06-01,COLA-CHERRY,Midwest,Club,3086,37028.62,20365.74,16662.88,5184.01
2025-06-01,COLA-CHERRY,Midwest,Convenience,3475,41704.03,22937.22,18766.81,5838.56
2025-06-01,COLA-CHERRY,Midwest,Ecommerce,1587,19039.32,10471.63,8567.69,2665.5
2025-06-01,COLA-CHERRY,Midwest,Foodservice,2145,25737.57,14155.66,11581.91,3603.26
2025-06-01,COLA-CHERRY,Midwest,Grocery,5288,63454.17,34899.79,28554.38,8883.58
2025-06-01,COLA-CHERRY,Mountain,Club,2247,26962.24,14829.23,12133.01,3774.71
2025-06-01,COLA-CHERRY,Mountain,Convenience,2393,28714.73,15793.1,12921.63,4020.06
2025-06-01,COLA-CHERRY,Mountain,Ecommerce,1119,13429.99,7386.49,6043.5,1880.2
2025-06-01,COLA-CHERRY,Mountain,Foodservice,1568,18814.26,10347.84,8466.42,2634.0
2025-06-01,COLA-CHERRY,Mountain,Grocery,3836,46035.1,25319.31,20715.79,6444.91
2025-06-01,COLA-CHERRY,Northeast,Club,2732,32779.2,18028.56,14750.64,4589.09
2025-06-01,COLA-CHERRY,Northeast,Convenience,3152,37818.29,20800.06,17018.23,5294.56
2025-06-01,COLA-CHERRY,Northeast,Ecommerce,1435,17221.02,9471.56,7749.46,2410.94
2025-06-01,COLA-CHERRY,Northeast,Foodservice,2020,24237.54,13330.65,10906.89,3393.26
2025-06-01,COLA-CHERRY,Northeast,Grocery,4855,58254.56,32040.01,26214.55,8155.64
2025-06-01,COLA-CHERRY,South,Club,3435,41221.65,22671.91,18549.74,5771.03
2025-06-01,COLA-CHERRY,South,Convenience,3789,45469.59,25008.27,20461.32,6365.74
2025-06-01,COLA-CHERRY,South,Ecommerce,1788,21461.03,11803.57,9657.46,3004.54
2025-06-01,COLA-CHERRY,South,Foodservice,2483,29795.76,16387.67,13408.09,4171.41
2025-06-01,COLA-CHERRY,South,Grocery,5901,70813.48,38947.41,31866.07,9913.89
2025-06-01,COLA-CHERRY,West,Club,4026,48311.93,26571.56,21740.37,6763.67
2025-06-01,COLA-CHERRY,West,Convenience,4618,55418.23,30480.03,24938.2,7758.55
2025-06-01,COLA-CHERRY,West,Ecommerce,2114,25372.56,13954.91,11417.65,3552.16
2025-06-01,COLA-CHERRY,West,Foodservice,2884,34605.51,19033.03,15572.48,4844.77
2025-06-01,COLA-CHERRY,West,Grocery,6931,83174.83,45746.16,37428.67,11644.48
2025-06-01,COLA-DIET,Midwest,Club,14878,178533.85,98193.62,80340.23,24994.74
2025-06-01,COLA-DIET,Midwest,Convenience,4193,50311.1,27671.1,22640.0,7043.55
2025-06-01,COLA-DIET,Midwest,Ecommerce,1898,22774.56,12526.01,10248.55,3188.44
2025-06-01,COLA-DIET,Midwest,Foodservice,2550,30597.04,16828.37,13768.67,4283.59
2025-06-01,COLA-DIET,Midwest,Grocery,6436,77232.39,42477.81,34754.58,10812.53
2025-06-01,COLA-DIET,Mountain,Club,2544,30530.31,16791.67,13738.64,4274.24
2025-06-01,COLA-DIET,Mountain,Convenience,2986,35830.02,19706.51,16123.51,5016.2
2025-06-01,COLA-DIET,Mountain,Ecommerce,1293,15521.26,8536.69,6984.57,2172.98
2025-06-01,COLA-DIET,Mountain,Foodservice,1909,22906.68,12598.67,10308.01,3206.94
2025-06-01,COLA-DIET,Mountain,Grocery,4473,53671.89,29519.54,24152.35,7514.06
2025-06-01,COLA-DIET,Northeast,Club,3385,40622.92,22342.61,18280.31,5687.21
2025-06-01,COLA-DIET,Northeast,Convenience,3624,43485.06,23916.78,19568.28,6087.91
2025-06-01,COLA-DIET,Northeast,Ecommerce,1755,21062.71,11584.49,9478.22,2948.78
2025-06-01,COLA-DIET,Northeast,Foodservice,2326,27915.01,15353.26,12561.75,3908.1
2025-06-01,COLA-DIET,Northeast,Grocery,5649,67782.58,37280.42,30502.16,9489.56
2025-06-01,COLA-DIET,South,Club,4047,48562.78,26709.53,21853.25,6798.79
2025-06-01,COLA-DIET,South,Convenience,4516,54193.8,29806.59,24387.21,7587.13
2025-06-01,COLA-DIET,South,Ecommerce,2117,25405.5,13973.02,11432.48,3556.77
2025-06-01,COLA-DIET,South,Foodservice,2818,33816.44,18599.04,15217.4,4734.3
2025-06-01,COLA-DIET,South,Grocery,7034,84412.74,46427.01,37985.73,11817.78
2025-06-01,COLA-DIET,West,Club,4898,58772.41,32324.83,26447.58,8228.14
2025-06-01,COLA-DIET,West,Convenience,5460,65521.67,36036.92,29484.75,9173.03
2025-06-01,COLA-DIET,West,Ecommerce,2462,29543.36,16248.85,13294.51,4136.07
2025-06-01,COLA-DIET,West,Foodservice,3379,40547.05,22300.88,18246.17,5676.59
2025-06-01,COLA-DIET,West,Grocery,8120,97439.2,53591.56,43847.64,13641.49
2025-06-01,COLA-REG,Midwest,Club,16136,193634.38,106498.91,87135.47,27108.81
2025-06-01,COLA-REG,Midwest,Convenience,5580,66957.79,36826.78,30131.01,9374.09
2025-06-01,COLA-REG,Midwest,Ecommerce,2609,31309.52,17220.24,14089.28,4383.33
2025-06-01,COLA-REG,Midwest,Foodservice,3563,42755.1,23515.31,19239.79,5985.71
2025-06-01,COLA-REG,Midwest,Grocery,8733,104796.82,57638.25,47158.57,14671.55
2025-06-01,COLA-REG,Mountain,Club,3570,42836.87,23560.28,19276.59,5997.16
2025-06-01,COLA-REG,Mountain,Convenience,3841,46088.12,25348.47,20739.65,6452.34
2025-06-01,COLA-REG,Mountain,Ecommerce,1817,21807.69,11994.23,9813.46,3053.08
2025-06-01,COLA-REG,Mountain,Foodservice,2504,30049.23,16527.08,13522.15,4206.89
2025-06-01,COLA-REG,Mountain,Grocery,6055,72658.41,39962.13,32696.28,10172.18
2025-06-01,COLA-REG,Northeast,Club,4525,54305.97,29868.28,24437.69,7602.84
2025-06-01,COLA-REG,Northeast,Convenience,4972,59660.35,32813.19,26847.16,8352.45
2025-06-01,COLA-REG,Northeast,Ecommerce,2237,26841.67,14762.92,12078.75,3757.83
2025-06-01,COLA-REG,Northeast,Foodservice,3303,39637.74,21800.76,17836.98,5549.28
2025-06-01,COLA-REG,Northeast,Grocery,7619,91432.47,50287.86,41144.61,12800.55
2025-06-01,COLA-REG,South,Club,5575,66901.47,36795.81,30105.66,9366.21
2025-06-01,COLA-REG,South,Convenience,6260,75116.66,41314.16,33802.5,10516.33
2025-06-01,COLA-REG,South,Ecommerce,2700,32399.98,17819.99,14579.99,4536.0
2025-06-01,COLA-REG,South,Foodservice,3807,45689.74,25129.36,20560.38,6396.56
2025-06-01,COLA-REG,South,Grocery,9242,110900.12,60995.07,49905.05,15526.02
2025-06-01,COLA-REG,West,Club,6317,75808.85,41694.87,34113.98,10613.24
2025-06-01,COLA-REG,West,Convenience,7346,88156.62,48486.14,39670.48,12341.93
2025-06-01,COLA-REG,West,Ecommerce,3158,37899.72,20844.85,17054.87,5305.96
2025-06-01,COLA-REG,West,Foodservice,4583,54995.19,30247.35,24747.84,7699.33
2025-06-01,COLA-REG,West,Grocery,10894,130723.87,71898.13,58825.74,18301.34
2025-06-01,ENG-ORIG,Midwest,Club,1557,34255.82,13702.33,20553.49,3768.14
2025-06-01,ENG-ORIG,Midwest,Convenience,1706,37532.63,15013.05,22519.58,4128.59
2025-06-01,ENG-ORIG,Midwest,Ecommerce,783,17228.91,6891.56,10337.35,1895.18
2025-06-01,ENG-ORIG,Midwest,Foodservice,1087,23921.6,9568.64,14352.96,2631.38
2025-06-01,ENG-ORIG,Midwest,Grocery,2650,58307.34,23322.94,34984.4,6413.81
2025-06-01,ENG-ORIG,Mountain,Club,1107,24348.8,9739.52,14609.28,2678.37
2025-06-01,ENG-ORIG,Mountain,Convenience,1217,26773.42,10709.37,16064.05,2945.08
2025-06-01,ENG-ORIG,Mountain,Ecommerce,557,12259.92,4903.97,7355.95,1348.59
2025-06-01,ENG-ORIG,Mountain,Foodservice,740,16289.99,6516.0,9773.99,1791.9
2025-06-01,ENG-ORIG,Mountain,Grocery,1912,42067.79,16827.12,25240.67,4627.46
2025-06-01,ENG-ORIG,Northeast,Club,1378,30306.4,12122.56,18183.84,3333.7
2025-06-01,ENG-ORIG,Northeast,Convenience,1606,35324.97,14129.99,21194.98,3885.75
2025-06-01,ENG-ORIG,Northeast,Ecommerce,690,15179.95,6071.98,9107.97,1669.79
2025-06-01,ENG-ORIG,Northeast,Foodservice,994,21872.87,8749.15,13123.72,2406.02
2025-06-01,ENG-ORIG,Northeast,Grocery,2411,53038.64,21215.46,31823.18,5834.25
2025-06-01,ENG-ORIG,South,Club,1786,39286.43,15714.57,23571.86,4321.51
2025-06-01,ENG-ORIG,South,Convenience,1923,42302.87,16921.15,25381.72,4653.32
2025-06-01,ENG-ORIG,South,Ecommerce,829,18231.3,7292.52,10938.78,2005.44
2025-06-01,ENG-ORIG,South,Foodservice,1177,25900.66,10360.26,15540.4,2849.07
2025-06-01,ENG-ORIG,South,Grocery,2938,64629.37,25851.75,38777.62,7109.23
2025-06-01,ENG-ORIG,West,Club,1989,43764.14,17505.66,26258.48,4814.06
2025-06-01,ENG-ORIG,West,Convenience,2287,50319.15,20127.66,30191.49,5535.11
2025-06-01,ENG-ORIG,West,Ecommerce,1003,22072.16,8828.86,13243.3,2427.94
2025-06-01,ENG-ORIG,West,Foodservice,1471,32361.43,12944.57,19416.86,3559.76
2025-06-01,ENG-ORIG,West,Grocery,3389,74555.44,29822.18,44733.26,8201.1
2025-06-01,ENG-ZERO,Midwest,Club,1271,27961.23,11184.49,16776.74,3075.74
2025-06-01,ENG-ZERO,Midwest,Convenience,1432,31514.0,12605.6,18908.4,3466.54
2025-06-01,ENG-ZERO,Midwest,Ecommerce,637,14022.58,5609.03,8413.55,1542.48
2025-06-01,ENG-ZERO,Midwest,Foodservice,879,19343.31,7737.32,11605.99,2127.76
2025-06-01,ENG-ZERO,Midwest,Grocery,2086,45883.59,18353.44,27530.15,5047.19
2025-06-01,ENG-ZERO,Mountain,Club,863,18975.31,7590.12,11385.19,2087.28
2025-06-01,ENG-ZERO,Mountain,Convenience,944,20758.83,8303.53,12455.3,2283.47
2025-06-01,ENG-ZERO,Mountain,Ecommerce,427,9403.11,3761.24,5641.87,1034.34
2025-06-01,ENG-ZERO,Mountain,Foodservice,636,13998.36,5599.34,8399.02,1539.82
2025-06-01,ENG-ZERO,Mountain,Grocery,1498,32946.74,13178.7,19768.04,3624.14
2025-06-01,ENG-ZERO,Northeast,Club,1107,24349.22,9739.69,14609.53,2678.41
2025-06-01,ENG-ZERO,Northeast,Convenience,1281,28189.69,11275.88,16913.81,3100.87
2025-06-01,ENG-ZERO,Northeast,Ecommerce,550,12093.71,4837.48,7256.23,1330.31
2025-06-01,ENG-ZERO,Northeast,Foodservice,799,17586.8,7034.72,10552.08,1934.55
2025-06-01,ENG-ZERO,Northeast,Grocery,1948,42848.44,17139.38,25709.06,4713.33
2025-06-01,ENG-ZERO,South,Club,1331,29292.1,11716.84,17575.26,3222.13
2025-06-01,ENG-ZERO,South,Convenience,1547,34031.33,13612.53,20418.8,3743.45
2025-06-01,ENG-ZERO,South,Ecommerce,709,15605.72,6242.29,9363.43,1716.63
2025-06-01,ENG-ZERO,South,Foodservice,967,21277.27,8510.91,12766.36,2340.5
2025-06-01,ENG-ZERO,South,Grocery,2385,52462.06,20984.82,31477.24,5770.83
2025-06-01,ENG-ZERO,West,Club,1667,36673.58,14669.43,22004.15,4034.09
2025-06-01,ENG-ZERO,West,Convenience,1833,40329.0,16131.6,24197.4,4436.19
2025-06-01,ENG-ZERO,West,Ecommerce,845,18586.25,7434.5,11151.75,2044.49
2025-06-01,ENG-ZERO,West,Foodservice,1167,25673.11,10269.24,15403.87,2824.04
2025-06-01,ENG-ZERO,West,Grocery,2858,62867.13,25146.85,37720.28,6915.38
2025-06-01,JUC-APPLE,Midwest,Club,2576,41221.53,23908.49,17313.04,3709.94
2025-06-01,JUC-APPLE,Midwest,Convenience,2904,46456.45,26944.74,19511.71,4181.08
2025-06-01,JUC-APPLE,Midwest,Ecommerce,1343,21492.91,12465.89,9027.02,1934.36
2025-06-01,JUC-APPLE,Midwest,Foodservice,1807,28911.97,16768.94,12143.03,2602.08
2025-06-01,JUC-APPLE,Midwest,Grocery,4289,68623.52,39801.64,28821.88,6176.12
2025-06-01,JUC-APPLE,Mountain,Club,1854,29668.45,17207.7,12460.75,2670.16
2025-06-01,JUC-APPLE,Mountain,Convenience,2052,32830.58,19041.74,13788.84,2954.75
2025-06-01,JUC-APPLE,Mountain,Ecommerce,905,14481.78,8399.43,6082.35,1303.36
2025-06-01,JUC-APPLE,Mountain,Foodservice,1281,20499.95,11889.97,8609.98,1845.0
2025-06-01,JUC-APPLE,Mountain,Grocery,3096,49533.73,28729.56,20804.17,4458.04
2025-06-01,JUC-APPLE,Northeast,Club,2281,36501.41,21170.82,15330.59,3285.13
2025-06-01,JUC-APPLE,Northeast,Convenience,2624,41983.99,24350.71,17633.28,3778.56
2025-06-01,JUC-APPLE,Northeast,Ecommerce,1173,18767.24,10885.0,7882.24,1689.05
2025-06-01,JUC-APPLE,Northeast,Foodservice,1599,25581.13,14837.06,10744.07,2302.3
2025-06-01,JUC-APPLE,Northeast,Grocery,3927,62839.12,36446.69,26392.43,5655.52
2025-06-01,JUC-APPLE,South,Club,2876,46010.16,26685.89,19324.27,4140.91
2025-06-01,JUC-APPLE,South,Convenience,3099,49590.51,28762.5,20828.01,4463.15
2025-06-01,JUC-APPLE,South,Ecommerce,1385,22157.05,12851.09,9305.96,1994.13
2025-06-01,JUC-APPLE,South,Foodservice,1966,31463.65,18248.92,13214.73,2831.73
2025-06-01,JUC-APPLE,South,Grocery,4762,76195.58,44193.44,32002.14,6857.6
2025-06-01,JUC-APPLE,West,Club,3437,54985.58,31891.64,23093.94,4948.7
2025-06-01,JUC-APPLE,West,Convenience,3781,60502.52,35091.46,25411.06,5445.23
2025-06-01,JUC-APPLE,West,Ecommerce,1646,26329.04,15270.84,11058.2,2369.61
2025-06-01,JUC-APPLE,West,Foodservice,2350,37596.49,21805.96,15790.53,3383.68
2025-06-01,JUC-APPLE,West,Grocery,5871,93940.95,54485.75,39455.2,8454.69
2025-06-01,JUC-MANGO,Midwest,Club,2180,34884.64,20233.09,14651.55,3139.62
2025-06-01,JUC-MANGO,Midwest,Convenience,2321,37135.73,21538.72,15597.01,3342.22
2025-06-01,JUC-MANGO,Midwest,Ecommerce,1043,16689.78,9680.07,7009.71,1502.08
2025-06-01,JUC-MANGO,Midwest,Foodservice,1502,24037.08,13941.51,10095.57,2163.34
2025-06-01,JUC-MANGO,Midwest,Grocery,3624,57988.45,33633.3,24355.15,5218.96
2025-06-01,JUC-MANGO,Mountain,Club,1470,23517.91,13640.39,9877.52,2116.61
2025-06-01,JUC-MANGO,Mountain,Convenience,1651,26419.51,15323.32,11096.19,2377.76
2025-06-01,JUC-MANGO,Mountain,Ecommerce,769,12297.29,7132.43,5164.86,1106.76
2025-06-01,JUC-MANGO,Mountain,Foodservice,1028,16446.07,9538.72,6907.35,1480.15
2025-06-01,JUC-MANGO,Mountain,Grocery,2582,41318.71,23964.85,17353.86,3718.68
2025-06-01,JUC-MANGO,Northeast,Club,1939,31027.19,17995.77,13031.42,2792.45
2025-06-01,JUC-MANGO,Northeast,Convenience,2138,34206.54,19839.79,14366.75,3078.59
2025-06-01,JUC-MANGO,Northeast,Ecommerce,962,15385.2,8923.42,6461.78,1384.67
2025-06-01,JUC-MANGO,Northeast,Foodservice,1378,22052.52,12790.46,9262.06,1984.73
2025-06-01,JUC-MANGO,Northeast,Grocery,3187,50995.58,29577.44,21418.14,4589.6
2025-06-01,JUC-MANGO,South,Club,2323,37161.58,21553.72,15607.86,3344.54
2025-06-01,JUC-MANGO,South,Convenience,2535,40566.49,23528.56,17037.93,3650.98
2025-06-01,JUC-MANGO,South,Ecommerce,1194,19105.71,11081.31,8024.4,1719.51
2025-06-01,JUC-MANGO,South,Foodservice,1662,26591.5,15423.07,11168.43,2393.24
2025-06-01,JUC-MANGO,South,Grocery,4091,65463.78,37968.99,27494.79,5891.74
2025-06-01,JUC-MANGO,West,Club,2846,45542.9,26414.88,19128.02,4098.86
2025-06-01,JUC-MANGO,West,Convenience,3107,49712.95,28833.51,20879.44,4474.17
2025-06-01,JUC-MANGO,West,Ecommerce,1406,22500.53,13050.31,9450.22,2025.05
2025-06-01,JUC-MANGO,West,Foodservice,1920,30724.34,17820.12,12904.22,2765.19
2025-06-01,JUC-MANGO,West,Grocery,4584,73346.68,42541.07,30805.61,6601.2
2025-06-01,JUC-ORANGE,Midwest,Club,3050,48797.85,28302.75,20495.1,4391.81
2025-06-01,JUC-ORANGE,Midwest,Convenience,3334,53347.26,30941.41,22405.85,4801.25
2025-06-01,JUC-ORANGE,Midwest,Ecommerce,1490,23843.35,13829.14,10014.21,2145.9
2025-06-01,JUC-ORANGE,Midwest,Foodservice,2136,34169.88,19818.53,14351.35,3075.29
2025-06-01,JUC-ORANGE,Midwest,Grocery,5200,83198.37,48255.05,34943.32,7487.85
2025-06-01,JUC-ORANGE,Mountain,Club,2125,33994.5,19716.81,14277.69,3059.5
2025-06-01,JUC-ORANGE,Mountain,Convenience,2411,38569.53,22370.33,16199.2,3471.26
2025-06-01,JUC-ORANGE,Mountain,Ecommerce,1103,17651.49,10237.86,7413.63,1588.63
2025-06-01,JUC-ORANGE,Mountain,Foodservice,1450,23197.8,13454.72,9743.08,2087.8
2025-06-01,JUC-ORANGE,Mountain,Grocery,3716,59451.79,34482.04,24969.75,5350.66
2025-06-01,JUC-ORANGE,Northeast,Club,2832,45306.03,26277.5,19028.53,4077.54
2025-06-01,JUC-ORANGE,Northeast,Convenience,3110,49761.23,28861.51,20899.72,4478.51
2025-06-01,JUC-ORANGE,Northeast,Ecommerce,1406,22493.33,13046.13,9447.2,2024.4
2025-06-01,JUC-ORANGE,Northeast,Foodservice,1958,31322.37,18166.97,13155.4,2819.01
2025-06-01,JUC-ORANGE,Northeast,Grocery,4654,74471.58,43193.52,31278.06,6702.44
2025-06-01,JUC-ORANGE,South,Club,3325,53201.29,30856.75,22344.54,4788.12
2025-06-01,JUC-ORANGE,South,Convenience,3673,58775.72,34089.92,24685.8,5289.81
2025-06-01,JUC-ORANGE,South,Ecommerce,1628,26049.08,15108.47,10940.61,2344.42
2025-06-01,JUC-ORANGE,South,Foodservice,2344,37509.45,21755.48,15753.97,3375.85
2025-06-01,JUC-ORANGE,South,Grocery,5611,89778.94,52071.79,37707.15,8080.1
2025-06-01,JUC-ORANGE,West,Club,3885,62165.62,36056.06,26109.56,5594.91
2025-06-01,JUC-ORANGE,West,Convenience,4526,72422.47,42005.03,30417.44,6518.02
2025-06-01,JUC-ORANGE,West,Ecommerce,2053,32852.39,19054.39,13798.0,2956.72
2025-06-01,JUC-ORANGE,West,Foodservice,2780,44485.47,25801.57,18683.9,4003.69
2025-06-01,JUC-ORANGE,West,Grocery,6563,105001.97,60901.14,44100.83,9450.18
2025-06-01,ROOT-BEER,Midwest,Club,3266,39194.18,21556.8,17637.38,5487.19
2025-06-01,ROOT-BEER,Midwest,Convenience,3425,41099.43,22604.69,18494.74,5753.92
2025-06-01,ROOT-BEER,Midwest,Ecommerce,1626,19515.87,10733.73,8782.14,2732.22
2025-06-01,ROOT-BEER,Midwest,Foodservice,2213,26557.3,14606.52,11950.78,3718.02
2025-06-01,ROOT-BEER,Midwest,Grocery,5151,61815.85,33998.72,27817.13,8654.22
2025-06-01,ROOT-BEER,Mountain,Club,2197,26360.94,14498.52,11862.42,3690.53
2025-06-01,ROOT-BEER,Mountain,Convenience,2489,29868.17,16427.49,13440.68,4181.54
2025-06-01,ROOT-BEER,Mountain,Ecommerce,1139,13665.16,7515.84,6149.32,1913.12
2025-06-01,ROOT-BEER,Mountain,Foodservice,1540,18479.6,10163.78,8315.82,2587.14
2025-06-01,ROOT-BEER,Mountain,Grocery,3774,45289.16,24909.04,20380.12,6340.48
2025-06-01,ROOT-BEER,Northeast,Club,2916,34991.31,19245.22,15746.09,4898.78
2025-06-01,ROOT-BEER,Northeast,Convenience,3048,36579.52,20118.74,16460.78,5121.13
2025-06-01,ROOT-BEER,Northeast,Ecommerce,1461,17527.81,9640.3,7887.51,2453.89
2025-06-01,ROOT-BEER,Northeast,Foodservice,2009,24102.92,13256.61,10846.31,3374.41
2025-06-01,ROOT-BEER,Northeast,Grocery,4885,58614.58,32238.02,26376.56,8206.04
2025-06-01,ROOT-BEER,South,Club,3537,42442.97,23343.63,19099.34,5942.02
2025-06-01,ROOT-BEER,South,Convenience,3775,45303.48,24916.91,20386.57,6342.49
2025-06-01,ROOT-BEER,South,Ecommerce,1766,21193.14,11656.23,9536.91,2967.04
2025-06-01,ROOT-BEER,South,Foodservice,2357,28284.89,15556.69,12728.2,3959.88
2025-06-01,ROOT-BEER,South,Grocery,5823,69873.0,38430.15,31442.85,9782.22
2025-06-01,ROOT-BEER,West,Club,3970,47643.7,26204.04,21439.66,6670.12
2025-06-01,ROOT-BEER,West,Convenience,4647,55759.59,30667.77,25091.82,7806.34
2025-06-01,ROOT-BEER,West,Ecommerce,2068,24820.23,13651.13,11169.1,3474.83
2025-06-01,ROOT-BEER,West,Foodservice,2926,35113.34,19312.34,15801.0,4915.87
2025-06-01,ROOT-BEER,West,Grocery,6834,82013.93,45107.66,36906.27,11481.95
2025-06-01,SPK-BERRY,Midwest,Club,2183,30567.39,13755.33,16812.06,2445.39
2025-06-01,SPK-BERRY,Midwest,Convenience,2500,35001.5,15750.68,19250.82,2800.12
2025-06-01,SPK-BERRY,Midwest,Ecommerce,1126,15764.74,7094.13,8670.61,1261.18
2025-06-01,SPK-BERRY,Midwest,Foodservice,1539,21552.62,9698.68,11853.94,1724.21
2025-06-01,SPK-BERRY,Midwest,Grocery,3884,54373.23,24467.95,29905.28,4349.86
2025-06-01,SPK-BERRY,Mountain,Club,1596,22345.93,10055.67,12290.26,1787.67
2025-06-01,SPK-BERRY,Mountain,Convenience,1773,24819.62,11168.83,13650.79,1985.57
2025-06-01,SPK-BERRY,Mountain,Ecommerce,786,11003.91,4951.76,6052.15,880.31
2025-06-01,SPK-BERRY,Mountain,Foodservice,1117,15642.38,7039.07,8603.31,1251.39
2025-06-01,SPK-BERRY,Mountain,Grocery,2790,39064.78,17579.15,21485.63,3125.18
2025-06-01,SPK-BERRY,Northeast,Club,1974,27631.25,12434.06,15197.19,2210.5
2025-06-01,SPK-BERRY,Northeast,Convenience,2205,30869.62,13891.33,16978.29,2469.57
2025-06-01,SPK-BERRY,Northeast,Ecommerce,1001,14012.6,6305.67,7706.93,1121.01
2025-06-01,SPK-BERRY,Northeast,Foodservice,1401,19618.25,8828.21,10790.04,1569.46
2025-06-01,SPK-BERRY,Northeast,Grocery,3585,50183.37,22582.52,27600.85,4014.67
2025-06-01,SPK-BERRY,South,Club,2490,34863.03,15688.36,19174.67,2789.04
2025-06-01,SPK-BERRY,South,Convenience,2811,39351.6,17708.22,21643.38,3148.13
2025-06-01,SPK-BERRY,South,Ecommerce,1231,17229.8,7753.41,9476.39,1378.38
2025-06-01,SPK-BERRY,South,Foodservice,1680,23514.84,10581.68,12933.16,1881.19
2025-06-01,SPK-BERRY,South,Grocery,4288,60031.98,27014.39,33017.59,4802.56
2025-06-01,SPK-BERRY,West,Club,2984,41773.41,18798.03,22975.38,3341.87
2025-06-01,SPK-BERRY,West,Convenience,3239,45349.73,20407.38,24942.35,3627.98
2025-06-01,SPK-BERRY,West,Ecommerce,1453,20341.12,9153.5,11187.62,1627.29
2025-06-01,SPK-BERRY,West,Foodservice,2033,28464.91,12809.21,15655.7,2277.19
2025-06-01,SPK-BERRY,West,Grocery,4995,69927.6,31467.42,38460.18,5594.21
2025-06-01,SPK-LIME,Midwest,Club,2492,34894.78,15702.65,19192.13,2791.58
2025-06-01,SPK-LIME,Midwest,Convenience,2606,36477.27,16414.77,20062.5,2918.18
2025-06-01,SPK-LIME,Midwest,Ecommerce,1195,16725.71,7526.57,9199.14,1338.06
2025-06-01,SPK-LIME,Midwest,Foodservice,1676,23470.92,10561.91,12909.01,1877.67
2025-06-01,SPK-LIME,Midwest,Grocery,4036,56506.21,25427.79,31078.42,4520.5
2025-06-01,SPK-LIME,Mountain,Club,1719,24070.4,10831.68,13238.72,1925.63
2025-06-01,SPK-LIME,Mountain,Convenience,1845,25831.76,11624.29,14207.47,2066.54
2025-06-01,SPK-LIME,Mountain,Ecommerce,827,11576.28,5209.33,6366.95,926.1
2025-06-01,SPK-LIME,Mountain,Foodservice,1169,16368.69,7365.91,9002.78,1309.5
2025-06-01,SPK-LIME,Mountain,Grocery,2859,40028.18,18012.68,22015.5,3202.25
2025-06-01,SPK-LIME,Northeast,Club,2112,29573.0,13307.85,16265.15,2365.84
2025-06-01,SPK-LIME,Northeast,Convenience,2443,34196.87,15388.59,18808.28,2735.75
2025-06-01,SPK-LIME,Northeast,Ecommerce,1097,15352.87,6908.79,8444.08,1228.23
2025-06-01,SPK-LIME,Northeast,Foodservice,1506,21090.54,9490.74,11599.8,1687.24
2025-06-01,SPK-LIME,Northeast,Grocery,3722,52112.87,23450.79,28662.08,4169.03
2025-06-01,SPK-LIME,South,Club,2570,35977.03,16189.66,19787.37,2878.16
2025-06-01,SPK-LIME,South,Convenience,2822,39512.1,17780.44,21731.66,3160.97
2025-06-01,SPK-LIME,South,Ecommerce,1278,17897.99,8054.1,9843.89,1431.84
2025-06-01,SPK-LIME,South,Foodservice,1816,25428.87,11442.99,13985.88,2034.31
2025-06-01,SPK-LIME,South,Grocery,4430,62015.61,27907.02,34108.59,4961.25
2025-06-01,SPK-LIME,West,Club,3000,42005.4,18902.43,23102.97,3360.43
2025-06-01,SPK-LIME,West,Convenience,3514,49192.36,22136.56,27055.8,3935.39
2025-06-01,SPK-LIME,West,Ecommerce,1520,21284.06,9577.83,11706.23,1702.72
2025-06-01,SPK-LIME,West,Foodservice,2260,31646.45,14240.9,17405.55,2531.72
2025-06-01,SPK-LIME,West,Grocery,5435,76087.81,34239.51,41848.3,6087.02
2025-06-01,SPK-PLAIN,Midwest,Club,1744,24415.02,10986.76,13428.26,1953.2
2025-06-01,SPK-PLAIN,Midwest,Convenience,1865,26109.45,11749.25,14360.2,2088.76
2025-06-01,SPK-PLAIN,Midwest,Ecommerce,864,12095.91,5443.16,6652.75,967.67
2025-06-01,SPK-PLAIN,Midwest,Foodservice,1197,16752.74,7538.73,9214.01,1340.22
2025-06-01,SPK-PLAIN,Midwest,Grocery,2841,39780.71,17901.32,21879.39,3182.46
2025-06-01,SPK-PLAIN,Mountain,Club,1200,16806.42,7562.89,9243.53,1344.51
2025-06-01,SPK-PLAIN,Mountain,Convenience,1342,18787.66,8454.45,10333.21,1503.01
2025-06-01,SPK-PLAIN,Mountain,Ecommerce,602,8427.12,3792.2,4634.92,674.17
2025-06-01,SPK-PLAIN,Mountain,Foodservice,825,11545.87,5195.64,6350.23,923.67
2025-06-01,SPK-PLAIN,Mountain,Grocery,2109,29526.9,13287.1,16239.8,2362.15
2025-06-01,SPK-PLAIN,Northeast,Club,1554,21751.95,9788.38,11963.57,1740.16
2025-06-01,SPK-PLAIN,Northeast,Convenience,1725,24146.63,10865.98,13280.65,1931.73
2025-06-01,SPK-PLAIN,Northeast,Ecommerce,756,10589.48,4765.27,5824.21,847.16
2025-06-01,SPK-PLAIN,Northeast,Foodservice,1053,14747.25,6636.26,8110.99,1179.78
2025-06-01,SPK-PLAIN,Northeast,Grocery,2594,36314.67,16341.6,19973.07,2905.17
2025-06-01,SPK-PLAIN,South,Club,1850,25899.37,11654.72,14244.65,2071.95
2025-06-01,SPK-PLAIN,South,Convenience,2108,29508.56,13278.85,16229.71,2360.68
2025-06-01,SPK-PLAIN,South,Ecommerce,918,12845.05,5780.27,7064.78,1027.6
2025-06-01,SPK-PLAIN,South,Foodservice,1344,18812.08,8465.44,10346.64,1504.97
2025-06-01,SPK-PLAIN,South,Grocery,3183,44566.79,20055.06,24511.73,3565.34
2025-06-01,SPK-PLAIN,West,Club,2335,32683.64,14707.64,17976.0,2614.69
2025-06-01,SPK-PLAIN,West,Convenience,2570,35985.33,16193.4,19791.93,2878.83
2025-06-01,SPK-PLAIN,West,Ecommerce,1162,16271.27,7322.07,8949.2,1301.7
2025-06-01,SPK-PLAIN,West,Foodservice,1544,21612.98,9725.84,11887.14,1729.04
2025-06-01,SPK-PLAIN,West,Grocery,3773,52815.17,23766.83,29048.34,4225.21
2025-06-01,STL-1L,Midwest,Club,19933,179396.88,111226.07,68170.81,10763.81
2025-06-01,STL-1L,Midwest,Convenience,6043,54386.68,33719.74,20666.94,3263.2
2025-06-01,STL-1L,Midwest,Ecommerce,2771,24943.15,15464.75,9478.4,1496.59
2025-06-01,STL-1L,Midwest,Foodservice,3695,33259.41,20620.83,12638.58,1995.56
2025-06-01,STL-1L,Midwest,Grocery,8948,80532.89,49930.39,30602.5,4831.97
2025-06-01,STL-1L,Mountain,Club,3850,34653.18,21484.97,13168.21,2079.19
2025-06-01,STL-1L,Mountain,Convenience,4196,37760.98,23411.81,14349.17,2265.66
2025-06-01,STL-1L,Mountain,Ecommerce,1889,17002.39,10541.48,6460.91,1020.14
2025-06-01,STL-1L,Mountain,Foodservice,2614,23529.4,14588.23,8941.17,1411.76
2025-06-01,STL-1L,Mountain,Grocery,6652,59870.24,37119.55,22750.69,3592.21
2025-06-01,STL-1L,Northeast,Club,4818,43359.07,26882.62,16476.45,2601.54
2025-06-01,STL-1L,Northeast,Convenience,5557,50009.07,31005.62,19003.45,3000.54
2025-06-01,STL-1L,Northeast,Ecommerce,2476,22282.86,13815.37,8467.49,1336.97
2025-06-01,STL-1L,Northeast,Foodservice,3533,31801.09,19716.68,12084.41,1908.07
2025-06-01,STL-1L,Northeast,Grocery,8035,72313.41,44834.31,27479.1,4338.8
2025-06-01,STL-1L,South,Club,5965,53681.36,33282.44,20398.92,3220.88
2025-06-01,STL-1L,South,Convenience,6385,57468.48,35630.46,21838.02,3448.11
2025-06-01,STL-1L,South,Ecommerce,3048,27429.19,17006.1,10423.09,1645.75
2025-06-01,STL-1L,South,Foodservice,4232,38091.47,23616.71,14474.76,2285.49
2025-06-01,STL-1L,South,Grocery,10361,93250.72,57815.45,35435.27,5595.04
2025-06-01,STL-1L,West,Club,7003,63030.15,39078.69,23951.46,3781.81
2025-06-01,STL-1L,West,Convenience,7912,71204.08,44146.53,27057.55,4272.24
2025-06-01,STL-1L,West,Ecommerce,3603,32429.64,20106.38,12323.26,1945.78
2025-06-01,STL-1L,West,Foodservice,4767,42901.22,26598.76,16302.46,2574.07
2025-06-01,STL-1L,West,Grocery,11808,106273.64,65889.66,40383.98,6376.42
2025-06-01,STL-500,Midwest,Club,6076,54682.19,33902.96,20779.23,3280.93
2025-06-01,STL-500,Midwest,Convenience,6396,57567.7,35691.97,21875.73,3454.06
2025-06-01,STL-500,Midwest,Ecommerce,3004,27033.03,16760.48,10272.55,1621.98
2025-06-01,STL-500,Midwest,Foodservice,4245,38203.46,23686.15,14517.31,2292.21
2025-06-01,STL-500,Midwest,Grocery,9918,89260.44,55341.47,33918.97,5355.63
2025-06-01,STL-500,Mountain,Club,4168,37515.71,23259.74,14255.97,2250.94
2025-06-01,STL-500,Mountain,Convenience,4579,41207.94,25548.92,15659.02,2472.48
2025-06-01,STL-500,Mountain,Ecommerce,2040,18362.32,11384.64,6977.68,1101.74
2025-06-01,STL-500,Mountain,Foodservice,2779,25012.35,15507.66,9504.69,1500.74
2025-06-01,STL-500,Mountain,Grocery,6850,61651.89,38224.17,23427.72,3699.11
2025-06-01,STL-500,Northeast,Club,5215,46932.89,29098.39,17834.5,2815.97
2025-06-01,STL-500,Northeast,Convenience,5881,52933.25,32818.61,20114.64,3176.0
2025-06-01,STL-500,Northeast,Ecommerce,2626,23632.79,14652.33,8980.46,1417.97
2025-06-01,STL-500,Northeast,Foodservice,3642,32781.21,20324.35,12456.86,1966.87
2025-06-01,STL-500,Northeast,Grocery,9020,81181.49,50332.52,30848.97,4870.89
2025-06-01,STL-500,South,Club,6514,58629.08,36350.03,22279.05,3517.74
2025-06-01,STL-500,South,Convenience,7122,64099.19,39741.5,24357.69,3845.95
2025-06-01,STL-500,South,Ecommerce,3211,28895.09,17914.96,10980.13,1733.71
2025-06-01,STL-500,South,Foodservice,4644,41800.09,25916.06,15884.03,2508.01
2025-06-01,STL-500,South,Grocery,10779,97009.84,60146.1,36863.74,5820.59
2025-06-01,STL-500,West,Club,7710,69386.43,43019.59,26366.84,4163.19
2025-06-01,STL-500,West,Convenience,8617,77550.38,48081.24,29469.14,4653.02
2025-06-01,STL-500,West,Ecommerce,3736,33627.77,20849.22,12778.55,2017.67
2025-06-01,STL-500,West,Foodservice,5313,47813.53,29644.39,18169.14,2868.81
2025-06-01,STL-500,West,Grocery,12508,112575.38,69796.74,42778.64,6754.52
2025-07-01,COLA-CHERRY,Midwest,Club,3362,40348.54,22191.7,18156.84,5648.8
2025-07-01,COLA-CHERRY,Midwest,Convenience,3476,41707.72,22939.25,18768.47,5839.08
2025-07-01,COLA-CHERRY,Midwest,Ecommerce,1693,20318.87,11175.38,9143.49,2844.64
2025-07-01,COLA-CHERRY,Midwest,Foodservice,2227,26724.4,14698.42,12025.98,3741.42
2025-07-01,COLA-CHERRY,Midwest,Grocery,5578,66933.12,36813.22,30119.9,9370.64
2025-07-01,COLA-CHERRY,Mountain,Club,2351,28216.44,15519.04,12697.4,3950.3
2025-07-01,COLA-CHERRY,Mountain,Convenience,2461,29533.91,16243.65,13290.26,4134.75
2025-07-01,COLA-CHERRY,Mountain,Ecommerce,1183,14191.01,7805.06,6385.95,1986.74
2025-07-01,COLA-CHERRY,Mountain,Foodservice,1604,19242.6,10583.43,8659.17,2693.96
2025-07-01,COLA-CHERRY,Mountain,Grocery,3888,46652.92,25659.11,20993.81,6531.41
2025-07-01,COLA-CHERRY,Northeast,Club,2831,33970.03,18683.52,15286.51,4755.8
2025-07-01,COLA-CHERRY,Northeast,Convenience,3331,39968.07,21982.44,17985.63,5595.53
2025-07-01,COLA-CHERRY,Northeast,Ecommerce,1519,18232.57,10027.91,8204.66,2552.56
2025-07-01,COLA-CHERRY,Northeast,Foodservice,2140,25680.69,14124.38,11556.31,3595.3
2025-07-01,COLA-CHERRY,Northeast,Grocery,4876,58511.69,32181.43,26330.26,8191.64
2025-07-01,COLA-CHERRY,South,Club,3636,43628.5,23995.68,19632.82,6107.99
2025-07-01,COLA-CHERRY,South,Convenience,3951,47407.75,26074.26,21333.49,6637.09
2025-07-01,COLA-CHERRY,South,Ecommerce,1794,21525.1,11838.8,9686.3,3013.51
2025-07-01,COLA-CHERRY,South,Foodservice,2472,29659.07,16312.49,13346.58,4152.27
2025-07-01,COLA-CHERRY,South,Grocery,5930,71158.19,39137.0,32021.19,9962.15
2025-07-01,COLA-CHERRY,West,Club,4400,52804.28,29042.35,23761.93,7392.6
2025-07-01,COLA-CHERRY,West,Convenience,4570,54844.74,30164.61,24680.13,7678.26
2025-07-01,COLA-CHERRY,West,Ecommerce,2146,25750.32,14162.68,11587.64,3605.04
2025-07-01,COLA-CHERRY,West,Foodservice,3071,36857.85,20271.82,16586.03,5160.1
2025-07-01,COLA-CHERRY,West,Grocery,7185,86216.29,47418.96,38797.33,12070.28
2025-07-01,COLA-DIET,Midwest,Club,14819,177832.05,97807.63,80024.42,24896.49
2025-07-01,COLA-DIET,Midwest,Convenience,4264,51162.47,28139.36,23023.11,7162.75
2025-07-01,COLA-DIET,Midwest,Ecommerce,1986,23833.46,13108.4,10725.06,3336.68
2025-07-01,COLA-DIET,Midwest,Foodservice,2684,32204.03,17712.22,14491.81,4508.56
2025-07-01,COLA-DIET,Midwest,Grocery,6839,82066.37,45136.5,36929.87,11489.29
2025-07-01,COLA-DIET,Mountain,Club,2859,34313.77,18872.57,15441.2,4803.93
2025-07-01,COLA-DIET,Mountain,Convenience,3042,36506.88,20078.78,16428.1,5110.96
2025-07-01,COLA-DIET,Mountain,Ecommerce,1336,16031.35,8817.24,7214.11,2244.39
2025-07-01,COLA-DIET,Mountain,Foodservice,1873,22472.95,12360.12,10112.83,3146.21
2025-07-01,COLA-DIET,Mountain,Grocery,4777,57319.84,31525.91,25793.93,8024.78
2025-07-01,COLA-DIET,Northeast,Club,3494,41925.35,23058.94,18866.41,5869.55
2025-07-01,COLA-DIET,Northeast,Convenience,3974,47686.8,26227.74,21459.06,6676.15
2025-07-01,COLA-DIET,Northeast,Ecommerce,1748,20977.1,11537.4,9439.7,2936.79
2025-07-01,COLA-DIET,Northeast,Foodservice,2534,30412.78,16727.03,13685.75,4257.79
2025-07-01,COLA-DIET,Northeast,Grocery,6100,73198.08,40258.94,32939.14,10247.73
2025-07-01,COLA-DIET,South,Club,4389,52668.87,28967.88,23700.99,7373.64
2025-07-01,COLA-DIET,South,Convenience,4627,55521.7,30536.94,24984.76,7773.04
2025-07-01,COLA-DIET,South,Ecommerce,2142,25698.66,14134.26,11564.4,3597.81
2025-07-01,COLA-DIET,South,Foodservice,3078,36932.46,20312.85,16619.61,5170.54
2025-07-01,COLA-DIET,South,Grocery,7408,88900.43,48895.24,40005.19,12446.06
2025-07-01,COLA-DIET,West,Club,4940,59280.57,32604.31,26676.26,8299.28
2025-07-01,COLA-DIET,West,Convenience,5811,69728.25,38350.54,31377.71,9761.96
2025-07-01,COLA-DIET,West,Ecommerce,2581,30976.43,17037.04,13939.39,4336.7
2025-07-01,COLA-DIET,West,Foodservice,3693,44316.06,24373.83,19942.23,6204.25
2025-07-01,COLA-DIET,West,Grocery,8636,103636.1,56999.86,46636.24,14509.05
2025-07-01,COLA-REG,Midwest,Club,16334,196007.67,107804.22,88203.45,27441.07
2025-07-01,COLA-REG,Midwest,Convenience,5567,66799.02,36739.46,30059.56,9351.86
2025-07-01,COLA-REG,Midwest,Ecommerce,2585,31021.77,17061.97,13959.8,4343.05
2025-07-01,COLA-REG,Midwest,Foodservice,3564,42770.67,23523.87,19246.8,5987.89
2025-07-01,COLA-REG,Midwest,Grocery,8833,105992.83,58296.06,47696.77,14839.0
2025-07-01,COLA-REG,Mountain,Club,3772,45263.91,24895.15,20368.76,6336.95
2025-07-01,COLA-REG,Mountain,Convenience,3877,46519.56,25585.76,20933.8,6512.74
2025-07-01,COLA-REG,Mountain,Ecommerce,1775,21302.09,11716.15,9585.94,2982.29
2025-07-01,COLA-REG,Mountain,Foodservice,2603,31237.52,17180.64,14056.88,4373.25
2025-07-01,COLA-REG,Mountain,Grocery,6119,73433.52,40388.44,33045.08,10280.69
2025-07-01,COLA-REG,Northeast,Club,4628,55531.48,30542.31,24989.17,7774.41
2025-07-01,COLA-REG,Northeast,Convenience,5208,62496.11,34372.86,28123.25,8749.46
2025-07-01,COLA-REG,Northeast,Ecommerce,2292,27507.3,15129.02,12378.28,3851.02
2025-07-01,COLA-REG,Northeast,Foodservice,3176,38114.24,20962.83,17151.41,5335.99
2025-07-01,COLA-REG,Northeast,Grocery,8198,98370.16,54103.59,44266.57,13771.82
2025-07-01,COLA-REG,South,Club,5788,69457.63,38201.7,31255.93,9724.07
2025-07-01,COLA-REG,South,Convenience,6442,77300.31,42515.17,34785.14,10822.04
2025-07-01,COLA-REG,South,Ecommerce,2771,33249.13,18287.02,14962.11,4654.88
2025-07-01,COLA-REG,South,Foodservice,4167,50009.95,27505.47,22504.48,7001.39
2025-07-01,COLA-REG,South,Grocery,9932,119179.17,65548.54,53630.63,16685.08
2025-07-01,COLA-REG,West,Club,6914,82966.58,45631.62,37334.96,11615.32
2025-07-01,COLA-REG,West,Convenience,7286,87436.3,48089.96,39346.34,12241.08
2025-07-01,COLA-REG,West,Ecommerce,3389,40667.83,22367.31,18300.52,5693.5
2025-07-01,COLA-REG,West,Foodservice,4658,55895.62,30742.59,25153.03,7825.39
2025-07-01,COLA-REG,West,Grocery,11991,143886.62,79137.64,64748.98,20144.13
2025-07-01,ENG-ORIG,Midwest,Club,1625,35754.74,14301.9,21452.84,3933.02
2025-07-01,ENG-ORIG,Midwest,Convenience,1743,38336.14,15334.46,23001.68,4216.98
2025-07-01,ENG-ORIG,Midwest,Ecommerce,833,18319.94,7327.98,10991.96,2015.19
2025-07-01,ENG-ORIG,Midwest,Foodservice,1138,25026.83,10010.73,15016.1,2752.95
2025-07-01,ENG-ORIG,Midwest,Grocery,2701,59411.08,23764.43,35646.65,6535.22
2025-07-01,ENG-ORIG,Mountain,Club,1125,24757.4,9902.96,14854.44,2723.31
2025-07-01,ENG-ORIG,Mountain,Convenience,1274,28036.16,11214.46,16821.7,3083.98
2025-07-01,ENG-ORIG,Mountain,Ecommerce,565,12440.2,4976.08,7464.12,1368.42
2025-07-01,ENG-ORIG,Mountain,Foodservice,815,17927.23,7170.89,10756.34,1972.0
2025-07-01,ENG-ORIG,Mountain,Grocery,1887,41518.07,16607.23,24910.84,4566.99
2025-07-01,ENG-ORIG,Northeast,Club,1437,31613.33,12645.33,18968.0,3477.47
2025-07-01,ENG-ORIG,Northeast,Convenience,1548,34045.8,13618.32,20427.48,3745.04
2025-07-01,ENG-ORIG,Northeast,Ecommerce,699,15368.74,6147.5,9221.24,1690.56
2025-07-01,ENG-ORIG,Northeast,Foodservice,1007,22143.02,8857.21,13285.81,2435.73
2025-07-01,ENG-ORIG,Northeast,Grocery,2384,52450.41,20980.16,31470.25,5769.55
2025-07-01,ENG-ORIG,South,Club,1828,40216.75,16086.7,24130.05,4423.84
2025-07-01,ENG-ORIG,South,Convenience,1943,42752.53,17101.01,25651.52,4702.78
2025-07-01,ENG-ORIG,South,Ecommerce,900,19794.58,7917.83,11876.75,2177.4
2025-07-01,ENG-ORIG,South,Foodservice,1276,28081.72,11232.69,16849.03,3088.99
2025-07-01,ENG-ORIG,South,Grocery,2961,65152.16,26060.86,39091.3,7166.74
2025-07-01,ENG-ORIG,West,Club,2048,45058.03,18023.21,27034.82,4956.38
2025-07-01,ENG-ORIG,West,Convenience,2339,51463.13,20585.25,30877.88,5660.94
2025-07-01,ENG-ORIG,West,Ecommerce,1034,22745.22,9098.09,13647.13,2501.97
2025-07-01,ENG-ORIG,West,Foodservice,1429,31436.35,12574.54,18861.81,3458.0
2025-07-01,ENG-ORIG,West,Grocery,3566,78460.81,31384.32,47076.49,8630.69
2025-07-01,ENG-ZERO,Midwest,Club,1274,28025.1,11210.04,16815.06,3082.76
2025-07-01,ENG-ZERO,Midwest,Convenience,1383,30419.71,12167.88,18251.83,3346.17
2025-07-01,ENG-ZERO,Midwest,Ecommerce,637,14004.61,5601.84,8402.77,1540.51
2025-07-01,ENG-ZERO,Midwest,Foodservice,903,19873.39,7949.36,11924.03,2186.07
2025-07-01,ENG-ZERO,Midwest,Grocery,2254,49594.8,19837.92,29756.88,5455.43
2025-07-01,ENG-ZERO,Mountain,Club,882,19400.39,7760.16,11640.23,2134.04
2025-07-01,ENG-ZERO,Mountain,Convenience,1020,22451.0,8980.4,13470.6,2469.61
2025-07-01,ENG-ZERO,Mountain,Ecommerce,442,9734.57,3893.83,5840.74,1070.8
2025-07-01,ENG-ZERO,Mountain,Foodservice,610,13418.83,5367.53,8051.3,1476.07
2025-07-01,ENG-ZERO,Mountain,Grocery,1546,34011.18,13604.47,20406.71,3741.23
2025-07-01,ENG-ZERO,Northeast,Club,1118,24601.35,9840.54,14760.81,2706.15
2025-07-01,ENG-ZERO,Northeast,Convenience,1297,28525.37,11410.15,17115.22,3137.79
2025-07-01,ENG-ZERO,Northeast,Ecommerce,557,12248.43,4899.37,7349.06,1347.33
2025-07-01,ENG-ZERO,Northeast,Foodservice,788,17337.68,6935.07,10402.61,1907.14
2025-07-01,ENG-ZERO,Northeast,Grocery,1937,42614.81,17045.92,25568.89,4687.63
2025-07-01,ENG-ZERO,South,Club,1404,30896.14,12358.46,18537.68,3398.58
2025-07-01,ENG-ZERO,South,Convenience,1602,35234.64,14093.86,21140.78,3875.81
2025-07-01,ENG-ZERO,South,Ecommerce,698,15362.66,6145.06,9217.6,1689.89
2025-07-01,ENG-ZERO,South,Foodservice,954,20998.31,8399.32,12598.99,2309.81
2025-07-01,ENG-ZERO,South,Grocery,2446,53812.73,21525.09,32287.64,5919.4
2025-07-01,ENG-ZERO,West,Club,1652,36338.82,14535.53,21803.29,3997.27
2025-07-01,ENG-ZERO,West,Convenience,1814,39904.21,15961.68,23942.53,4389.46
2025-07-01,ENG-ZERO,West,Ecommerce,815,17940.09,7176.04,10764.05,1973.41
2025-07-01,ENG-ZERO,West,Foodservice,1163,25584.02,10233.61,15350.41,2814.24
2025-07-01,ENG-ZERO,West,Grocery,2885,63459.68,25383.87,38075.81,6980.56
2025-07-01,JUC-APPLE,Midwest,Club,2630,42086.34,24410.08,17676.26,3787.77
2025-07-01,JUC-APPLE,Midwest,Convenience,2919,46705.89,27089.42,19616.47,4203.53
2025-07-01,JUC-APPLE,Midwest,Ecommerce,1384,22150.49,12847.28,9303.21,1993.54
2025-07-01,JUC-APPLE,Midwest,Foodservice,1929,30861.87,17899.88,12961.99,2777.57
2025-07-01,JUC-APPLE,Midwest,Grocery,4497,71954.38,41733.54,30220.84,6475.89
2025-07-01,JUC-APPLE,Mountain,Club,1823,29161.05,16913.41,12247.64,2624.49
2025-07-01,JUC-APPLE,Mountain,Convenience,2067,33069.83,19180.5,13889.33,2976.28
2025-07-01,JUC-APPLE,Mountain,Ecommerce,983,15724.84,9120.41,6604.43,1415.24
2025-07-01,JUC-APPLE,Mountain,Foodservice,1293,20688.05,11999.07,8688.98,1861.92
2025-07-01,JUC-APPLE,Mountain,Grocery,3254,52056.2,30192.6,21863.6,4685.06
2025-07-01,JUC-APPLE,Northeast,Club,2421,38730.04,22463.42,16266.62,3485.7
2025-07-01,JUC-APPLE,Northeast,Convenience,2654,42462.51,24628.26,17834.25,3821.63
2025-07-01,JUC-APPLE,Northeast,Ecommerce,1213,19410.71,11258.21,8152.5,1746.96
2025-07-01,JUC-APPLE,Northeast,Foodservice,1753,28041.54,16264.09,11777.45,2523.74
2025-07-01,JUC-APPLE,Northeast,Grocery,4070,65123.2,37771.46,27351.74,5861.09
2025-07-01,JUC-APPLE,South,Club,2941,47054.79,27291.78,19763.01,4234.93
2025-07-01,JUC-APPLE,South,Convenience,3276,52414.19,30400.23,22013.96,4717.28
2025-07-01,JUC-APPLE,South,Ecommerce,1483,23723.35,13759.54,9963.81,2135.1
2025-07-01,JUC-APPLE,South,Foodservice,2162,34599.16,20067.51,14531.65,3113.92
2025-07-01,JUC-APPLE,South,Grocery,4934,78948.48,45790.12,33158.36,7105.36
2025-07-01,JUC-APPLE,West,Club,3658,58522.04,33942.78,24579.26,5266.98
2025-07-01,JUC-APPLE,West,Convenience,3897,62356.45,36166.74,26189.71,5612.08
2025-07-01,JUC-APPLE,West,Ecommerce,1693,27088.09,15711.09,11377.0,2437.93
2025-07-01,JUC-APPLE,West,Foodservice,2558,40927.77,23738.11,17189.66,3683.5
2025-07-01,JUC-APPLE,West,Grocery,6062,96996.2,56257.8,40738.4,8729.66
2025-07-01,JUC-MANGO,Midwest,Club,2201,35215.36,20424.91,14790.45,3169.38
2025-07-01,JUC-MANGO,Midwest,Convenience,2396,38341.06,22237.81,16103.25,3450.7
2025-07-01,JUC-MANGO,Midwest,Ecommerce,1135,18157.1,10531.12,7625.98,1634.14
2025-07-01,JUC-MANGO,Midwest,Foodservice,1606,25694.38,14902.74,10791.64,2312.49
2025-07-01,JUC-MANGO,Midwest,Grocery,3886,62171.93,36059.72,26112.21,5595.47
2025-07-01,JUC-MANGO,Mountain,Club,1556,24890.57,14436.53,10454.04,2240.15
2025-07-01,JUC-MANGO,Mountain,Convenience,1691,27051.95,15690.13,11361.82,2434.68
2025-07-01,JUC-MANGO,Mountain,Ecommerce,758,12129.55,7035.14,5094.41,1091.66
2025-07-01,JUC-MANGO,Mountain,Foodservice,1120,17924.11,10395.98,7528.13,1613.17
2025-07-01,JUC-MANGO,Mountain,Grocery,2599,41579.77,24116.27,17463.5,3742.18
2025-07-01,JUC-MANGO,Northeast,Club,2037,32595.45,18905.36,13690.09,2933.59
2025-07-01,JUC-MANGO,Northeast,Convenience,2234,35739.66,20729.0,15010.66,3216.57
2025-07-01,JUC-MANGO,Northeast,Ecommerce,1013,16200.44,9396.26,6804.18,1458.04
2025-07-01,JUC-MANGO,Northeast,Foodservice,1397,22349.88,12962.93,9386.95,2011.49
2025-07-01,JUC-MANGO,Northeast,Grocery,3296,52740.51,30589.5,22151.01,4746.65
2025-07-01,JUC-MANGO,South,Club,2449,39184.73,22727.14,16457.59,3526.63
2025-07-01,JUC-MANGO,South,Convenience,2687,42999.47,24939.69,18059.78,3869.95
2025-07-01,JUC-MANGO,South,Ecommerce,1254,20057.72,11633.48,8424.24,1805.19
2025-07-01,JUC-MANGO,South,Foodservice,1676,26811.19,15550.49,11260.7,2413.01
2025-07-01,JUC-MANGO,South,Grocery,4219,67503.16,39151.83,28351.33,6075.28
2025-07-01,JUC-MANGO,West,Club,2895,46324.56,26868.24,19456.32,4169.21
2025-07-01,JUC-MANGO,West,Convenience,3085,49366.19,28632.39,20733.8,4442.96
2025-07-01,JUC-MANGO,West,Ecommerce,1397,22350.68,12963.39,9387.29,2011.56
2025-07-01,JUC-MANGO,West,Foodservice,1956,31297.19,18152.37,13144.82,2816.75
2025-07-01,JUC-MANGO,West,Grocery,4907,78507.67,45534.45,32973.22,7065.69
2025-07-01,JUC-ORANGE,Midwest,Club,3092,49474.18,28695.02,20779.16,4452.68
2025-07-01,JUC-ORANGE,Midwest,Convenience,3407,54516.74,31619.71,22897.03,4906.51
2025-07-01,JUC-ORANGE,Midwest,Ecommerce,1606,25695.75,14903.53,10792.22,2312.62
2025-07-01,JUC-ORANGE,Midwest,Foodservice,2223,35565.31,20627.88,14937.43,3200.88
2025-07-01,JUC-ORANGE,Midwest,Grocery,5323,85170.41,49398.84,35771.57,7665.34
2025-07-01,JUC-ORANGE,Mountain,Club,2268,36294.7,21050.93,15243.77,3266.52
2025-07-01,JUC-ORANGE,Mountain,Convenience,2379,38056.05,22072.51,15983.54,3425.04
2025-07-01,JUC-ORANGE,Mountain,Ecommerce,1110,17766.66,10304.66,7462.0,1599.0
2025-07-01,JUC-ORANGE,Mountain,Foodservice,1586,25375.73,14717.92,10657.81,2283.82
2025-07-01,JUC-ORANGE,Mountain,Grocery,3702,59237.91,34357.99,24879.92,5331.41
2025-07-01,JUC-ORANGE,Northeast,Club,2938,47012.29,27267.13,19745.16,4231.11
2025-07-01,JUC-ORANGE,Northeast,Convenience,3194,51103.69,29640.14,21463.55,4599.33
2025-07-01,JUC-ORANGE,Northeast,Ecommerce,1450,23206.4,13459.71,9746.69,2088.58
2025-07-01,JUC-ORANGE,Northeast,Foodservice,1994,31902.85,18503.65,13399.2,2871.26
2025-07-01,JUC-ORANGE,Northeast,Grocery,4884,78146.34,45324.88,32821.46,7033.17
2025-07-01,JUC-ORANGE,South,Club,3399,54376.11,31538.14,22837.97,4893.85
2025-07-01,JUC-ORANGE,South,Convenience,3754,60062.02,34835.97,25226.05,5405.58
2025-07-01,JUC-ORANGE,South,Ecommerce,1818,29089.81,16872.09,12217.72,2618.08
2025-07-01,JUC-ORANGE,South,Foodservice,2379,38065.53,22078.01,15987.52,3425.9
2025-07-01,JUC-ORANGE,South,Grocery,6204,99257.91,57569.59,41688.32,8933.21
2025-07-01,JUC-ORANGE,West,Club,4150,66407.81,38516.53,27891.28,5976.7
2025-07-01,JUC-ORANGE,West,Convenience,4554,72862.97,42260.52,30602.45,6557.67
2025-07-01,JUC-ORANGE,West,Ecommerce,2079,33265.98,19294.27,13971.71,2993.94
2025-07-01,JUC-ORANGE,West,Foodservice,3020,48319.26,28025.17,20294.09,4348.73
2025-07-01,JUC-ORANGE,West,Grocery,7009,112143.23,65043.07,47100.16,10092.89
2025-07-01,ROOT-BEER,Midwest,Club,3191,38291.44,21060.29,17231.15,5360.8
2025-07-01,ROOT-BEER,Midwest,Convenience,3598,43172.89,23745.09,19427.8,6044.2
2025-07-01,ROOT-BEER,Midwest,Ecommerce,1584,19004.04,10452.22,8551.82,2660.57
2025-07-01,ROOT-BEER,Midwest,Foodservice,2370,28436.34,15639.99,12796.35,3981.09
2025-07-01,ROOT-BEER,Midwest,Grocery,5653,67833.04,37308.17,30524.87,9496.63
2025-07-01,ROOT-BEER,Mountain,Club,2211,26535.68,14594.62,11941.06,3715.0
2025-07-01,ROOT-BEER,Mountain,Convenience,2559,30712.39,16891.81,13820.58,4299.73
2025-07-01,ROOT-BEER,Mountain,Ecommerce,1128,13535.12,7444.32,6090.8,1894.92
2025-07-01,ROOT-BEER,Mountain,Foodservice,1619,19425.35,10683.94,8741.41,2719.55
2025-07-01,ROOT-BEER,Mountain,Grocery,4022,48259.39,26542.66,21716.73,6756.31
2025-07-01,ROOT-BEER,Northeast,Club,2973,35674.43,19620.94,16053.49,4994.42
2025-07-01,ROOT-BEER,Northeast,Convenience,3369,40424.23,22233.33,18190.9,5659.39
2025-07-01,ROOT-BEER,Northeast,Ecommerce,1516,18192.46,10005.85,8186.61,2546.94
2025-07-01,ROOT-BEER,Northeast,Foodservice,2077,24919.43,13705.69,11213.74,3488.72
2025-07-01,ROOT-BEER,Northeast,Grocery,5077,60919.58,33505.77,27413.81,8528.74
2025-07-01,ROOT-BEER,South,Club,3694,44332.97,24383.13,19949.84,6206.62
2025-07-01,ROOT-BEER,South,Convenience,3819,45828.27,25205.55,20622.72,6415.96
2025-07-01,ROOT-BEER,South,Ecommerce,1823,21876.12,12031.87,9844.25,3062.66
2025-07-01,ROOT-BEER,South,Foodservice,2546,30555.83,16805.71,13750.12,4277.82
2025-07-01,ROOT-BEER,South,Grocery,6343,76110.43,41860.74,34249.69,10655.46
2025-07-01,ROOT-BEER,West,Club,4108,49301.37,27115.75,22185.62,6902.19
2025-07-01,ROOT-BEER,West,Convenience,4595,55139.03,30326.47,24812.56,7719.46
2025-07-01,ROOT-BEER,West,Ecommerce,2159,25908.85,14249.87,11658.98,3627.24
2025-07-01,ROOT-BEER,West,Foodservice,3013,36152.47,19883.86,16268.61,5061.35
2025-07-01,ROOT-BEER,West,Grocery,7250,86996.66,47848.16,39148.5,12179.53
2025-07-01,SPK-BERRY,Midwest,Club,2386,33406.12,15032.75,18373.37,2672.49
2025-07-01,SPK-BERRY,Midwest,Convenience,2568,35956.76,16180.54,19776.22,2876.54
2025-07-01,SPK-BERRY,Midwest,Ecommerce,1245,17423.19,7840.44,9582.75,1393.86
2025-07-01,SPK-BERRY,Midwest,Foodservice,1659,23232.51,10454.63,12777.88,1858.6
2025-07-01,SPK-BERRY,Midwest,Grocery,4082,57144.37,25714.97,31429.4,4571.55
2025-07-01,SPK-BERRY,Mountain,Club,1683,23560.78,10602.35,12958.43,1884.86
2025-07-01,SPK-BERRY,Mountain,Convenience,1852,25933.82,11670.22,14263.6,2074.71
2025-07-01,SPK-BERRY,Mountain,Ecommerce,825,11554.62,5199.58,6355.04,924.37
2025-07-01,SPK-BERRY,Mountain,Foodservice,1163,16279.78,7325.9,8953.88,1302.38
2025-07-01,SPK-BERRY,Mountain,Grocery,2935,41095.11,18492.8,22602.31,3287.61
2025-07-01,SPK-BERRY,Northeast,Club,2176,30461.69,13707.76,16753.93,2436.94
2025-07-01,SPK-BERRY,Northeast,Convenience,2407,33698.08,15164.14,18533.94,2695.85
2025-07-01,SPK-BERRY,Northeast,Ecommerce,1108,15505.24,6977.36,8527.88,1240.42
2025-07-01,SPK-BERRY,Northeast,Foodservice,1575,22053.7,9924.16,12129.54,1764.3
2025-07-01,SPK-BERRY,Northeast,Grocery,3553,49739.82,22382.92,27356.9,3979.19
2025-07-01,SPK-BERRY,South,Club,2641,36969.73,16636.38,20333.35,2957.58
2025-07-01,SPK-BERRY,South,Convenience,2968,41549.16,18697.12,22852.04,3323.93
2025-07-01,SPK-BERRY,South,Ecommerce,1296,18137.62,8161.93,9975.69,1451.01
2025-07-01,SPK-BERRY,South,Foodservice,1805,25265.75,11369.59,13896.16,2021.26
2025-07-01,SPK-BERRY,South,Grocery,4601,64407.21,28983.24,35423.97,5152.58
2025-07-01,SPK-BERRY,West,Club,3232,45254.06,20364.33,24889.73,3620.32
2025-07-01,SPK-BERRY,West,Convenience,3442,48193.73,21687.18,26506.55,3855.5
2025-07-01,SPK-BERRY,West,Ecommerce,1511,21154.03,9519.31,11634.72,1692.32
2025-07-01,SPK-BERRY,West,Foodservice,2171,30391.38,13676.12,16715.26,2431.31
2025-07-01,SPK-BERRY,West,Grocery,5275,73847.38,33231.32,40616.06,5907.79
2025-07-01,SPK-LIME,Midwest,Club,2488,34830.37,15673.67,19156.7,2786.43
2025-07-01,SPK-LIME,Midwest,Convenience,2722,38112.9,17150.8,20962.1,3049.03
2025-07-01,SPK-LIME,Midwest,Ecommerce,1286,18007.35,8103.31,9904.04,1440.59
2025-07-01,SPK-LIME,Midwest,Foodservice,1815,25416.95,11437.63,13979.32,2033.36
2025-07-01,SPK-LIME,Midwest,Grocery,4438,62131.49,27959.17,34172.32,4970.52
2025-07-01,SPK-LIME,Mountain,Club,1814,25398.48,11429.32,13969.16,2031.88
2025-07-01,SPK-LIME,Mountain,Convenience,2035,28488.68,12819.91,15668.77,2279.09
2025-07-01,SPK-LIME,Mountain,Ecommerce,884,12382.16,5571.97,6810.19,990.57
2025-07-01,SPK-LIME,Mountain,Foodservice,1208,16911.51,7610.18,9301.33,1352.92
2025-07-01,SPK-LIME,Mountain,Grocery,3140,43953.23,19778.95,24174.28,3516.26
2025-07-01,SPK-LIME,Northeast,Club,2302,32231.11,14504.0,17727.11,2578.49
2025-07-01,SPK-LIME,Northeast,Convenience,2545,35629.22,16033.15,19596.07,2850.34
2025-07-01,SPK-LIME,Northeast,Ecommerce,1120,15675.7,7054.06,8621.64,1254.06
2025-07-01,SPK-LIME,Northeast,Foodservice,1668,23358.06,10511.13,12846.93,1868.64
2025-07-01,SPK-LIME,Northeast,Grocery,3855,53975.78,24289.1,29686.68,4318.06
2025-07-01,SPK-LIME,South,Club,2859,40030.92,18013.91,22017.01,3202.47
2025-07-01,SPK-LIME,South,Convenience,3010,42145.08,18965.29,23179.79,3371.61
2025-07-01,SPK-LIME,South,Ecommerce,1426,19969.3,8986.18,10983.12,1597.54
2025-07-01,SPK-LIME,South,Foodservice,1899,26592.95,11966.83,14626.12,2127.44
2025-07-01,SPK-LIME,South,Grocery,4612,64574.58,29058.56,35516.02,5165.97
2025-07-01,SPK-LIME,West,Club,3354,46962.94,21133.32,25829.62,3757.04
2025-07-01,SPK-LIME,West,Convenience,3746,52448.24,23601.71,28846.53,4195.86
2025-07-01,SPK-LIME,West,Ecommerce,1642,22982.51,10342.13,12640.38,1838.6
2025-07-01,SPK-LIME,West,Foodservice,2311,32350.08,14557.54,17792.54,2588.01
2025-07-01,SPK-LIME,West,Grocery,5727,80183.81,36082.71,44101.1,6414.7
2025-07-01,SPK-PLAIN,Midwest,Club,1809,25331.27,11399.07,13932.2,2026.5
2025-07-01,SPK-PLAIN,Midwest,Convenience,2008,28109.87,12649.44,15460.43,2248.79
2025-07-01,SPK-PLAIN,Midwest,Ecommerce,912,12773.06,5747.88,7025.18,1021.84
2025-07-01,SPK-PLAIN,Midwest,Foodservice,1282,17951.28,8078.08,9873.2,1436.1
2025-07-01,SPK-PLAIN,Midwest,Grocery,3105,43473.62,19563.13,23910.49,3477.89
2025-07-01,SPK-PLAIN,Mountain,Club,1331,18630.84,8383.88,10246.96,1490.47
2025-07-01,SPK-PLAIN,Mountain,Convenience,1370,19179.65,8630.84,10548.81,1534.37
2025-07-01,SPK-PLAIN,Mountain,Ecommerce,645,9028.74,4062.93,4965.81,722.3
2025-07-01,SPK-PLAIN,Mountain,Foodservice,922,12914.49,5811.52,7102.97,1033.16
2025-07-01,SPK-PLAIN,Mountain,Grocery,2255,31563.44,14203.55,17359.89,2525.08
2025-07-01,SPK-PLAIN,Northeast,Club,1650,23096.22,10393.3,12702.92,1847.7
2025-07-01,SPK-PLAIN,Northeast,Convenience,1850,25898.5,11654.32,14244.18,2071.88
2025-07-01,SPK-PLAIN,Northeast,Ecommerce,857,12004.13,5401.86,6602.27,960.33
2025-07-01,SPK-PLAIN,Northeast,Foodservice,1138,15930.84,7168.88,8761.96,1274.47
2025-07-01,SPK-PLAIN,Northeast,Grocery,2831,39627.12,17832.2,21794.92,3170.17
2025-07-01,SPK-PLAIN,South,Club,2051,28713.87,12921.24,15792.63,2297.11
2025-07-01,SPK-PLAIN,South,Convenience,2253,31536.89,14191.6,17345.29,2522.95
2025-07-01,SPK-PLAIN,South,Ecommerce,1037,14519.88,6533.95,7985.93,1161.59
2025-07-01,SPK-PLAIN,South,Foodservice,1455,20366.31,9164.84,11201.47,1629.3
2025-07-01,SPK-PLAIN,South,Grocery,3439,48151.17,21668.03,26483.14,3852.09
2025-07-01,SPK-PLAIN,West,Club,2324,32529.68,14638.36,17891.32,2602.37
2025-07-01,SPK-PLAIN,West,Convenience,2560,35841.29,16128.58,19712.71,2867.3
2025-07-01,SPK-PLAIN,West,Ecommerce,1194,16712.36,7520.56,9191.8,1336.99
2025-07-01,SPK-PLAIN,West,Foodservice,1645,23028.27,10362.72,12665.55,1842.26
2025-07-01,SPK-PLAIN,West,Grocery,4188,58637.42,26386.84,32250.58,4690.99
2025-07-01,STL-1L,Midwest,Club,20443,183985.01,114070.71,69914.3,11039.1
2025-07-01,STL-1L,Midwest,Convenience,6253,56280.79,34894.09,21386.7,3376.85
2025-07-01,STL-1L,Midwest,Ecommerce,2746,24712.6,15321.81,9390.79,1482.76
2025-07-01,STL-1L,Midwest,Foodservice,4060,36540.43,22655.07,13885.36,2192.43
2025-07-01,STL-1L,Midwest,Grocery,9640,86757.66,53789.75,32967.91,5205.46
2025-07-01,STL-1L,Mountain,Club,3939,35448.86,21978.29,13470.57,2126.93
2025-07-01,STL-1L,Mountain,Convenience,4406,39658.46,24588.25,15070.21,2379.51
2025-07-01,STL-1L,Mountain,Ecommerce,2071,18639.34,11556.39,7082.95,1118.36
2025-07-01,STL-1L,Mountain,Foodservice,2701,24307.1,15070.4,9236.7,1458.43
2025-07-01,STL-1L,Mountain,Grocery,6829,61464.67,38108.1,23356.57,3687.88
2025-07-01,STL-1L,Northeast,Club,5124,46116.81,28592.42,17524.39,2767.01
2025-07-01,STL-1L,Northeast,Convenience,5691,51219.41,31756.03,19463.38,3073.16
2025-07-01,STL-1L,Northeast,Ecommerce,2483,22347.05,13855.17,8491.88,1340.82
2025-07-01,STL-1L,Northeast,Foodservice,3568,32112.72,19909.89,12202.83,1926.76
2025-07-01,STL-1L,Northeast,Grocery,8511,76597.01,47490.15,29106.86,4595.82
2025-07-01,STL-1L,South,Club,6073,54652.55,33884.58,20767.97,3279.15
2025-07-01,STL-1L,South,Convenience,7027,63239.76,39208.65,24031.11,3794.39
2025-07-01,STL-1L,South,Ecommerce,3050,27449.25,17018.53,10430.72,1646.96
2025-07-01,STL-1L,South,Foodservice,4218,37958.43,23534.23,14424.2,2277.51
2025-07-01,STL-1L,South,Grocery,10691,96222.45,59657.92,36564.53,5773.35
2025-07-01,STL-1L,West,Club,7109,63978.27,39666.53,24311.74,3838.7
2025-07-01,STL-1L,West,Convenience,7899,71091.43,44076.69,27014.74,4265.49
2025-07-01,STL-1L,West,Ecommerce,3655,32892.07,20393.08,12498.99,1973.52
2025-07-01,STL-1L,West,Foodservice,4972,44751.79,27746.11,17005.68,2685.11
2025-07-01,STL-1L,West,Grocery,12576,113183.37,70173.69,43009.68,6791.0
2025-07-01,STL-500,Midwest,Club,6009,54077.95,33528.33,20549.62,3244.68
2025-07-01,STL-500,Midwest,Convenience,6732,60590.98,37566.41,23024.57,3635.46
2025-07-01,STL-500,Midwest,Ecommerce,3084,27752.74,17206.7,10546.04,1665.16
2025-07-01,STL-500,Midwest,Foodservice,4156,37401.47,23188.91,14212.56,2244.09
2025-07-01,STL-500,Midwest,Grocery,10011,90102.69,55863.67,34239.02,5406.16
2025-07-01,STL-500,Mountain,Club,4141,37267.81,23106.04,14161.77,2236.07
2025-07-01,STL-500,Mountain,Convenience,4876,43888.17,27210.67,16677.5,2633.29
2025-07-01,STL-500,Mountain,Ecommerce,2147,19320.98,11979.01,7341.97,1159.26
2025-07-01,STL-500,Mountain,Foodservice,2952,26570.4,16473.65,10096.75,1594.22
2025-07-01,STL-500,Mountain,Grocery,7413,66721.44,41367.29,25354.15,4003.29
2025-07-01,STL-500,Northeast,Club,5547,49924.11,30952.95,18971.16,2995.45
2025-07-01,STL-500,Northeast,Convenience,6037,54336.75,33688.79,20647.96,3260.2
2025-07-01,STL-500,Northeast,Ecommerce,2813,25314.53,15695.01,9619.52,1518.87
2025-07-01,STL-500,Northeast,Foodservice,3984,35852.35,22228.46,13623.89,2151.14
2025-07-01,STL-500,Northeast,Grocery,9401,84610.76,52458.67,32152.09,5076.65
2025-07-01,STL-500,South,Club,6576,59182.51,36693.16,22489.35,3550.95
2025-07-01,STL-500,South,Convenience,7363,66268.58,41086.52,25182.06,3976.11
2025-07-01,STL-500,South,Ecommerce,3501,31508.76,19535.43,11973.33,1890.53
2025-07-01,STL-500,South,Foodservice,4833,43499.85,26969.91,16529.94,2609.99
2025-07-01,STL-500,South,Grocery,11739,105648.49,65502.06,40146.43,6338.91
2025-07-01,STL-500,West,Club,7676,69080.49,42829.9,26250.59,4144.83
2025-07-01,STL-500,West,Convenience,8989,80902.46,50159.53,30742.93,4854.15
2025-07-01,STL-500,West,Ecommerce,3885,34967.13,21679.62,13287.51,2098.03
2025-07-01,STL-500,West,Foodservice,5422,48796.54,30253.85,18542.69,2927.79
2025-07-01,STL-500,West,Grocery,13007,117060.05,72577.23,44482.82,7023.6
2025-08-01,COLA-CHERRY,Midwest,Club,3113,37358.42,20547.13,16811.29,5230.18
2025-08-01,COLA-CHERRY,Midwest,Convenience,3466,41596.57,22878.11,18718.46,5823.52
2025-08-01,COLA-CHERRY,Midwest,Ecommerce,1642,19707.94,10839.37,8868.57,2759.11
2025-08-01,COLA-CHERRY,Midwest,Foodservice,2152,25829.38,14206.16,11623.22,3616.11
2025-08-01,COLA-CHERRY,Midwest,Grocery,5325,63895.49,35142.52,28752.97,8945.37
2025-08-01,COLA-CHERRY,Mountain,Club,2298,27577.97,15167.88,12410.09,3860.92
2025-08-01,COLA-CHERRY,Mountain,Convenience,2412,28941.54,15917.85,13023.69,4051.82
2025-08-01,COLA-CHERRY,Mountain,Ecommerce,1102,13222.02,7272.11,5949.91,1851.08
2025-08-01,COLA-CHERRY,Mountain,Foodservice,1552,18622.47,10242.36,8380.11,2607.15
2025-08-01,COLA-CHERRY,Mountain,Grocery,3835,46022.36,25312.3,20710.06,6443.13
2025-08-01,COLA-CHERRY,Northeast,Club,2924,35084.7,19296.58,15788.12,4911.86
2025-08-01,COLA-CHERRY,Northeast,Convenience,3260,39117.76,21514.77,17602.99,5476.49
2025-08-01,COLA-CHERRY,Northeast,Ecommerce,1405,16854.91,9270.2,7584.71,2359.69
2025-08-01,COLA-CHERRY,Northeast,Foodservice,1997,23969.77,13183.37,10786.4,3355.77
2025-08-01,COLA-CHERRY,Northeast,Grocery,5014,60163.29,33089.81,27073.48,8422.86
2025-08-01,COLA-CHERRY,South,Club,3384,40606.44,22333.54,18272.9,5684.9
2025-08-01,COLA-CHERRY,South,Convenience,3956,47469.63,26108.3,21361.33,6645.75
2025-08-01,COLA-CHERRY,South,Ecommerce,1813,21761.44,11968.79,9792.65,3046.6
2025-08-01,COLA-CHERRY,South,Foodservice,2499,29983.74,16491.06,13492.68,4197.72
2025-08-01,COLA-CHERRY,South,Grocery,6110,73321.31,40326.72,32994.59,10264.98
2025-08-01,COLA-CHERRY,West,Club,4261,51131.1,28122.1,23009.0,7158.35
2025-08-01,COLA-CHERRY,West,Convenience,4644,55731.28,30652.2,25079.08,7802.38
2025-08-01,COLA-CHERRY,West,Ecommerce,2058,24698.54,13584.2,11114.34,3457.8
2025-08-01,COLA-CHERRY,West,Foodservice,2889,34662.21,19064.22,15597.99,4852.71
2025-08-01,COLA-CHERRY,West,Grocery,6794,81527.17,44839.94,36687.23,11413.8
2025-08-01,COLA-DIET,Midwest,Club,15148,181776.19,99976.9,81799.29,25448.67
2025-08-01,COLA-DIET,Midwest,Convenience,4188,50252.58,27638.92,22613.66,7035.36
2025-08-01,COLA-DIET,Midwest,Ecommerce,1963,23557.95,12956.87,10601.08,3298.11
2025-08-01,COLA-DIET,Midwest,Foodservice,2774,33292.62,18310.94,14981.68,4660.97
2025-08-01,COLA-DIET,Midwest,Grocery,6765,81175.5,44646.52,36528.98,11364.57
2025-08-01,COLA-DIET,Mountain,Club,2609,31303.88,17217.13,14086.75,4382.54
2025-08-01,COLA-DIET,Mountain,Convenience,2981,35773.64,19675.5,16098.14,5008.31
2025-08-01,COLA-DIET,Mountain,Ecommerce,1357,16285.6,8957.08,7328.52,2279.98
2025-08-01,COLA-DIET,Mountain,Foodservice,1914,22966.89,12631.79,10335.1,3215.36
2025-08-01,COLA-DIET,Mountain,Grocery,4490,53874.75,29631.11,24243.64,7542.47
2025-08-01,COLA-DIET,Northeast,Club,3409,40904.44,22497.44,18407.0,5726.62
2025-08-01,COLA-DIET,Northeast,Convenience,3787,45446.32,24995.48,20450.84,6362.48
2025-08-01,COLA-DIET,Northeast,Ecommerce,1669,20022.28,11012.25,9010.03,2803.12
2025-08-01,COLA-DIET,Northeast,Foodservice,2433,29197.92,16058.86,13139.06,4087.71
2025-08-01,COLA-DIET,Northeast,Grocery,5660,67914.37,37352.9,30561.47,9508.01
2025-08-01,COLA-DIET,South,Club,4253,51039.61,28071.79,22967.82,7145.55
2025-08-01,COLA-DIET,South,Convenience,4483,53800.38,29590.21,24210.17,7532.05
2025-08-01,COLA-DIET,South,Ecommerce,2151,25813.36,14197.35,11616.01,3613.87
2025-08-01,COLA-DIET,South,Foodservice,3052,36620.89,20141.49,16479.4,5126.92
2025-08-01,COLA-DIET,South,Grocery,7115,85377.15,46957.43,38419.72,11952.8
2025-08-01,COLA-DIET,West,Club,4883,58591.99,32225.59,26366.4,8202.88
2025-08-01,COLA-DIET,West,Convenience,5437,65238.38,35881.11,29357.27,9133.37
2025-08-01,COLA-DIET,West,Ecommerce,2586,31029.94,17066.47,13963.47,4344.19
2025-08-01,COLA-DIET,West,Foodservice,3621,43448.52,23896.69,19551.83,6082.79
2025-08-01,COLA-DIET,West,Grocery,8713,104555.53,57505.54,47049.99,14637.77
2025-08-01,COLA-REG,Midwest,Club,16412,196946.78,108320.73,88626.05,27572.55
2025-08-01,COLA-REG,Midwest,Convenience,5506,66066.63,36336.65,29729.98,9249.33
2025-08-01,COLA-REG,Midwest,Ecommerce,2608,31296.37,17213.0,14083.37,4381.49
2025-08-01,COLA-REG,Midwest,Foodservice,3594,43124.32,23718.38,19405.94,6037.4
2025-08-01,COLA-REG,Midwest,Grocery,8905,106854.7,58770.08,48084.62,14959.66
2025-08-01,COLA-REG,Mountain,Club,3726,44712.75,24592.01,20120.74,6259.79
2025-08-01,COLA-REG,Mountain,Convenience,3935,47222.43,25972.34,21250.09,6611.14
2025-08-01,COLA-REG,Mountain,Ecommerce,1722,20662.15,11364.18,9297.97,2892.7
2025-08-01,COLA-REG,Mountain,Foodservice,2501,30007.18,16503.95,13503.23,4201.01
2025-08-01,COLA-REG,Mountain,Grocery,5972,71660.13,39413.07,32247.06,10032.42
2025-08-01,COLA-REG,Northeast,Club,4757,57088.8,31398.84,25689.96,7992.43
2025-08-01,COLA-REG,Northeast,Convenience,5040,60478.38,33263.11,27215.27,8466.97
2025-08-01,COLA-REG,Northeast,Ecommerce,2337,28046.1,15425.36,12620.74,3926.45
2025-08-01,COLA-REG,Northeast,Foodservice,3330,39959.95,21977.97,17981.98,5594.39
2025-08-01,COLA-REG,Northeast,Grocery,7981,95771.26,52674.19,43097.07,13407.98
2025-08-01,COLA-REG,South,Club,5563,66753.14,36714.23,30038.91,9345.44
2025-08-01,COLA-REG,South,Convenience,6093,73120.78,40216.43,32904.35,10236.91
2025-08-01,COLA-REG,South,Ecommerce,2797,33559.05,18457.48,15101.57,4698.27
2025-08-01,COLA-REG,South,Foodservice,3813,45758.76,25167.32,20591.44,6406.23
2025-08-01,COLA-REG,South,Grocery,9828,117933.83,64863.61,53070.22,16510.74
2025-08-01,COLA-REG,West,Club,6870,82443.41,45343.88,37099.53,11542.08
2025-08-01,COLA-REG,West,Convenience,7449,89393.08,49166.19,40226.89,12515.03
2025-08-01,COLA-REG,West,Ecommerce,3265,39177.4,21547.57,17629.83,5484.84
2025-08-01,COLA-REG,West,Foodservice,4764,57162.37,31439.3,25723.07,8002.73
2025-08-01,COLA-REG,West,Grocery,11024,132291.23,72760.18,59531.05,18520.77
2025-08-01,ENG-ORIG,Midwest,Club,1595,35080.27,14032.11,21048.16,3858.83
2025-08-01,ENG-ORIG,Midwest,Convenience,1707,37562.92,15025.17,22537.75,4131.92
2025-08-01,ENG-ORIG,Midwest,Ecommerce,795,17485.91,6994.36,10491.55,1923.45
2025-08-01,ENG-ORIG,Midwest,Foodservice,1122,24679.77,9871.91,14807.86,2714.77
2025-08-01,ENG-ORIG,Midwest,Grocery,2636,57996.35,23198.54,34797.81,6379.6
2025-08-01,ENG-ORIG,Mountain,Club,1143,25142.68,10057.07,15085.61,2765.69
2025-08-01,ENG-ORIG,Mountain,Convenience,1273,28010.46,11204.18,16806.28,3081.15
2025-08-01,ENG-ORIG,Mountain,Ecommerce,576,12677.94,5071.18,7606.76,1394.57
2025-08-01,ENG-ORIG,Mountain,Foodservice,792,17420.68,6968.27,10452.41,1916.27
2025-08-01,ENG-ORIG,Mountain,Grocery,1871,41162.97,16465.19,24697.78,4527.93
2025-08-01,ENG-ORIG,Northeast,Club,1442,31716.31,12686.52,19029.79,3488.79
2025-08-01,ENG-ORIG,Northeast,Convenience,1617,35573.75,14229.5,21344.25,3913.11
2025-08-01,ENG-ORIG,Northeast,Ecommerce,742,16327.51,6531.0,9796.51,1796.03
2025-08-01,ENG-ORIG,Northeast,Foodservice,1018,22406.39,8962.56,13443.83,2464.7
2025-08-01,ENG-ORIG,Northeast,Grocery,2397,52737.58,21095.03,31642.55,5801.13
2025-08-01,ENG-ORIG,South,Club,1717,37776.88,15110.75,22666.13,4155.46
2025-08-01,ENG-ORIG,South,Convenience,1943,42742.49,17097.0,25645.49,4701.67
2025-08-01,ENG-ORIG,South,Ecommerce,867,19081.85,7632.74,11449.11,2099.0
2025-08-01,ENG-ORIG,South,Foodservice,1207,26544.88,10617.95,15926.93,2919.94
2025-08-01,ENG-ORIG,South,Grocery,3030,66651.97,26660.79,39991.18,7331.72
2025-08-01,ENG-ORIG,West,Club,2087,45906.6,18362.64,27543.96,5049.73
2025-08-01,ENG-ORIG,West,Convenience,2241,49296.45,19718.58,29577.87,5422.61
2025-08-01,ENG-ORIG,West,Ecommerce,1071,23568.77,9427.51,14141.26,2592.56
2025-08-01,ENG-ORIG,West,Foodservice,1419,31228.18,12491.27,18736.91,3435.1
2025-08-01,ENG-ORIG,West,Grocery,3577,78701.85,31480.74,47221.11,8657.2
2025-08-01,ENG-ZERO,Midwest,Club,1277,28098.18,11239.27,16858.91,3090.8
2025-08-01,ENG-ZERO,Midwest,Convenience,1438,31643.56,12657.42,18986.14,3480.79
2025-08-01,ENG-ZERO,Midwest,Ecommerce,666,14662.83,5865.13,8797.7,1612.91
2025-08-01,ENG-ZERO,Midwest,Foodservice,867,19082.71,7633.08,11449.63,2099.1
2025-08-01,ENG-ZERO,Midwest,Grocery,2245,49384.8,19753.92,29630.88,5432.33
2025-08-01,ENG-ZERO,Mountain,Club,921,20258.12,8103.25,12154.87,2228.39
2025-08-01,ENG-ZERO,Mountain,Convenience,1025,22550.88,9020.35,13530.53,2480.6
2025-08-01,ENG-ZERO,Mountain,Ecommerce,441,9701.24,3880.5,5820.74,1067.14
2025-08-01,ENG-ZERO,Mountain,Foodservice,644,14175.37,5670.15,8505.22,1559.29
2025-08-01,ENG-ZERO,Mountain,Grocery,1554,34179.94,13671.98,20507.96,3759.79
2025-08-01,ENG-ZERO,Northeast,Club,1129,24841.43,9936.57,14904.86,2732.56
2025-08-01,ENG-ZERO,Northeast,Convenience,1272,27976.4,11190.56,16785.84,3077.4
2025-08-01,ENG-ZERO,Northeast,Ecommerce,599,13177.75,5271.1,7906.65,1449.55
2025-08-01,ENG-ZERO,Northeast,Foodservice,785,17280.87,6912.35,10368.52,1900.9
2025-08-01,ENG-ZERO,Northeast,Grocery,1987,43709.1,17483.64,26225.46,4808.0
2025-08-01,ENG-ZERO,South,Club,1469,32308.89,12923.56,19385.33,3553.98
2025-08-01,ENG-ZERO,South,Convenience,1575,34640.92,13856.37,20784.55,3810.5
2025-08-01,ENG-ZERO,South,Ecommerce,733,16120.88,6448.35,9672.53,1773.3
2025-08-01,ENG-ZERO,South,Foodservice,1009,22205.23,8882.09,13323.14,2442.58
2025-08-01,ENG-ZERO,South,Grocery,2383,52426.62,20970.65,31455.97,5766.93
2025-08-01,ENG-ZERO,West,Club,1718,37805.35,15122.14,22683.21,4158.59
2025-08-01,ENG-ZERO,West,Convenience,1813,39875.45,15950.18,23925.27,4386.3
2025-08-01,ENG-ZERO,West,Ecommerce,858,18881.63,7552.65,11328.98,2076.98
2025-08-01,ENG-ZERO,West,Foodservice,1181,25986.41,10394.56,15591.85,2858.51
2025-08-01,ENG-ZERO,West,Grocery,2799,61575.3,24630.12,36945.18,6773.28
2025-08-01,JUC-APPLE,Midwest,Club,2594,41509.45,24075.48,17433.97,3735.85
2025-08-01,JUC-APPLE,Midwest,Convenience,2859,45738.1,26528.1,19210.0,4116.43
2025-08-01,JUC-APPLE,Midwest,Ecommerce,1322,21159.53,12272.53,8887.0,1904.36
2025-08-01,JUC-APPLE,Midwest,Foodservice,1830,29279.62,16982.18,12297.44,2635.17
2025-08-01,JUC-APPLE,Midwest,Grocery,4488,71801.66,41644.96,30156.7,6462.15
2025-08-01,JUC-APPLE,Mountain,Club,1939,31024.95,17994.47,13030.48,2792.25
2025-08-01,JUC-APPLE,Mountain,Convenience,2078,33241.48,19280.06,13961.42,2991.73
2025-08-01,JUC-APPLE,Mountain,Ecommerce,922,14748.53,8554.15,6194.38,1327.37
2025-08-01,JUC-APPLE,Mountain,Foodservice,1337,21391.17,12406.88,8984.29,1925.21
2025-08-01,JUC-APPLE,Mountain,Grocery,3209,51340.35,29777.4,21562.95,4620.63
2025-08-01,JUC-APPLE,Northeast,Club,2385,38160.86,22133.3,16027.56,3434.48
2025-08-01,JUC-APPLE,Northeast,Convenience,2560,40960.99,23757.37,17203.62,3686.49
2025-08-01,JUC-APPLE,Northeast,Ecommerce,1184,18941.95,10986.33,7955.62,1704.78
2025-08-01,JUC-APPLE,Northeast,Foodservice,1686,26976.83,15646.56,11330.27,2427.91
2025-08-01,JUC-APPLE,Northeast,Grocery,4155,66475.41,38555.74,27919.67,5982.79
2025-08-01,JUC-APPLE,South,Club,3055,48885.77,28353.75,20532.02,4399.72
2025-08-01,JUC-APPLE,South,Convenience,3205,51274.22,29739.05,21535.17,4614.68
2025-08-01,JUC-APPLE,South,Ecommerce,1519,24304.95,14096.87,10208.08,2187.45
2025-08-01,JUC-APPLE,South,Foodservice,2079,33270.88,19297.11,13973.77,2994.38
2025-08-01,JUC-APPLE,South,Grocery,4879,78069.66,45280.4,32789.26,7026.27
2025-08-01,JUC-APPLE,West,Club,3340,53447.83,30999.74,22448.09,4810.3
2025-08-01,JUC-APPLE,West,Convenience,3888,62207.64,36080.43,26127.21,5598.69
2025-08-01,JUC-APPLE,West,Ecommerce,1723,27572.34,15991.96,11580.38,2481.51
2025-08-01,JUC-APPLE,West,Foodservice,2347,37550.72,21779.42,15771.3,3379.56
2025-08-01,JUC-APPLE,West,Grocery,5996,95939.35,55644.82,40294.53,8634.54
2025-08-01,JUC-MANGO,Midwest,Club,2244,35899.44,20821.68,15077.76,3230.95
2025-08-01,JUC-MANGO,Midwest,Convenience,2486,39782.24,23073.7,16708.54,3580.4
2025-08-01,JUC-MANGO,Midwest,Ecommerce,1120,17914.09,10390.17,7523.92,1612.27
2025-08-01,JUC-MANGO,Midwest,Foodservice,1474,23585.27,13679.46,9905.81,2122.67
2025-08-01,JUC-MANGO,Midwest,Grocery,3749,59991.23,34794.91,25196.32,5399.21
2025-08-01,JUC-MANGO,Mountain,Club,1559,24944.82,14468.0,10476.82,2245.03
2025-08-01,JUC-MANGO,Mountain,Convenience,1728,27655.38,16040.12,11615.26,2488.98
2025-08-01,JUC-MANGO,Mountain,Ecommerce,790,12639.95,7331.17,5308.78,1137.6
2025-08-01,JUC-MANGO,Mountain,Foodservice,1081,17290.58,10028.54,7262.04,1556.15
2025-08-01,JUC-MANGO,Mountain,Grocery,2594,41501.36,24070.79,17430.57,3735.12
2025-08-01,JUC-MANGO,Northeast,Club,2026,32416.22,18801.41,13614.81,2917.46
2025-08-01,JUC-MANGO,Northeast,Convenience,2118,33881.12,19651.05,14230.07,3049.3
2025-08-01,JUC-MANGO,Northeast,Ecommerce,1015,16234.91,9416.25,6818.66,1461.14
2025-08-01,JUC-MANGO,Northeast,Foodservice,1430,22880.27,13270.56,9609.71,2059.22
2025-08-01,JUC-MANGO,Northeast,Grocery,3322,53153.28,30828.9,22324.38,4783.8
2025-08-01,JUC-MANGO,South,Club,2381,38092.1,22093.42,15998.68,3428.29
2025-08-01,JUC-MANGO,South,Convenience,2660,42558.16,24683.73,17874.43,3830.23
2025-08-01,JUC-MANGO,South,Ecommerce,1160,18555.6,10762.25,7793.35,1670.0
2025-08-01,JUC-MANGO,South,Foodservice,1723,27567.05,15988.89,11578.16,2481.03
2025-08-01,JUC-MANGO,South,Grocery,4251,68018.81,39450.91,28567.9,6121.69
2025-08-01,JUC-MANGO,West,Club,2759,44143.79,25603.4,18540.39,3972.94
2025-08-01,JUC-MANGO,West,Convenience,3172,50750.66,29435.38,21315.28,4567.56
2025-08-01,JUC-MANGO,West,Ecommerce,1411,22578.38,13095.46,9482.92,2032.05
2025-08-01,JUC-MANGO,West,Foodservice,1999,31978.9,18547.76,13431.14,2878.1
2025-08-01,JUC-MANGO,West,Grocery,4736,75780.08,43952.45,31827.63,6820.21
2025-08-01,JUC-ORANGE,Midwest,Club,3073,49164.82,28515.6,20649.22,4424.83
2025-08-01,JUC-ORANGE,Midwest,Convenience,3441,55057.61,31933.41,23124.2,4955.18
2025-08-01,JUC-ORANGE,Midwest,Ecommerce,1524,24380.17,14140.5,10239.67,2194.22
2025-08-01,JUC-ORANGE,Midwest,Foodservice,2153,34454.84,19983.81,14471.03,3100.94
2025-08-01,JUC-ORANGE,Midwest,Grocery,5357,85705.81,49709.37,35996.44,7713.52
2025-08-01,JUC-ORANGE,Mountain,Club,2291,36650.29,21257.17,15393.12,3298.53
2025-08-01,JUC-ORANGE,Mountain,Convenience,2450,39196.65,22734.06,16462.59,3527.7
2025-08-01,JUC-ORANGE,Mountain,Ecommerce,1070,17114.13,9926.2,7187.93,1540.27
2025-08-01,JUC-ORANGE,Mountain,Foodservice,1559,24944.96,14468.08,10476.88,2245.05
2025-08-01,JUC-ORANGE,Mountain,Grocery,3650,58392.91,33867.89,24525.02,5255.36
2025-08-01,JUC-ORANGE,Northeast,Club,2850,45606.91,26452.01,19154.9,4104.62
2025-08-01,JUC-ORANGE,Northeast,Convenience,3230,51674.85,29971.41,21703.44,4650.74
2025-08-01,JUC-ORANGE,Northeast,Ecommerce,1377,22035.23,12780.43,9254.8,1983.17
2025-08-01,JUC-ORANGE,Northeast,Foodservice,2037,32596.51,18905.98,13690.53,2933.69
2025-08-01,JUC-ORANGE,Northeast,Grocery,4909,78547.97,45557.82,32990.15,7069.32
2025-08-01,JUC-ORANGE,South,Club,3546,56731.61,32904.33,23827.28,5105.84
2025-08-01,JUC-ORANGE,South,Convenience,3697,59152.62,34308.52,24844.1,5323.74
2025-08-01,JUC-ORANGE,South,Ecommerce,1780,28472.69,16514.16,11958.53,2562.54
2025-08-01,JUC-ORANGE,South,Foodservice,2500,40001.62,23200.94,16800.68,3600.15
2025-08-01,JUC-ORANGE,South,Grocery,6130,98074.11,56882.98,41191.13,8826.67
2025-08-01,JUC-ORANGE,West,Club,3972,63547.83,36857.74,26690.09,5719.3
2025-08-01,JUC-ORANGE,West,Convenience,4626,74016.05,42929.31,31086.74,6661.44
2025-08-01,JUC-ORANGE,West,Ecommerce,2127,34029.7,19737.23,14292.47,3062.67
2025-08-01,JUC-ORANGE,West,Foodservice,2893,46282.33,26843.75,19438.58,4165.41
2025-08-01,JUC-ORANGE,West,Grocery,6716,107449.48,62320.7,45128.78,9670.45
2025-08-01,ROOT-BEER,Midwest,Club,3323,39878.28,21933.05,17945.23,5582.96
2025-08-01,ROOT-BEER,Midwest,Convenience,3431,41172.49,22644.87,18527.62,5764.15
2025-08-01,ROOT-BEER,Midwest,Ecommerce,1595,19136.57,10525.11,8611.46,2679.12
2025-08-01,ROOT-BEER,Midwest,Foodservice,2166,25994.55,14297.0,11697.55,3639.24
2025-08-01,ROOT-BEER,Midwest,Grocery,5283,63399.34,34869.64,28529.7,8875.91
2025-08-01,ROOT-BEER,Mountain,Club,2202,26423.96,14533.18,11890.78,3699.35
2025-08-01,ROOT-BEER,Mountain,Convenience,2502,30022.03,16512.12,13509.91,4203.08
2025-08-01,ROOT-BEER,Mountain,Ecommerce,1081,12968.82,7132.85,5835.97,1815.63
2025-08-01,ROOT-BEER,Mountain,Foodservice,1576,18911.11,10401.11,8510.0,2647.56
2025-08-01,ROOT-BEER,Mountain,Grocery,3663,43953.7,24174.54,19779.16,6153.52
2025-08-01,ROOT-BEER,Northeast,Club,2782,33383.21,18360.77,15022.44,4673.65
2025-08-01,ROOT-BEER,Northeast,Convenience,3268,39210.58,21565.82,17644.76,5489.48
2025-08-01,ROOT-BEER,Northeast,Ecommerce,1459,17507.44,9629.09,7878.35,2451.04
2025-08-01,ROOT-BEER,Northeast,Foodservice,1955,23464.89,12905.69,10559.2,3285.08
2025-08-01,ROOT-BEER,Northeast,Grocery,4785,57414.46,31577.95,25836.51,8038.02
2025-08-01,ROOT-BEER,South,Club,3446,41351.49,22743.32,18608.17,5789.21
2025-08-01,ROOT-BEER,South,Convenience,4023,48275.21,26551.37,21723.84,6758.53
2025-08-01,ROOT-BEER,South,Ecommerce,1778,21340.16,11737.09,9603.07,2987.62
2025-08-01,ROOT-BEER,South,Foodservice,2476,29714.44,16342.94,13371.5,4160.02
2025-08-01,ROOT-BEER,South,Grocery,5912,70949.6,39022.28,31927.32,9932.94
2025-08-01,ROOT-BEER,West,Club,4009,48113.63,26462.5,21651.13,6735.91
2025-08-01,ROOT-BEER,West,Convenience,4491,53889.12,29639.02,24250.1,7544.48
2025-08-01,ROOT-BEER,West,Ecommerce,2071,24854.42,13669.93,11184.49,3479.62
2025-08-01,ROOT-BEER,West,Foodservice,2946,35352.46,19443.85,15908.61,4949.34
2025-08-01,ROOT-BEER,West,Grocery,6832,81987.2,45092.96,36894.24,11478.21
2025-08-01,SPK-BERRY,Midwest,Club,2495,34934.78,15720.65,19214.13,2794.78
2025-08-01,SPK-BERRY,Midwest,Convenience,2668,37349.4,16807.23,20542.17,2987.95
2025-08-01,SPK-BERRY,Midwest,Ecommerce,1226,17157.88,7721.05,9436.83,1372.63
2025-08-01,SPK-BERRY,Midwest,Foodservice,1636,22904.74,10307.13,12597.61,1832.38
2025-08-01,SPK-BERRY,Midwest,Grocery,4095,57323.26,25795.47,31527.79,4585.86
2025-08-01,SPK-BERRY,Mountain,Club,1738,24330.38,10948.67,13381.71,1946.43
2025-08-01,SPK-BERRY,Mountain,Convenience,1836,25706.62,11567.98,14138.64,2056.53
2025-08-01,SPK-BERRY,Mountain,Ecommerce,843,11798.77,5309.45,6489.32,943.9
2025-08-01,SPK-BERRY,Mountain,Foodservice,1175,16456.46,7405.41,9051.05,1316.52
2025-08-01,SPK-BERRY,Mountain,Grocery,2850,39904.67,17957.1,21947.57,3192.37
2025-08-01,SPK-BERRY,Northeast,Club,2088,29234.64,13155.59,16079.05,2338.77
2025-08-01,SPK-BERRY,Northeast,Convenience,2393,33495.5,15072.97,18422.53,2679.64
2025-08-01,SPK-BERRY,Northeast,Ecommerce,1060,14837.03,6676.66,8160.37,1186.96
2025-08-01,SPK-BERRY,Northeast,Foodservice,1537,21511.14,9680.01,11831.13,1720.89
2025-08-01,SPK-BERRY,Northeast,Grocery,3694,51720.0,23274.0,28446.0,4137.6
2025-08-01,SPK-BERRY,South,Club,2652,37121.1,16704.5,20416.6,2969.69
2025-08-01,SPK-BERRY,South,Convenience,2844,39813.82,17916.22,21897.6,3185.11
2025-08-01,SPK-BERRY,South,Ecommerce,1309,18322.96,8245.33,10077.63,1465.84
2025-08-01,SPK-BERRY,South,Foodservice,1845,25834.42,11625.49,14208.93,2066.75
2025-08-01,SPK-BERRY,South,Grocery,4594,64313.2,28940.94,35372.26,5145.06
2025-08-01,SPK-BERRY,West,Club,3137,43914.3,19761.43,24152.87,3513.14
2025-08-01,SPK-BERRY,West,Convenience,3469,48560.53,21852.24,26708.29,3884.84
2025-08-01,SPK-BERRY,West,Ecommerce,1550,21694.4,9762.48,11931.92,1735.55
2025-08-01,SPK-BERRY,West,Foodservice,2199,30783.67,13852.65,16931.02,2462.69
2025-08-01,SPK-BERRY,West,Grocery,5347,74854.82,33684.67,41170.15,5988.39
2025-08-01,SPK-LIME,Midwest,Club,2468,34548.43,15546.79,19001.64,2763.87
2025-08-01,SPK-LIME,Midwest,Convenience,2893,40500.68,18225.31,22275.37,3240.05
2025-08-01,SPK-LIME,Midwest,Ecommerce,1316,18427.75,8292.49,10135.26,1474.22
2025-08-01,SPK-LIME,Midwest,Foodservice,1815,25407.26,11433.27,13973.99,2032.58
2025-08-01,SPK-LIME,Midwest,Grocery,4283,59961.53,26982.69,32978.84,4796.92
2025-08-01,SPK-LIME,Mountain,Club,1817,25432.62,11444.68,13987.94,2034.61
2025-08-01,SPK-LIME,Mountain,Convenience,2027,28379.08,12770.59,15608.49,2270.33
2025-08-01,SPK-LIME,Mountain,Ecommerce,864,12094.02,5442.31,6651.71,967.52
2025-08-01,SPK-LIME,Mountain,Foodservice,1261,17660.25,7947.11,9713.14,1412.82
2025-08-01,SPK-LIME,Mountain,Grocery,2980,41724.88,18776.2,22948.68,3337.99
2025-08-01,SPK-LIME,Northeast,Club,2365,33105.88,14897.65,18208.23,2648.47
2025-08-01,SPK-LIME,Northeast,Convenience,2481,34737.58,15631.91,19105.67,2779.01
2025-08-01,SPK-LIME,Northeast,Ecommerce,1143,15995.54,7197.99,8797.55,1279.64
2025-08-01,SPK-LIME,Northeast,Foodservice,1626,22759.4,10241.73,12517.67,1820.75
2025-08-01,SPK-LIME,Northeast,Grocery,3991,55869.03,25141.06,30727.97,4469.52
2025-08-01,SPK-LIME,South,Club,2919,40861.05,18387.47,22473.58,3268.88
2025-08-01,SPK-LIME,South,Convenience,3046,42642.7,19189.22,23453.48,3411.42
2025-08-01,SPK-LIME,South,Ecommerce,1409,19726.28,8876.83,10849.45,1578.1
2025-08-01,SPK-LIME,South,Foodservice,1921,26900.68,12105.31,14795.37,2152.05
2025-08-01,SPK-LIME,South,Grocery,4750,66501.55,29925.7,36575.85,5320.12
2025-08-01,SPK-LIME,West,Club,3294,46122.86,20755.29,25367.57,3689.83
2025-08-01,SPK-LIME,West,Convenience,3768,52758.0,23741.1,29016.9,4220.64
2025-08-01,SPK-LIME,West,Ecommerce,1610,22542.29,10144.03,12398.26,1803.38
2025-08-01,SPK-LIME,West,Foodservice,2358,33015.26,14856.87,18158.39,2641.22
2025-08-01,SPK-LIME,West,Grocery,5861,82056.73,36925.53,45131.2,6564.54
2025-08-01,SPK-PLAIN,Midwest,Club,1836,25701.79,11565.81,14135.98,2056.14
2025-08-01,SPK-PLAIN,Midwest,Convenience,2099,29380.74,13221.33,16159.41,2350.46
2025-08-01,SPK-PLAIN,Midwest,Ecommerce,901,12610.82,5674.87,6935.95,1008.87
2025-08-01,SPK-PLAIN,Midwest,Foodservice,1276,17870.7,8041.81,9828.89,1429.66
2025-08-01,SPK-PLAIN,Midwest,Grocery,3180,44518.38,20033.27,24485.11,3561.47
2025-08-01,SPK-PLAIN,Mountain,Club,1242,17394.68,7827.61,9567.07,1391.57
2025-08-01,SPK-PLAIN,Mountain,Convenience,1441,20178.3,9080.24,11098.06,1614.26
2025-08-01,SPK-PLAIN,Mountain,Ecommerce,656,9178.86,4130.49,5048.37,734.31
2025-08-01,SPK-PLAIN,Mountain,Foodservice,890,12460.2,5607.09,6853.11,996.82
2025-08-01,SPK-PLAIN,Mountain,Grocery,2278,31888.57,14349.86,17538.71,2551.09
2025-08-01,SPK-PLAIN,Northeast,Club,1605,22471.82,10112.32,12359.5,1797.75
2025-08-01,SPK-PLAIN,Northeast,Convenience,1762,24674.8,11103.66,13571.14,1973.98
2025-08-01,SPK-PLAIN,Northeast,Ecommerce,842,11786.25,5303.81,6482.44,942.9
2025-08-01,SPK-PLAIN,Northeast,Foodservice,1202,16829.25,7573.16,9256.09,1346.34
2025-08-01,SPK-PLAIN,Northeast,Grocery,2842,39791.99,17906.4,21885.59,3183.36
2025-08-01,SPK-PLAIN,South,Club,1991,27871.91,12542.36,15329.55,2229.75
2025-08-01,SPK-PLAIN,South,Convenience,2228,31191.48,14036.17,17155.31,2495.32
2025-08-01,SPK-PLAIN,South,Ecommerce,993,13897.03,6253.66,7643.37,1111.76
2025-08-01,SPK-PLAIN,South,Foodservice,1376,19265.14,8669.31,10595.83,1541.21
2025-08-01,SPK-PLAIN,South,Grocery,3485,48784.14,21952.86,26831.28,3902.73
2025-08-01,SPK-PLAIN,West,Club,2458,34409.37,15484.22,18925.15,2752.75
2025-08-01,SPK-PLAIN,West,Convenience,2571,35999.79,16199.91,19799.88,2879.98
2025-08-01,SPK-PLAIN,West,Ecommerce,1191,16673.44,7503.05,9170.39,1333.88
2025-08-01,SPK-PLAIN,West,Foodservice,1720,24080.53,10836.24,13244.29,1926.44
2025-08-01,SPK-PLAIN,West,Grocery,3931,55039.13,24767.61,30271.52,4403.13
2025-08-01,STL-1L,Midwest,Club,20404,183633.57,113852.81,69780.76,11018.01
2025-08-01,STL-1L,Midwest,Convenience,6319,56872.27,35260.81,21611.46,3412.34
2025-08-01,STL-1L,Midwest,Ecommerce,2750,24752.02,15346.25,9405.77,1485.12
2025-08-01,STL-1L,Midwest,Foodservice,3800,34196.69,21201.95,12994.74,2051.8
2025-08-01,STL-1L,Midwest,Grocery,9332,83987.49,52072.24,31915.25,5039.25
2025-08-01,STL-1L,Mountain,Club,3784,34058.27,21116.13,12942.14,2043.5
2025-08-01,STL-1L,Mountain,Convenience,4231,38075.03,23606.52,14468.51,2284.5
2025-08-01,STL-1L,Mountain,Ecommerce,1898,17085.14,10592.79,6492.35,1025.11
2025-08-01,STL-1L,Mountain,Foodservice,2813,25314.67,15695.1,9619.57,1518.88
2025-08-01,STL-1L,Mountain,Grocery,6435,57919.1,35909.84,22009.26,3475.15
2025-08-01,STL-1L,Northeast,Club,4899,44089.17,27335.29,16753.88,2645.35
2025-08-01,STL-1L,Northeast,Convenience,5415,48732.15,30213.93,18518.22,2923.93
2025-08-01,STL-1L,Northeast,Ecommerce,2576,23188.09,14376.62,8811.47,1391.29
2025-08-01,STL-1L,Northeast,Foodservice,3443,30987.0,19211.94,11775.06,1859.22
2025-08-01,STL-1L,Northeast,Grocery,8885,79967.83,49580.05,30387.78,4798.07
2025-08-01,STL-1L,South,Club,6267,56403.4,34970.11,21433.29,3384.2
2025-08-01,STL-1L,South,Convenience,6944,62495.95,38747.49,23748.46,3749.76
2025-08-01,STL-1L,South,Ecommerce,2982,26838.92,16640.13,10198.79,1610.34
2025-08-01,STL-1L,South,Foodservice,4184,37654.98,23346.09,14308.89,2259.3
2025-08-01,STL-1L,South,Grocery,10485,94362.38,58504.68,35857.7,5661.74
2025-08-01,STL-1L,West,Club,7466,67190.97,41658.4,25532.57,4031.46
2025-08-01,STL-1L,West,Convenience,8137,73231.29,45403.4,27827.89,4393.88
2025-08-01,STL-1L,West,Ecommerce,3705,33346.07,20674.56,12671.51,2000.76
2025-08-01,STL-1L,West,Foodservice,4987,44882.71,27827.28,17055.43,2692.96
2025-08-01,STL-1L,West,Grocery,12076,108682.56,67383.19,41299.37,6520.95
2025-08-01,STL-500,Midwest,Club,5804,52238.33,32387.76,19850.57,3134.3
2025-08-01,STL-500,Midwest,Convenience,6803,61224.8,37959.38,23265.42,3673.49
2025-08-01,STL-500,Midwest,Ecommerce,2986,26878.07,16664.4,10213.67,1612.68
2025-08-01,STL-500,Midwest,Foodservice,4290,38613.04,23940.08,14672.96,2316.78
2025-08-01,STL-500,Midwest,Grocery,10375,93376.04,57893.14,35482.9,5602.56
2025-08-01,STL-500,Mountain,Club,4166,37495.27,23247.07,14248.2,2249.72
2025-08-01,STL-500,Mountain,Convenience,4520,40677.82,25220.25,15457.57,2440.67
2025-08-01,STL-500,Mountain,Ecommerce,2119,19066.85,11821.45,7245.4,1144.01
2025-08-01,STL-500,Mountain,Foodservice,3067,27599.03,17111.4,10487.63,1655.94
2025-08-01,STL-500,Mountain,Grocery,7253,65276.37,40471.35,24805.02,3916.58
2025-08-01,STL-500,Northeast,Club,5398,48580.84,30120.12,18460.72,2914.85
2025-08-01,STL-500,Northeast,Convenience,5907,53163.0,32961.06,20201.94,3189.78
2025-08-01,STL-500,Northeast,Ecommerce,2614,23529.66,14588.39,8941.27,1411.78
2025-08-01,STL-500,Northeast,Foodservice,3857,34713.12,21522.13,13190.99,2082.79
2025-08-01,STL-500,Northeast,Grocery,9230,83071.53,51504.35,31567.18,4984.29
2025-08-01,STL-500,South,Club,6482,58339.26,36170.34,22168.92,3500.36
2025-08-01,STL-500,South,Convenience,7315,65830.65,40815.0,25015.65,3949.84
2025-08-01,STL-500,South,Ecommerce,3219,28969.03,17960.8,11008.23,1738.14
2025-08-01,STL-500,South,Foodservice,4757,42810.87,26542.74,16268.13,2568.65
2025-08-01,STL-500,South,Grocery,11313,101817.1,63126.6,38690.5,6109.03
2025-08-01,STL-500,West,Club,8044,72399.95,44887.97,27511.98,4344.0
2025-08-01,STL-500,West,Convenience,8295,74657.26,46287.5,28369.76,4479.44
2025-08-01,STL-500,West,Ecommerce,3977,35796.39,22193.76,13602.63,2147.78
2025-08-01,STL-500,West,Foodservice,5690,51208.58,31749.32,19459.26,3072.51
2025-08-01,STL-500,West,Grocery,13129,118160.73,73259.65,44901.08,7089.64
2025-09-01,COLA-CHERRY,Midwest,Club,2800,33603.87,18482.13,15121.74,4704.54
2025-09-01,COLA-CHERRY,Midwest,Convenience,3198,38372.93,21105.11,17267.82,5372.21
2025-09-01,COLA-CHERRY,Midwest,Ecommerce,1442,17299.27,9514.6,7784.67,2421.9
2025-09-01,COLA-CHERRY,Midwest,Foodservice,2042,24506.33,13478.48,11027.85,3430.89
2025-09-01,COLA-CHERRY,Midwest,Grocery,4876,58510.85,32180.97,26329.88,8191.52
2025-09-01,COLA-CHERRY,Mountain,Club,2003,24035.22,13219.37,10815.85,3364.93
2025-09-01,COLA-CHERRY,Mountain,Convenience,2142,25698.64,14134.25,11564.39,3597.81
2025-09-01,COLA-CHERRY,Mountain,Ecommerce,991,11897.29,6543.51,5353.78,1665.62
2025-09-01,COLA-CHERRY,Mountain,Foodservice,1411,16927.31,9310.02,7617.29,2369.82
2025-09-01,COLA-CHERRY,Mountain,Grocery,3357,40282.04,22155.12,18126.92,5639.49
2025-09-01,COLA-CHERRY,Northeast,Club,2650,31795.38,17487.46,14307.92,4451.35
2025-09-01,COLA-CHERRY,Northeast,Convenience,2838,34055.95,18730.77,15325.18,4767.83
2025-09-01,COLA-CHERRY,Northeast,Ecommerce,1267,15209.45,8365.2,6844.25,2129.32
2025-09-01,COLA-CHERRY,Northeast,Foodservice,1728,20735.55,11404.55,9331.0,2902.98
2025-09-01,COLA-CHERRY,Northeast,Grocery,4383,52592.86,28926.07,23666.79,7363.0
2025-09-01,COLA-CHERRY,South,Club,3142,37706.12,20738.37,16967.75,5278.86
2025-09-01,COLA-CHERRY,South,Convenience,3454,41442.87,22793.58,18649.29,5802.0
2025-09-01,COLA-CHERRY,South,Ecommerce,1510,18115.23,9963.38,8151.85,2536.13
2025-09-01,COLA-CHERRY,South,Foodservice,2159,25912.43,14251.84,11660.59,3627.74
2025-09-01,COLA-CHERRY,South,Grocery,5306,63677.42,35022.58,28654.84,8914.84
2025-09-01,COLA-CHERRY,West,Club,3596,43156.96,23736.33,19420.63,6041.97
2025-09-01,COLA-CHERRY,West,Convenience,4037,48447.47,26646.11,21801.36,6782.65
2025-09-01,COLA-CHERRY,West,Ecommerce,1913,22960.05,12628.03,10332.02,3214.41
2025-09-01,COLA-CHERRY,West,Foodservice,2562,30747.02,16910.86,13836.16,4304.58
2025-09-01,COLA-CHERRY,West,Grocery,6368,76421.37,42031.75,34389.62,10698.99
2025-09-01,COLA-DIET,Midwest,Club,3267,39207.08,21563.89,17643.19,5488.99
2025-09-01,COLA-DIET,Midwest,Convenience,3879,46545.67,25600.12,20945.55,6516.39
2025-09-01,COLA-DIET,Midwest,Ecommerce,1649,19786.1,10882.36,8903.74,2770.05
2025-09-01,COLA-DIET,Midwest,Foodservice,2344,28126.18,15469.4,12656.78,3937.67
2025-09-01,COLA-DIET,Midwest,Grocery,5677,68128.79,37470.83,30657.96,9538.03
2025-09-01,COLA-DIET,Mountain,Club,2330,27965.29,15380.91,12584.38,3915.14
2025-09-01,COLA-DIET,Mountain,Convenience,2623,31472.04,17309.62,14162.42,4406.09
2025-09-01,COLA-DIET,Mountain,Ecommerce,1147,13758.12,7566.97,6191.15,1926.14
2025-09-01,COLA-DIET,Mountain,Foodservice,1651,19806.85,10893.77,8913.08,2772.96
2025-09-01,COLA-DIET,Mountain,Grocery,4026,48309.23,26570.08,21739.15,6763.29
2025-09-01,COLA-DIET,Northeast,Club,3087,37040.94,20372.52,16668.42,5185.73
2025-09-01,COLA-DIET,Northeast,Convenience,3291,39497.41,21723.58,17773.83,5529.64
2025-09-01,COLA-DIET,Northeast,Ecommerce,1513,18154.67,9985.07,8169.6,2541.65
2025-09-01,COLA-DIET,Northeast,Foodservice,2144,25732.28,14152.75,11579.53,3602.52
2025-09-01,COLA-DIET,Northeast,Grocery,5274,63292.59,34810.92,28481.67,8860.96
2025-09-01,COLA-DIET,South,Club,3790,45485.63,25017.1,20468.53,6367.99
2025-09-01,COLA-DIET,South,Convenience,4133,49591.44,27275.29,22316.15,6942.8
2025-09-01,COLA-DIET,South,Ecommerce,1826,21907.9,12049.34,9858.56,3067.11
2025-09-01,COLA-DIET,South,Foodservice,2555,30656.66,16861.16,13795.5,4291.93
2025-09-01,COLA-DIET,South,Grocery,6541,78495.04,43172.27,35322.77,10989.31
2025-09-01,COLA-DIET,West,Club,4497,53969.74,29683.36,24286.38,7555.76
2025-09-01,COLA-DIET,West,Convenience,4718,56617.33,31139.53,25477.8,7926.43
2025-09-01,COLA-DIET,West,Ecommerce,2257,27081.61,14894.89,12186.72,3791.43
2025-09-01,COLA-DIET,West,Foodservice,3011,36133.55,19873.45,16260.1,5058.7
2025-09-01,COLA-DIET,West,Grocery,7572,90860.71,49973.39,40887.32,12720.5
2025-09-01,COLA-REG,Midwest,Club,4580,54956.32,30225.98,24730.34,7693.88
2025-09-01,COLA-REG,Midwest,Convenience,5012,60139.38,33076.66,27062.72,8419.51
2025-09-01,COLA-REG,Midwest,Ecommerce,2341,28093.03,15451.17,12641.86,3933.02
2025-09-01,COLA-REG,Midwest,Foodservice,3050,36600.08,20130.04,16470.04,5124.01
2025-09-01,COLA-REG,Midwest,Grocery,7906,94868.72,52177.8,42690.92,13281.62
2025-09-01,COLA-REG,Mountain,Club,3268,39219.99,21570.99,17649.0,5490.8
2025-09-01,COLA-REG,Mountain,Convenience,3625,43502.27,23926.25,19576.02,6090.32
2025-09-01,COLA-REG,Mountain,Ecommerce,1592,19101.38,10505.76,8595.62,2674.19
2025-09-01,COLA-REG,Mountain,Foodservice,2280,27365.86,15051.22,12314.64,3831.22
2025-09-01,COLA-REG,Mountain,Grocery,5297,63558.45,34957.15,28601.3,8898.18
2025-09-01,COLA-REG,Northeast,Club,4107,49283.8,27106.09,22177.71,6899.73
2025-09-01,COLA-REG,Northeast,Convenience,4506,54071.83,29739.51,24332.32,7570.06
2025-09-01,COLA-REG,Northeast,Ecommerce,2005,24065.81,13236.2,10829.61,3369.21
2025-09-01,COLA-REG,Northeast,Foodservice,2863,34361.84,18899.01,15462.83,4810.66
2025-09-01,COLA-REG,Northeast,Grocery,6722,80662.66,44364.46,36298.2,11292.77
2025-09-01,COLA-REG,South,Club,4924,59082.84,32495.56,26587.28,8271.6
2025-09-01,COLA-REG,South,Convenience,5402,64825.39,35653.96,29171.43,9075.55
2025-09-01,COLA-REG,South,Ecommerce,2508,30101.18,16555.65,13545.53,4214.17
2025-09-01,COLA-REG,South,Foodservice,3606,43267.99,23797.39,19470.6,6057.52
2025-09-01,COLA-REG,South,Grocery,8262,99140.51,54527.28,44613.23,13879.67
2025-09-01,COLA-REG,West,Club,5743,68920.66,37906.36,31014.3,9648.89
2025-09-01,COLA-REG,West,Convenience,6509,78106.58,42958.62,35147.96,10934.92
2025-09-01,COLA-REG,West,Ecommerce,2984,35808.83,19694.86,16113.97,5013.24
2025-09-01,COLA-REG,West,Foodservice,3975,47695.59,26232.57,21463.02,6677.38
2025-09-01,COLA-REG,West,Grocery,10232,122789.47,67534.21,55255.26,17190.53
2025-09-01,ENG-ORIG,Midwest,Club,1528,33619.84,13447.94,20171.9,3698.18
2025-09-01,ENG-ORIG,Midwest,Convenience,1742,38325.5,15330.2,22995.3,4215.8
2025-09-01,ENG-ORIG,Midwest,Ecommerce,774,17037.78,6815.11,10222.67,1874.16
2025-09-01,ENG-ORIG,Midwest,Foodservice,1075,23642.14,9456.86,14185.28,2600.64
2025-09-01,ENG-ORIG,Midwest,Grocery,2627,57786.02,23114.41,34671.61,6356.46
2025-09-01,ENG-ORIG,Mountain,Club,1129,24843.97,9937.59,14906.38,2732.84
2025-09-01,ENG-ORIG,Mountain,Convenience,1185,26062.66,10425.06,15637.6,2866.89
2025-09-01,ENG-ORIG,Mountain,Ecommerce,538,11833.72,4733.49,7100.23,1301.71
2025-09-01,ENG-ORIG,Mountain,Foodservice,784,17252.63,6901.05,10351.58,1897.79
2025-09-01,ENG-ORIG,Mountain,Grocery,1783,39229.58,15691.83,23537.75,4315.25
2025-09-01,ENG-ORIG,Northeast,Club,1451,31911.79,12764.72,19147.07,3510.3
2025-09-01,ENG-ORIG,Northeast,Convenience,1574,34620.48,13848.19,20772.29,3808.25
2025-09-01,ENG-ORIG,Northeast,Ecommerce,717,15778.11,6311.24,9466.87,1735.59
2025-09-01,ENG-ORIG,Northeast,Foodservice,958,21068.42,8427.37,12641.05,2317.53
2025-09-01,ENG-ORIG,Northeast,Grocery,2340,51486.6,20594.64,30891.96,5663.53
2025-09-01,ENG-ORIG,South,Club,1694,37259.7,14903.88,22355.82,4098.57
2025-09-01,ENG-ORIG,South,Convenience,1913,42086.79,16834.72,25252.07,4629.55
2025-09-01,ENG-ORIG,South,Ecommerce,864,19013.15,7605.26,11407.89,2091.45
2025-09-01,ENG-ORIG,South,Foodservice,1170,25741.9,10296.76,15445.14,2831.61
2025-09-01,ENG-ORIG,South,Grocery,2858,62881.92,25152.77,37729.15,6917.01
2025-09-01,ENG-ORIG,West,Club,2017,44378.51,17751.4,26627.11,4881.64
2025-09-01,ENG-ORIG,West,Convenience,2213,48693.29,19477.32,29215.97,5356.26
2025-09-01,ENG-ORIG,West,Ecommerce,1031,22672.44,9068.98,13603.46,2493.97
2025-09-01,ENG-ORIG,West,Foodservice,1445,31798.97,12719.59,19079.38,3497.89
2025-09-01,ENG-ORIG,West,Grocery,3380,74352.6,29741.04,44611.56,8178.79
2025-09-01,ENG-ZERO,Midwest,Club,1236,27191.74,10876.7,16315.04,2991.09
2025-09-01,ENG-ZERO,Midwest,Convenience,1376,30276.47,12110.59,18165.88,3330.41
2025-09-01,ENG-ZERO,Midwest,Ecommerce,602,13243.19,5297.28,7945.91,1456.75
2025-09-01,ENG-ZERO,Midwest,Foodservice,859,18894.72,7557.89,11336.83,2078.42
2025-09-01,ENG-ZERO,Midwest,Grocery,2063,45395.22,18158.09,27237.13,4993.47
2025-09-01,ENG-ZERO,Mountain,Club,865,19040.1,7616.04,11424.06,2094.41
2025-09-01,ENG-ZERO,Mountain,Convenience,932,20499.59,8199.84,12299.75,2254.95
2025-09-01,ENG-ZERO,Mountain,Ecommerce,420,9236.68,3694.67,5542.01,1016.03
2025-09-01,ENG-ZERO,Mountain,Foodservice,628,13808.58,5523.43,8285.15,1518.94
2025-09-01,ENG-ZERO,Mountain,Grocery,1426,31374.19,12549.68,18824.51,3451.16
2025-09-01,ENG-ZERO,Northeast,Club,1121,24661.42,9864.57,14796.85,2712.76
2025-09-01,ENG-ZERO,Northeast,Convenience,1212,26661.64,10664.66,15996.98,2932.78
2025-09-01,ENG-ZERO,Northeast,Ecommerce,576,12681.34,5072.54,7608.8,1394.95
2025-09-01,ENG-ZERO,Northeast,Foodservice,811,17833.46,7133.38,10700.08,1961.68
2025-09-01,ENG-ZERO,Northeast,Grocery,1892,41621.25,16648.5,24972.75,4578.34
2025-09-01,ENG-ZERO,South,Club,1416,31148.61,12459.44,18689.17,3426.35
2025-09-01,ENG-ZERO,South,Convenience,1561,34336.9,13734.76,20602.14,3777.06
2025-09-01,ENG-ZERO,South,Ecommerce,695,15283.92,6113.57,9170.35,1681.23
2025-09-01,ENG-ZERO,South,Foodservice,975,21447.84,8579.14,12868.7,2359.26
2025-09-01,ENG-ZERO,South,Grocery,2291,50395.82,20158.33,30237.49,5543.54
2025-09-01,ENG-ZERO,West,Club,1676,36881.3,14752.52,22128.78,4056.94
2025-09-01,ENG-ZERO,West,Convenience,1781,39177.37,15670.95,23506.42,4309.51
2025-09-01,ENG-ZERO,West,Ecommerce,794,17467.82,6987.13,10480.69,1921.46
2025-09-01,ENG-ZERO,West,Foodservice,1164,25613.73,10245.49,15368.24,2817.51
2025-09-01,ENG-ZERO,West,Grocery,2821,62061.42,24824.57,37236.85,6826.76
2025-09-01,JUC-APPLE,Midwest,Club,2476,39623.55,22981.66,16641.89,3566.12
2025-09-01,JUC-APPLE,Midwest,Convenience,2583,41322.5,23967.05,17355.45,3719.02
2025-09-01,JUC-APPLE,Midwest,Ecommerce,1174,18777.42,10890.9,7886.52,1689.97
2025-09-01,JUC-APPLE,Midwest,Foodservice,1710,27362.48,15870.24,11492.24,2462.62
2025-09-01,JUC-APPLE,Midwest,Grocery,4197,67159.49,38952.5,28206.99,6044.35
2025-09-01,JUC-APPLE,Mountain,Club,1655,26476.57,15356.41,11120.16,2382.89
2025-09-01,JUC-APPLE,Mountain,Convenience,1806,28889.38,16755.84,12133.54,2600.04
2025-09-01,JUC-APPLE,Mountain,Ecommerce,845,13515.69,7839.1,5676.59,1216.41
2025-09-01,JUC-APPLE,Mountain,Foodservice,1153,18440.17,10695.3,7744.87,1659.62
2025-09-01,JUC-APPLE,Mountain,Grocery,2756,44090.97,25572.76,18518.21,3968.19
2025-09-01,JUC-APPLE,Northeast,Club,2107,33704.49,19548.6,14155.89,3033.4
2025-09-01,JUC-APPLE,Northeast,Convenience,2303,36846.93,21371.22,15475.71,3316.22
2025-09-01,JUC-APPLE,Northeast,Ecommerce,1086,17369.5,10074.31,7295.19,1563.26
2025-09-01,JUC-APPLE,Northeast,Foodservice,1481,23703.78,13748.19,9955.59,2133.34
2025-09-01,JUC-APPLE,Northeast,Grocery,3537,56595.81,32825.57,23770.24,5093.62
2025-09-01,JUC-APPLE,South,Club,2654,42458.36,24625.85,17832.51,3821.25
2025-09-01,JUC-APPLE,South,Convenience,2856,45701.75,26507.01,19194.74,4113.16
2025-09-01,JUC-APPLE,South,Ecommerce,1313,21007.05,12184.09,8822.96,1890.63
2025-09-01,JUC-APPLE,South,Foodservice,1880,30083.08,17448.19,12634.89,2707.48
2025-09-01,JUC-APPLE,South,Grocery,4381,70093.74,40654.37,29439.37,6308.44
2025-09-01,JUC-APPLE,West,Club,3223,51562.81,29906.43,21656.38,4640.65
2025-09-01,JUC-APPLE,West,Convenience,3496,55940.22,32445.33,23494.89,5034.62
2025-09-01,JUC-APPLE,West,Ecommerce,1527,24436.62,14173.24,10263.38,2199.3
2025-09-01,JUC-APPLE,West,Foodservice,2089,33418.48,19382.72,14035.76,3007.66
2025-09-01,JUC-APPLE,West,Grocery,5391,86252.26,50026.31,36225.95,7762.7
2025-09-01,JUC-MANGO,Midwest,Club,1965,31446.82,18239.16,13207.66,2830.21
2025-09-01,JUC-MANGO,Midwest,Convenience,2081,33298.19,19312.95,13985.24,2996.84
2025-09-01,JUC-MANGO,Midwest,Ecommerce,1006,16100.79,9338.46,6762.33,1449.07
2025-09-01,JUC-MANGO,Midwest,Foodservice,1362,21791.36,12638.99,9152.37,1961.22
2025-09-01,JUC-MANGO,Midwest,Grocery,3401,54419.83,31563.5,22856.33,4897.78
2025-09-01,JUC-MANGO,Mountain,Club,1360,21764.83,12623.6,9141.23,1958.83
2025-09-01,JUC-MANGO,Mountain,Convenience,1486,23769.76,13786.46,9983.3,2139.28
2025-09-01,JUC-MANGO,Mountain,Ecommerce,656,10489.75,6084.05,4405.7,944.08
2025-09-01,JUC-MANGO,Mountain,Foodservice,958,15323.61,8887.69,6435.92,1379.12
2025-09-01,JUC-MANGO,Mountain,Grocery,2256,36097.31,20936.44,15160.87,3248.76
2025-09-01,JUC-MANGO,Northeast,Club,1718,27481.76,15939.42,11542.34,2473.36
2025-09-01,JUC-MANGO,Northeast,Convenience,1883,30125.21,17472.62,12652.59,2711.27
2025-09-01,JUC-MANGO,Northeast,Ecommerce,884,14137.35,8199.66,5937.69,1272.36
2025-09-01,JUC-MANGO,Northeast,Foodservice,1186,18968.11,11001.5,7966.61,1707.13
2025-09-01,JUC-MANGO,Northeast,Grocery,2889,46227.03,26811.68,19415.35,4160.43
2025-09-01,JUC-MANGO,South,Club,2182,34912.42,20249.2,14663.22,3142.12
2025-09-01,JUC-MANGO,South,Convenience,2311,36980.54,21448.71,15531.83,3328.25
2025-09-01,JUC-MANGO,South,Ecommerce,1102,17634.5,10228.01,7406.49,1587.1
2025-09-01,JUC-MANGO,South,Foodservice,1550,24807.24,14388.2,10419.04,2232.65
2025-09-01,JUC-MANGO,South,Grocery,3609,57743.68,33491.33,24252.35,5196.93
2025-09-01,JUC-MANGO,West,Club,2493,39891.94,23137.33,16754.61,3590.27
2025-09-01,JUC-MANGO,West,Convenience,2816,45061.41,26135.62,18925.79,4055.53
2025-09-01,JUC-MANGO,West,Ecommerce,1319,21098.92,12237.37,8861.55,1898.9
2025-09-01,JUC-MANGO,West,Foodservice,1751,28020.26,16251.75,11768.51,2521.82
2025-09-01,JUC-MANGO,West,Grocery,4163,66610.52,38634.1,27976.42,5994.95
2025-09-01,JUC-ORANGE,Midwest,Club,2855,45684.0,26496.72,19187.28,4111.56
2025-09-01,JUC-ORANGE,Midwest,Convenience,3085,49367.5,28633.15,20734.35,4443.08
2025-09-01,JUC-ORANGE,Midwest,Ecommerce,1356,21699.6,12585.77,9113.83,1952.96
2025-09-01,JUC-ORANGE,Midwest,Foodservice,1937,30986.58,17972.22,13014.36,2788.79
2025-09-01,JUC-ORANGE,Midwest,Grocery,4658,74527.14,43225.74,31301.4,6707.44
2025-09-01,JUC-ORANGE,Mountain,Club,1903,30453.85,17663.23,12790.62,2740.85
2025-09-01,JUC-ORANGE,Mountain,Convenience,2201,35211.67,20422.77,14788.9,3169.05
2025-09-01,JUC-ORANGE,Mountain,Ecommerce,959,15343.04,8898.96,6444.08,1380.87
2025-09-01,JUC-ORANGE,Mountain,Foodservice,1365,21841.46,12668.05,9173.41,1965.73
2025-09-01,JUC-ORANGE,Mountain,Grocery,3483,55722.07,32318.8,23403.27,5014.99
2025-09-01,JUC-ORANGE,Northeast,Club,2626,42012.96,24367.52,17645.44,3781.17
2025-09-01,JUC-ORANGE,Northeast,Convenience,2701,43209.72,25061.64,18148.08,3888.87
2025-09-01,JUC-ORANGE,Northeast,Ecommerce,1226,19616.99,11377.85,8239.14,1765.53
2025-09-01,JUC-ORANGE,Northeast,Foodservice,1845,29523.77,17123.79,12399.98,2657.14
2025-09-01,JUC-ORANGE,Northeast,Grocery,4234,67741.63,39290.15,28451.48,6096.75
2025-09-01,JUC-ORANGE,South,Club,3144,50304.67,29176.71,21127.96,4527.42
2025-09-01,JUC-ORANGE,South,Convenience,3398,54364.74,31531.55,22833.19,4892.83
2025-09-01,JUC-ORANGE,South,Ecommerce,1588,25406.95,14736.03,10670.92,2286.63
2025-09-01,JUC-ORANGE,South,Foodservice,2100,33603.47,19490.01,14113.46,3024.31
2025-09-01,JUC-ORANGE,South,Grocery,5403,86452.18,50142.26,36309.92,7780.7
2025-09-01,JUC-ORANGE,West,Club,3794,60703.59,35208.08,25495.51,5463.32
2025-09-01,JUC-ORANGE,West,Convenience,3932,62912.8,36489.42,26423.38,5662.15
2025-09-01,JUC-ORANGE,West,Ecommerce,1851,29613.09,17175.59,12437.5,2665.18
2025-09-01,JUC-ORANGE,West,Foodservice,2530,40480.52,23478.7,17001.82,3643.25
2025-09-01,JUC-ORANGE,West,Grocery,6167,98670.51,57228.9,41441.61,8880.35
2025-09-01,ROOT-BEER,Midwest,Club,2745,32935.43,18114.49,14820.94,4610.96
2025-09-01,ROOT-BEER,Midwest,Convenience,3034,36406.1,20023.36,16382.74,5096.85
2025-09-01,ROOT-BEER,Midwest,Ecommerce,1428,17139.58,9426.77,7712.81,2399.54
2025-09-01,ROOT-BEER,Midwest,Foodservice,2029,24349.77,13392.37,10957.4,3408.97
2025-09-01,ROOT-BEER,Midwest,Grocery,4868,58413.6,32127.48,26286.12,8177.9
2025-09-01,ROOT-BEER,Mountain,Club,1977,23726.53,13049.59,10676.94,3321.71
2025-09-01,ROOT-BEER,Mountain,Convenience,2226,26717.06,14694.38,12022.68,3740.39
2025-09-01,ROOT-BEER,Mountain,Ecommerce,1014,12169.45,6693.2,5476.25,1703.72
2025-09-01,ROOT-BEER,Mountain,Foodservice,1413,16960.53,9328.29,7632.24,2374.47
2025-09-01,ROOT-BEER,Mountain,Grocery,3256,39066.3,21486.46,17579.84,5469.28
2025-09-01,ROOT-BEER,Northeast,Club,2481,29775.2,16376.36,13398.84,4168.53
2025-09-01,ROOT-BEER,Northeast,Convenience,2693,32318.2,17775.01,14543.19,4524.55
2025-09-01,ROOT-BEER,Northeast,Ecommerce,1265,15181.56,8349.86,6831.7,2125.42
2025-09-01,ROOT-BEER,Northeast,Foodservice,1741,20889.53,11489.24,9400.29,2924.53
2025-09-01,ROOT-BEER,Northeast,Grocery,4465,53574.86,29466.17,24108.69,7500.48
2025-09-01,ROOT-BEER,South,Club,3222,38662.51,21264.38,17398.13,5412.75
2025-09-01,ROOT-BEER,South,Convenience,3459,41507.11,22828.91,18678.2,5811.0
2025-09-01,ROOT-BEER,South,Ecommerce,1571,18857.31,10371.52,8485.79,2640.02
2025-09-01,ROOT-BEER,South,Foodservice,2198,26372.38,14504.81,11867.57,3692.13
2025-09-01,ROOT-BEER,South,Grocery,5494,65927.9,36260.35,29667.55,9229.91
2025-09-01,ROOT-BEER,West,Club,3565,42774.9,23526.19,19248.71,5988.49
2025-09-01,ROOT-BEER,West,Convenience,3921,47052.48,25878.86,21173.62,6587.35
2025-09-01,ROOT-BEER,West,Ecommerce,1811,21732.23,11952.73,9779.5,3042.51
2025-09-01,ROOT-BEER,West,Foodservice,2564,30762.88,16919.58,13843.3,4306.8
2025-09-01,ROOT-BEER,West,Grocery,6253,75038.86,41271.37,33767.49,10505.44
2025-09-01,SPK-BERRY,Midwest,Club,2145,30032.51,13514.63,16517.88,2402.6
2025-09-01,SPK-BERRY,Midwest,Convenience,2315,32409.81,14584.41,17825.4,2592.78
2025-09-01,SPK-BERRY,Midwest,Ecommerce,1126,15764.66,7094.1,8670.56,1261.17
2025-09-01,SPK-BERRY,Midwest,Foodservice,1568,21957.62,9880.93,12076.69,1756.61
2025-09-01,SPK-BERRY,Midwest,Grocery,3577,50073.17,22532.93,27540.24,4005.85
2025-09-01,SPK-BERRY,Mountain,Club,1518,21250.77,9562.85,11687.92,1700.06
2025-09-01,SPK-BERRY,Mountain,Convenience,1620,22678.71,10205.42,12473.29,1814.3
2025-09-01,SPK-BERRY,Mountain,Ecommerce,743,10405.26,4682.37,5722.89,832.42
2025-09-01,SPK-BERRY,Mountain,Foodservice,1055,14769.66,6646.35,8123.31,1181.57
2025-09-01,SPK-BERRY,Mountain,Grocery,2703,37848.92,17032.01,20816.91,3027.91
2025-09-01,SPK-BERRY,Northeast,Club,1920,26877.71,12094.97,14782.74,2150.22
2025-09-01,SPK-BERRY,Northeast,Convenience,2141,29977.7,13489.96,16487.74,2398.22
2025-09-01,SPK-BERRY,Northeast,Ecommerce,1006,14086.74,6339.03,7747.71,1126.94
2025-09-01,SPK-BERRY,Northeast,Foodservice,1422,19910.01,8959.5,10950.51,1592.8
2025-09-01,SPK-BERRY,Northeast,Grocery,3416,47820.33,21519.15,26301.18,3825.63
2025-09-01,SPK-BERRY,South,Club,2496,34942.79,15724.26,19218.53,2795.42
2025-09-01,SPK-BERRY,South,Convenience,2734,38278.27,17225.22,21053.05,3062.26
2025-09-01,SPK-BERRY,South,Ecommerce,1219,17072.73,7682.73,9390.0,1365.82
2025-09-01,SPK-BERRY,South,Foodservice,1677,23473.66,10563.15,12910.51,1877.89
2025-09-01,SPK-BERRY,South,Grocery,4221,59095.34,26592.9,32502.44,4727.63
2025-09-01,SPK-BERRY,West,Club,2904,40655.44,18294.95,22360.49,3252.44
2025-09-01,SPK-BERRY,West,Convenience,3019,42272.87,19022.79,23250.08,3381.83
2025-09-01,SPK-BERRY,West,Ecommerce,1468,20552.53,9248.64,11303.89,1644.2
2025-09-01,SPK-BERRY,West,Foodservice,1928,26989.2,12145.14,14844.06,2159.14
2025-09-01,SPK-BERRY,West,Grocery,4929,69001.35,31050.61,37950.74,5520.11
2025-09-01,SPK-LIME,Midwest,Club,2392,33492.96,15071.83,18421.13,2679.44
2025-09-01,SPK-LIME,Midwest,Convenience,2600,36400.38,16380.17,20020.21,2912.03
2025-09-01,SPK-LIME,Midwest,Ecommerce,1191,16671.36,7502.11,9169.25,1333.71
2025-09-01,SPK-LIME,Midwest,Foodservice,1614,22594.4,10167.48,12426.92,1807.55
2025-09-01,SPK-LIME,Midwest,Grocery,3907,54695.64,24613.04,30082.6,4375.65
2025-09-01,SPK-LIME,Mountain,Club,1598,22369.65,10066.34,12303.31,1789.57
2025-09-01,SPK-LIME,Mountain,Convenience,1790,25058.22,11276.2,13782.02,2004.66
2025-09-01,SPK-LIME,Mountain,Ecommerce,791,11077.47,4984.86,6092.61,886.2
2025-09-01,SPK-LIME,Mountain,Foodservice,1164,16302.56,7336.15,8966.41,1304.2
2025-09-01,SPK-LIME,Mountain,Grocery,2749,38486.31,17318.84,21167.47,3078.9
2025-09-01,SPK-LIME,Northeast,Club,2012,28170.6,12676.77,15493.83,2253.65
2025-09-01,SPK-LIME,Northeast,Convenience,2319,32464.2,14608.89,17855.31,2597.14
2025-09-01,SPK-LIME,Northeast,Ecommerce,1082,15151.89,6818.35,8333.54,1212.15
2025-09-01,SPK-LIME,Northeast,Foodservice,1433,20059.81,9026.91,11032.9,1604.78
2025-09-01,SPK-LIME,Northeast,Grocery,3510,49145.54,22115.49,27030.05,3931.64
2025-09-01,SPK-LIME,South,Club,2534,35470.37,15961.67,19508.7,2837.63
2025-09-01,SPK-LIME,South,Convenience,2703,37845.29,17030.38,20814.91,3027.62
2025-09-01,SPK-LIME,South,Ecommerce,1234,17277.38,7774.82,9502.56,1382.19
2025-09-01,SPK-LIME,South,Foodservice,1784,24970.48,11236.72,13733.76,1997.64
2025-09-01,SPK-LIME,South,Grocery,4242,59387.88,26724.55,32663.33,4751.03
2025-09-01,SPK-LIME,West,Club,2959,41428.2,18642.69,22785.51,3314.26
2025-09-01,SPK-LIME,West,Convenience,3286,46010.56,20704.75,25305.81,3680.84
2025-09-01,SPK-LIME,West,Ecommerce,1554,21758.48,9791.32,11967.16,1740.68
2025-09-01,SPK-LIME,West,Foodservice,2096,29347.14,13206.21,16140.93,2347.77
2025-09-01,SPK-LIME,West,Grocery,5134,71876.89,32344.6,39532.29,5750.15
2025-09-01,SPK-PLAIN,Midwest,Club,1690,23658.59,10646.37,13012.22,1892.69
2025-09-01,SPK-PLAIN,Midwest,Convenience,1770,24780.17,11151.08,13629.09,1982.41
2025-09-01,SPK-PLAIN,Midwest,Ecommerce,809,11320.5,5094.22,6226.28,905.64
2025-09-01,SPK-PLAIN,Midwest,Foodservice,1141,15969.14,7186.11,8783.03,1277.53
2025-09-01,SPK-PLAIN,Midwest,Grocery,2851,39911.56,17960.2,21951.36,3192.92
2025-09-01,SPK-PLAIN,Mountain,Club,1214,16998.93,7649.52,9349.41,1359.91
2025-09-01,SPK-PLAIN,Mountain,Convenience,1320,18476.48,8314.42,10162.06,1478.12
2025-09-01,SPK-PLAIN,Mountain,Ecommerce,597,8359.53,3761.79,4597.74,668.76
2025-09-01,SPK-PLAIN,Mountain,Foodservice,817,11436.81,5146.56,6290.25,914.94
2025-09-01,SPK-PLAIN,Mountain,Grocery,1927,26983.26,12142.47,14840.79,2158.66
2025-09-01,SPK-PLAIN,Northeast,Club,1554,21752.44,9788.6,11963.84,1740.2
2025-09-01,SPK-PLAIN,Northeast,Convenience,1701,23812.95,10715.83,13097.12,1905.04
2025-09-01,SPK-PLAIN,Northeast,Ecommerce,774,10842.15,4878.97,5963.18,867.37
2025-09-01,SPK-PLAIN,Northeast,Foodservice,1034,14473.48,6513.07,7960.41,1157.88
2025-09-01,SPK-PLAIN,Northeast,Grocery,2583,36161.1,16272.5,19888.6,2892.89
2025-09-01,SPK-PLAIN,South,Club,1905,26665.46,11999.46,14666.0,2133.24
2025-09-01,SPK-PLAIN,South,Convenience,2088,29237.45,13156.85,16080.6,2339.0
2025-09-01,SPK-PLAIN,South,Ecommerce,930,13016.06,5857.23,7158.83,1041.28
2025-09-01,SPK-PLAIN,South,Foodservice,1300,18195.29,8187.88,10007.41,1455.62
2025-09-01,SPK-PLAIN,South,Grocery,3185,44586.34,20063.85,24522.49,3566.91
2025-09-01,SPK-PLAIN,West,Club,2163,30279.6,13625.82,16653.78,2422.37
2025-09-01,SPK-PLAIN,West,Convenience,2437,34116.09,15352.24,18763.85,2729.29
2025-09-01,SPK-PLAIN,West,Ecommerce,1048,14675.91,6604.16,8071.75,1174.07
2025-09-01,SPK-PLAIN,West,Foodservice,1535,21487.47,9669.36,11818.11,1719.0
2025-09-01,SPK-PLAIN,West,Grocery,3634,50876.45,22894.4,27982.05,4070.12
2025-09-01,STL-1L,Midwest,Club,4879,43908.99,27223.57,16685.42,2634.54
2025-09-01,STL-1L,Midwest,Convenience,5665,50988.87,31613.1,19375.77,3059.33
2025-09-01,STL-1L,Midwest,Ecommerce,2458,22119.17,13713.89,8405.28,1327.15
2025-09-01,STL-1L,Midwest,Foodservice,3459,31126.53,19298.45,11828.08,1867.59
2025-09-01,STL-1L,Midwest,Grocery,8608,77475.87,48035.04,29440.83,4648.55
2025-09-01,STL-1L,Mountain,Club,3440,30959.66,19194.99,11764.67,1857.58
2025-09-01,STL-1L,Mountain,Convenience,3890,35009.52,21705.9,13303.62,2100.57
2025-09-01,STL-1L,Mountain,Ecommerce,1754,15782.61,9785.22,5997.39,946.96
2025-09-01,STL-1L,Mountain,Foodservice,2504,22538.27,13973.73,8564.54,1352.3
2025-09-01,STL-1L,Mountain,Grocery,5779,52008.83,32245.47,19763.36,3120.53
2025-09-01,STL-1L,Northeast,Club,4442,39979.96,24787.58,15192.38,2398.8
2025-09-01,STL-1L,Northeast,Convenience,4906,44153.69,27375.29,16778.4,2649.22
2025-09-01,STL-1L,Northeast,Ecommerce,2333,20993.94,13016.24,7977.7,1259.64
2025-09-01,STL-1L,Northeast,Foodservice,3248,29236.39,18126.56,11109.83,1754.18
2025-09-01,STL-1L,Northeast,Grocery,7625,68620.78,42544.88,26075.9,4117.25
2025-09-01,STL-1L,South,Club,5339,48048.8,29790.26,18258.54,2882.93
2025-09-01,STL-1L,South,Convenience,6087,54778.68,33962.78,20815.9,3286.72
2025-09-01,STL-1L,South,Ecommerce,2778,25004.64,15502.88,9501.76,1500.28
2025-09-01,STL-1L,South,Foodservice,3951,35562.05,22048.47,13513.58,2133.72
2025-09-01,STL-1L,South,Grocery,9410,84693.69,52510.09,32183.6,5081.62
2025-09-01,STL-1L,West,Club,6547,58919.24,36529.93,22389.31,3535.15
2025-09-01,STL-1L,West,Convenience,7202,64816.0,40185.92,24630.08,3888.96
2025-09-01,STL-1L,West,Ecommerce,3316,29842.64,18502.44,11340.2,1790.56
2025-09-01,STL-1L,West,Foodservice,4443,39983.61,24789.84,15193.77,2399.02
2025-09-01,STL-1L,West,Grocery,11197,100769.54,62477.11,38292.43,6046.17
2025-09-01,STL-500,Midwest,Club,5186,46673.3,28937.45,17735.85,2800.4
2025-09-01,STL-500,Midwest,Convenience,6097,54869.74,34019.24,20850.5,3292.18
2025-09-01,STL-500,Midwest,Ecommerce,2702,24318.23,15077.3,9240.93,1459.09
2025-09-01,STL-500,Midwest,Foodservice,3651,32856.51,20371.04,12485.47,1971.39
2025-09-01,STL-500,Midwest,Grocery,9080,81716.14,50664.01,31052.13,4902.97
2025-09-01,STL-500,Mountain,Club,3860,34736.0,21536.32,13199.68,2084.16
2025-09-01,STL-500,Mountain,Convenience,4187,37685.3,23364.89,14320.41,2261.12
2025-09-01,STL-500,Mountain,Ecommerce,1817,16354.34,10139.69,6214.65,981.26
2025-09-01,STL-500,Mountain,Foodservice,2710,24390.37,15122.03,9268.34,1463.42
2025-09-01,STL-500,Mountain,Grocery,6228,56049.23,34750.52,21298.71,3362.95
2025-09-01,STL-500,Northeast,Club,4677,42096.01,26099.53,15996.48,2525.76
2025-09-01,STL-500,Northeast,Convenience,5144,46295.48,28703.2,17592.28,2777.73
2025-09-01,STL-500,Northeast,Ecommerce,2399,21591.36,13386.64,8204.72,1295.48
2025-09-01,STL-500,Northeast,Foodservice,3295,29654.71,18385.92,11268.79,1779.28
2025-09-01,STL-500,Northeast,Grocery,8256,74299.82,46065.89,28233.93,4457.99
2025-09-01,STL-500,South,Club,5810,52287.08,32417.99,19869.09,3137.22
2025-09-01,STL-500,South,Convenience,6554,58988.44,36572.83,22415.61,3539.31
2025-09-01,STL-500,South,Ecommerce,2924,26314.56,16315.03,9999.53,1578.87
2025-09-01,STL-500,South,Foodservice,4256,38306.19,23749.84,14556.35,2298.37
2025-09-01,STL-500,South,Grocery,9690,87211.24,54070.97,33140.27,5232.67
2025-09-01,STL-500,West,Club,6750,60752.54,37666.57,23085.97,3645.15
2025-09-01,STL-500,West,Convenience,7722,69502.43,43091.51,26410.92,4170.15
2025-09-01,STL-500,West,Ecommerce,3426,30834.6,19117.45,11717.15,1850.08
2025-09-01,STL-500,West,Foodservice,4996,44966.92,27879.49,17087.43,2698.02
2025-09-01,STL-500,West,Grocery,12153,109380.9,67816.16,41564.74,6562.85
2025-10-01,COLA-CHERRY,Midwest,Club,2631,31566.97,17361.83,14205.14,4419.38
2025-10-01,COLA-CHERRY,Midwest,Convenience,2918,35013.2,19257.26,15755.94,4901.85
2025-10-01,COLA-CHERRY,Midwest,Ecommerce,1327,15929.25,8761.09,7168.16,2230.1
2025-10-01,COLA-CHERRY,Midwest,Foodservice,1908,22900.59,12595.32,10305.27,3206.08
2025-10-01,COLA-CHERRY,Midwest,Grocery,4299,51588.12,28373.47,23214.65,7222.34
2025-10-01,COLA-CHERRY,Mountain,Club,1810,21722.62,11947.44,9775.18,3041.17
2025-10-01,COLA-CHERRY,Mountain,Convenience,2086,25026.01,13764.31,11261.7,3503.64
2025-10-01,COLA-CHERRY,Mountain,Ecommerce,916,10997.62,6048.69,4948.93,1539.67
2025-10-01,COLA-CHERRY,Mountain,Foodservice,1254,15045.84,8275.21,6770.63,2106.42
2025-10-01,COLA-CHERRY,Mountain,Grocery,3056,36673.77,20170.57,16503.2,5134.33
2025-10-01,COLA-CHERRY,Northeast,Club,2332,27978.7,15388.28,12590.42,3917.02
2025-10-01,COLA-CHERRY,Northeast,Convenience,2653,31837.89,17510.84,14327.05,4457.3
2025-10-01,COLA-CHERRY,Northeast,Ecommerce,1149,13786.95,7582.82,6204.13,1930.17
2025-10-01,COLA-CHERRY,Northeast,Foodservice,1700,20396.28,11217.95,9178.33,2855.48
2025-10-01,COLA-CHERRY,Northeast,Grocery,4123,49477.89,27212.84,22265.05,6926.9
2025-10-01,COLA-CHERRY,South,Club,2944,35323.94,19428.17,15895.77,4945.35
2025-10-01,COLA-CHERRY,South,Convenience,3301,39614.02,21787.71,17826.31,5545.96
2025-10-01,COLA-CHERRY,South,Ecommerce,1481,17772.21,9774.72,7997.49,2488.11
2025-10-01,COLA-CHERRY,South,Foodservice,2002,24024.02,13213.21,10810.81,3363.36
2025-10-01,COLA-CHERRY,South,Grocery,5001,60014.36,33007.9,27006.46,8402.01
2025-10-01,COLA-CHERRY,West,Club,3513,42159.99,23187.99,18972.0,5902.4
2025-10-01,COLA-CHERRY,West,Convenience,3664,43971.2,24184.16,19787.04,6155.97
2025-10-01,COLA-CHERRY,West,Ecommerce,1710,20514.35,11282.89,9231.46,2872.01
2025-10-01,COLA-CHERRY,West,Foodservice,2363,28350.99,15593.04,12757.95,3969.14
2025-10-01,COLA-CHERRY,West,Grocery,5718,68615.23,37738.38,30876.85,9606.13
2025-10-01,COLA-DIET,Midwest,Club,3264,39167.16,21541.94,17625.22,5483.4
2025-10-01,COLA-DIET,Midwest,Convenience,3353,40234.52,22128.99,18105.53,5632.83
2025-10-01,COLA-DIET,Midwest,Ecommerce,1541,18490.29,10169.66,8320.63,2588.64
2025-10-01,COLA-DIET,Midwest,Foodservice,2196,26354.27,14494.85,11859.42,3689.6
2025-10-01,COLA-DIET,Midwest,Grocery,5519,66227.4,36425.07,29802.33,9271.84
2025-10-01,COLA-DIET,Mountain,Club,2252,27019.5,14860.72,12158.78,3782.73
2025-10-01,COLA-DIET,Mountain,Convenience,2339,28064.16,15435.29,12628.87,3928.98
2025-10-01,COLA-DIET,Mountain,Ecommerce,1131,13574.12,7465.77,6108.35,1900.38
2025-10-01,COLA-DIET,Mountain,Foodservice,1499,17982.45,9890.35,8092.1,2517.54
2025-10-01,COLA-DIET,Mountain,Grocery,3713,44554.86,24505.17,20049.69,6237.68
2025-10-01,COLA-DIET,Northeast,Club,2790,33481.21,18414.67,15066.54,4687.37
2025-10-01,COLA-DIET,Northeast,Convenience,3035,36422.75,20032.51,16390.24,5099.19
2025-10-01,COLA-DIET,Northeast,Ecommerce,1458,17499.45,9624.7,7874.75,2449.92
2025-10-01,COLA-DIET,Northeast,Foodservice,1929,23149.59,12732.27,10417.32,3240.94
2025-10-01,COLA-DIET,Northeast,Grocery,4704,56449.98,31047.49,25402.49,7903.0
2025-10-01,COLA-DIET,South,Club,3375,40496.11,22272.86,18223.25,5669.46
2025-10-01,COLA-DIET,South,Convenience,3908,46901.11,25795.61,21105.5,6566.16
2025-10-01,COLA-DIET,South,Ecommerce,1784,21407.8,11774.29,9633.51,2997.09
2025-10-01,COLA-DIET,South,Foodservice,2497,29964.85,16480.67,13484.18,4195.08
2025-10-01,COLA-DIET,South,Grocery,6091,73090.23,40199.63,32890.6,10232.63
2025-10-01,COLA-DIET,West,Club,4127,49521.62,27236.89,22284.73,6933.03
2025-10-01,COLA-DIET,West,Convenience,4449,53393.44,29366.39,24027.05,7475.08
2025-10-01,COLA-DIET,West,Ecommerce,2034,24408.18,13424.5,10983.68,3417.15
2025-10-01,COLA-DIET,West,Foodservice,2965,35581.01,19569.56,16011.45,4981.34
2025-10-01,COLA-DIET,West,Grocery,6738,80853.55,44469.45,36384.1,11319.5
2025-10-01,COLA-REG,Midwest,Club,4095,49144.24,27029.33,22114.91,6880.19
2025-10-01,COLA-REG,Midwest,Convenience,4592,55100.41,30305.23,24795.18,7714.06
2025-10-01,COLA-REG,Midwest,Ecommerce,2021,24247.51,13336.13,10911.38,3394.65
2025-10-01,COLA-REG,Midwest,Foodservice,2842,34104.52,18757.49,15347.03,4774.63
2025-10-01,COLA-REG,Midwest,Grocery,7290,87484.17,48116.29,39367.88,12247.78
2025-10-01,COLA-REG,Mountain,Club,3039,36468.52,20057.69,16410.83,5105.59
2025-10-01,COLA-REG,Mountain,Convenience,3110,37317.5,20524.62,16792.88,5224.45
2025-10-01,COLA-REG,Mountain,Ecommerce,1419,17022.97,9362.63,7660.34,2383.22
2025-10-01,COLA-REG,Mountain,Foodservice,2050,24603.32,13531.83,11071.49,3444.46
2025-10-01,COLA-REG,Mountain,Grocery,5096,61152.94,33634.12,27518.82,8561.41
2025-10-01,COLA-REG,Northeast,Club,3893,46715.77,25693.67,21022.1,6540.21
2025-10-01,COLA-REG,Northeast,Convenience,4124,49487.49,27218.12,22269.37,6928.25
2025-10-01,COLA-REG,Northeast,Ecommerce,1842,22102.37,12156.3,9946.07,3094.33
2025-10-01,COLA-REG,Northeast,Foodservice,2679,32145.82,17680.2,14465.62,4500.41
2025-10-01,COLA-REG,Northeast,Grocery,6518,78221.77,43021.97,35199.8,10951.05
2025-10-01,COLA-REG,South,Club,4602,55222.35,30372.29,24850.06,7731.13
2025-10-01,COLA-REG,South,Convenience,4943,59314.46,32622.95,26691.51,8304.02
2025-10-01,COLA-REG,South,Ecommerce,2313,27752.62,15263.94,12488.68,3885.37
2025-10-01,COLA-REG,South,Foodservice,3127,37528.24,20640.53,16887.71,5253.95
2025-10-01,COLA-REG,South,Grocery,7965,95575.66,52566.61,43009.05,13380.59
2025-10-01,COLA-REG,West,Club,5475,65695.23,36132.38,29562.85,9197.33
2025-10-01,COLA-REG,West,Convenience,5831,69973.04,38485.17,31487.87,9796.23
2025-10-01,COLA-REG,West,Ecommerce,2831,33973.82,18685.6,15288.22,4756.33
2025-10-01,COLA-REG,West,Foodservice,3961,47527.19,26139.95,21387.24,6653.81
2025-10-01,COLA-REG,West,Grocery,9108,109301.58,60115.87,49185.71,15302.22
2025-10-01,ENG-ORIG,Midwest,Club,1518,33397.08,13358.83,20038.25,3673.68
2025-10-01,ENG-ORIG,Midwest,Convenience,1765,38824.97,15529.99,23294.98,4270.75
2025-10-01,ENG-ORIG,Midwest,Ecommerce,753,16567.45,6626.98,9940.47,1822.42
2025-10-01,ENG-ORIG,Midwest,Foodservice,1115,24520.89,9808.36,14712.53,2697.3
2025-10-01,ENG-ORIG,Midwest,Grocery,2602,57241.39,22896.56,34344.83,6296.55
2025-10-01,ENG-ORIG,Mountain,Club,1063,23393.04,9357.22,14035.82,2573.23
2025-10-01,ENG-ORIG,Mountain,Convenience,1246,27420.46,10968.18,16452.28,3016.25
2025-10-01,ENG-ORIG,Mountain,Ecommerce,554,12195.28,4878.11,7317.17,1341.48
2025-10-01,ENG-ORIG,Mountain,Foodservice,750,16491.68,6596.67,9895.01,1814.08
2025-10-01,ENG-ORIG,Mountain,Grocery,1811,39842.49,15937.0,23905.49,4382.67
2025-10-01,ENG-ORIG,Northeast,Club,1454,31983.71,12793.48,19190.23,3518.21
2025-10-01,ENG-ORIG,Northeast,Convenience,1599,35174.69,14069.88,21104.81,3869.22
2025-10-01,ENG-ORIG,Northeast,Ecommerce,704,15485.78,6194.31,9291.47,1703.44
2025-10-01,ENG-ORIG,Northeast,Foodservice,963,21177.16,8470.86,12706.3,2329.49
2025-10-01,ENG-ORIG,Northeast,Grocery,2442,53728.71,21491.48,32237.23,5910.16
2025-10-01,ENG-ORIG,South,Club,1742,38322.29,15328.92,22993.37,4215.45
2025-10-01,ENG-ORIG,South,Convenience,1903,41858.78,16743.51,25115.27,4604.47
2025-10-01,ENG-ORIG,South,Ecommerce,869,19122.79,7649.12,11473.67,2103.51
2025-10-01,ENG-ORIG,South,Foodservice,1238,27241.74,10896.7,16345.04,2996.59
2025-10-01,ENG-ORIG,South,Grocery,2847,62644.06,25057.62,37586.44,6890.85
2025-10-01,ENG-ORIG,West,Club,2011,44235.73,17694.29,26541.44,4865.93
2025-10-01,ENG-ORIG,West,Convenience,2149,47269.61,18907.84,28361.77,5199.66
2025-10-01,ENG-ORIG,West,Ecommerce,974,21430.39,8572.16,12858.23,2357.34
2025-10-01,ENG-ORIG,West,Foodservice,1452,31943.2,12777.28,19165.92,3513.75
2025-10-01,ENG-ORIG,West,Grocery,3531,77677.68,31071.07,46606.61,8544.54
2025-10-01,ENG-ZERO,Midwest,Club,1293,28443.35,11377.34,17066.01,3128.77
2025-10-01,ENG-ZERO,Midwest,Convenience,1361,29937.28,11974.91,17962.37,3293.1
2025-10-01,ENG-ZERO,Midwest,Ecommerce,633,13928.32,5571.33,8356.99,1532.12
2025-10-01,ENG-ZERO,Midwest,Foodservice,854,18788.96,7515.58,11273.38,2066.79
2025-10-01,ENG-ZERO,Midwest,Grocery,2163,47584.77,19033.91,28550.86,5234.32
2025-10-01,ENG-ZERO,Mountain,Club,899,19775.89,7910.36,11865.53,2175.35
2025-10-01,ENG-ZERO,Mountain,Convenience,960,21122.99,8449.2,12673.79,2323.53
2025-10-01,ENG-ZERO,Mountain,Ecommerce,432,9498.72,3799.49,5699.23,1044.86
2025-10-01,ENG-ZERO,Mountain,Foodservice,612,13454.02,5381.61,8072.41,1479.94
2025-10-01,ENG-ZERO,Mountain,Grocery,1430,31450.91,12580.36,18870.55,3459.6
2025-10-01,ENG-ZERO,Northeast,Club,1132,24900.44,9960.18,14940.26,2739.05
2025-10-01,ENG-ZERO,Northeast,Convenience,1255,27602.99,11041.2,16561.79,3036.33
2025-10-01,ENG-ZERO,Northeast,Ecommerce,551,12123.57,4849.43,7274.14,1333.59
2025-10-01,ENG-ZERO,Northeast,Foodservice,799,17568.88,7027.55,10541.33,1932.58
2025-10-01,ENG-ZERO,Northeast,Grocery,1977,43483.31,17393.32,26089.99,4783.16
2025-10-01,ENG-ZERO,South,Club,1383,30423.19,12169.28,18253.91,3346.55
2025-10-01,ENG-ZERO,South,Convenience,1459,32087.65,12835.06,19252.59,3529.64
2025-10-01,ENG-ZERO,South,Ecommerce,711,15640.26,6256.1,9384.16,1720.43
2025-10-01,ENG-ZERO,South,Foodservice,958,21067.8,8427.12,12640.68,2317.46
2025-10-01,ENG-ZERO,South,Grocery,2375,52259.48,20903.79,31355.69,5748.54
2025-10-01,ENG-ZERO,West,Club,1606,35328.98,14131.59,21197.39,3886.19
2025-10-01,ENG-ZERO,West,Convenience,1847,40626.55,16250.62,24375.93,4468.92
2025-10-01,ENG-ZERO,West,Ecommerce,816,17958.98,7183.59,10775.39,1975.49
2025-10-01,ENG-ZERO,West,Foodservice,1097,24140.91,9656.36,14484.55,2655.5
2025-10-01,ENG-ZERO,West,Grocery,2710,59616.82,23846.73,35770.09,6557.85
2025-10-01,JUC-APPLE,Midwest,Club,2279,36471.28,21153.34,15317.94,3282.42
2025-10-01,JUC-APPLE,Midwest,Convenience,2403,38445.36,22298.31,16147.05,3460.08
2025-10-01,JUC-APPLE,Midwest,Ecommerce,1106,17695.26,10263.25,7432.01,1592.57
2025-10-01,JUC-APPLE,Midwest,Foodservice,1558,24927.67,14458.05,10469.62,2243.49
2025-10-01,JUC-APPLE,Midwest,Grocery,3745,59927.54,34757.97,25169.57,5393.48
2025-10-01,JUC-APPLE,Mountain,Club,1508,24132.82,13997.04,10135.78,2171.95
2025-10-01,JUC-APPLE,Mountain,Convenience,1713,27404.35,15894.52,11509.83,2466.39
2025-10-01,JUC-APPLE,Mountain,Ecommerce,759,12136.66,7039.26,5097.4,1092.3
2025-10-01,JUC-APPLE,Mountain,Foodservice,1096,17538.25,10172.19,7366.06,1578.44
2025-10-01,JUC-APPLE,Mountain,Grocery,2744,43907.77,25466.51,18441.26,3951.7
2025-10-01,JUC-APPLE,Northeast,Club,1997,31957.82,18535.54,13422.28,2876.2
2025-10-01,JUC-APPLE,Northeast,Convenience,2169,34711.88,20132.89,14578.99,3124.07
2025-10-01,JUC-APPLE,Northeast,Ecommerce,1034,16537.56,9591.78,6945.78,1488.38
2025-10-01,JUC-APPLE,Northeast,Foodservice,1455,23284.08,13504.77,9779.31,2095.57
2025-10-01,JUC-APPLE,Northeast,Grocery,3485,55755.31,32338.08,23417.23,5017.98
2025-10-01,JUC-APPLE,South,Club,2459,39337.85,22815.95,16521.9,3540.41
2025-10-01,JUC-APPLE,South,Convenience,2635,42152.57,24448.49,17704.08,3793.73
2025-10-01,JUC-APPLE,South,Ecommerce,1200,19195.14,11133.18,8061.96,1727.56
2025-10-01,JUC-APPLE,South,Foodservice,1704,27256.63,15808.85,11447.78,2453.1
2025-10-01,JUC-APPLE,South,Grocery,4329,69266.67,40174.67,29092.0,6234.0
2025-10-01,JUC-APPLE,West,Club,2871,45931.24,26640.12,19291.12,4133.81
2025-10-01,JUC-APPLE,West,Convenience,3100,49597.41,28766.5,20830.91,4463.77
2025-10-01,JUC-APPLE,West,Ecommerce,1423,22764.45,13203.38,9561.07,2048.8
2025-10-01,JUC-APPLE,West,Foodservice,2098,33575.57,19473.83,14101.74,3021.8
2025-10-01,JUC-APPLE,West,Grocery,4828,77241.44,44800.04,32441.4,6951.73
2025-10-01,JUC-MANGO,Midwest,Club,1884,30145.78,17484.55,12661.23,2713.12
2025-10-01,JUC-MANGO,Midwest,Convenience,2011,32175.96,18662.06,13513.9,2895.84
2025-10-01,JUC-MANGO,Midwest,Ecommerce,930,14874.89,8627.44,6247.45,1338.74
2025-10-01,JUC-MANGO,Midwest,Foodservice,1229,19671.45,11409.44,8262.01,1770.43
2025-10-01,JUC-MANGO,Midwest,Grocery,3034,48549.16,28158.51,20390.65,4369.42
2025-10-01,JUC-MANGO,Mountain,Club,1303,20852.47,12094.43,8758.04,1876.72
2025-10-01,JUC-MANGO,Mountain,Convenience,1354,21659.69,12562.62,9097.07,1949.37
2025-10-01,JUC-MANGO,Mountain,Ecommerce,616,9852.45,5714.42,4138.03,886.72
2025-10-01,JUC-MANGO,Mountain,Foodservice,917,14679.0,8513.82,6165.18,1321.11
2025-10-01,JUC-MANGO,Mountain,Grocery,2133,34123.79,19791.8,14331.99,3071.14
2025-10-01,JUC-MANGO,Northeast,Club,1589,25421.09,14744.23,10676.86,2287.9
2025-10-01,JUC-MANGO,Northeast,Convenience,1781,28502.8,16531.62,11971.18,2565.25
2025-10-01,JUC-MANGO,Northeast,Ecommerce,790,12641.9,7332.3,5309.6,1137.77
2025-10-01,JUC-MANGO,Northeast,Foodservice,1140,18247.2,10583.38,7663.82,1642.25
2025-10-01,JUC-MANGO,Northeast,Grocery,2705,43276.43,25100.33,18176.1,3894.88
2025-10-01,JUC-MANGO,South,Club,2042,32675.79,18951.96,13723.83,2940.82
2025-10-01,JUC-MANGO,South,Convenience,2151,34417.59,19962.2,14455.39,3097.58
2025-10-01,JUC-MANGO,South,Ecommerce,1028,16452.06,9542.19,6909.87,1480.69
2025-10-01,JUC-MANGO,South,Foodservice,1442,23068.97,13380.0,9688.97,2076.21
2025-10-01,JUC-MANGO,South,Grocery,3298,52764.99,30603.69,22161.3,4748.85
2025-10-01,JUC-MANGO,West,Club,2347,37557.88,21783.57,15774.31,3380.21
2025-10-01,JUC-MANGO,West,Convenience,2583,41333.6,23973.49,17360.11,3720.02
2025-10-01,JUC-MANGO,West,Ecommerce,1211,19369.27,11234.18,8135.09,1743.23
2025-10-01,JUC-MANGO,West,Foodservice,1600,25604.41,14850.56,10753.85,2304.4
2025-10-01,JUC-MANGO,West,Grocery,4091,65458.37,37965.85,27492.52,5891.25
2025-10-01,JUC-ORANGE,Midwest,Club,2612,41791.23,24238.91,17552.32,3761.21
2025-10-01,JUC-ORANGE,Midwest,Convenience,2931,46890.01,27196.21,19693.8,4220.1
2025-10-01,JUC-ORANGE,Midwest,Ecommerce,1352,21632.07,12546.6,9085.47,1946.89
2025-10-01,JUC-ORANGE,Midwest,Foodservice,1834,29338.88,17016.55,12322.33,2640.5
2025-10-01,JUC-ORANGE,Midwest,Grocery,4617,73878.43,42849.49,31028.94,6649.06
2025-10-01,JUC-ORANGE,Mountain,Club,1911,30574.31,17733.1,12841.21,2751.69
2025-10-01,JUC-ORANGE,Mountain,Convenience,2039,32616.11,18917.34,13698.77,2935.45
2025-10-01,JUC-ORANGE,Mountain,Ecommerce,891,14255.32,8268.09,5987.23,1282.98
2025-10-01,JUC-ORANGE,Mountain,Foodservice,1271,20343.17,11799.04,8544.13,1830.89
2025-10-01,JUC-ORANGE,Mountain,Grocery,3124,49984.6,28991.07,20993.53,4498.61
2025-10-01,JUC-ORANGE,Northeast,Club,2290,36643.38,21253.16,15390.22,3297.9
2025-10-01,JUC-ORANGE,Northeast,Convenience,2577,41232.31,23914.74,17317.57,3710.91
2025-10-01,JUC-ORANGE,Northeast,Ecommerce,1229,19660.15,11402.89,8257.26,1769.41
2025-10-01,JUC-ORANGE,Northeast,Foodservice,1623,25963.12,15058.61,10904.51,2336.68
2025-10-01,JUC-ORANGE,Northeast,Grocery,3902,62433.58,36211.48,26222.1,5619.02
2025-10-01,JUC-ORANGE,South,Club,2915,46644.47,27053.79,19590.68,4198.0
2025-10-01,JUC-ORANGE,South,Convenience,3250,52004.91,30162.85,21842.06,4680.44
2025-10-01,JUC-ORANGE,South,Ecommerce,1507,24109.58,13983.56,10126.02,2169.86
2025-10-01,JUC-ORANGE,South,Foodservice,1981,31693.88,18382.45,13311.43,2852.45
2025-10-01,JUC-ORANGE,South,Grocery,5128,82052.24,47590.3,34461.94,7384.7
2025-10-01,JUC-ORANGE,West,Club,3380,54083.82,31368.62,22715.2,4867.54
2025-10-01,JUC-ORANGE,West,Convenience,3655,58485.88,33921.81,24564.07,5263.73
2025-10-01,JUC-ORANGE,West,Ecommerce,1732,27713.26,16073.69,11639.57,2494.19
2025-10-01,JUC-ORANGE,West,Foodservice,2323,37167.23,21556.99,15610.24,3345.05
2025-10-01,JUC-ORANGE,West,Grocery,5909,94548.23,54837.97,39710.26,8509.34
2025-10-01,ROOT-BEER,Midwest,Club,2709,32509.8,17880.39,14629.41,4551.37
2025-10-01,ROOT-BEER,Midwest,Convenience,2971,35647.91,19606.35,16041.56,4990.71
2025-10-01,ROOT-BEER,Midwest,Ecommerce,1297,15567.37,8562.05,7005.32,2179.43
2025-10-01,ROOT-BEER,Midwest,Foodservice,1894,22729.67,12501.32,10228.35,3182.15
2025-10-01,ROOT-BEER,Midwest,Grocery,4354,52247.82,28736.3,23511.52,7314.69
2025-10-01,ROOT-BEER,Mountain,Club,1836,22027.88,12115.33,9912.55,3083.9
2025-10-01,ROOT-BEER,Mountain,Convenience,2073,24876.23,13681.93,11194.3,3482.67
2025-10-01,ROOT-BEER,Mountain,Ecommerce,905,10857.39,5971.56,4885.83,1520.03
2025-10-01,ROOT-BEER,Mountain,Foodservice,1316,15793.47,8686.41,7107.06,2211.09
2025-10-01,ROOT-BEER,Mountain,Grocery,3084,37009.97,20355.48,16654.49,5181.4
2025-10-01,ROOT-BEER,Northeast,Club,2449,29392.96,16166.13,13226.83,4115.01
2025-10-01,ROOT-BEER,Northeast,Convenience,2695,32345.32,17789.93,14555.39,4528.34
2025-10-01,ROOT-BEER,Northeast,Ecommerce,1202,14418.72,7930.3,6488.42,2018.62
2025-10-01,ROOT-BEER,Northeast,Foodservice,1672,20069.98,11038.49,9031.49,2809.8
2025-10-01,ROOT-BEER,Northeast,Grocery,4024,48291.3,26560.21,21731.09,6760.78
2025-10-01,ROOT-BEER,South,Club,2907,34881.67,19184.92,15696.75,4883.43
2025-10-01,ROOT-BEER,South,Convenience,3154,37849.65,20817.31,17032.34,5298.95
2025-10-01,ROOT-BEER,South,Ecommerce,1461,17527.57,9640.16,7887.41,2453.86
2025-10-01,ROOT-BEER,South,Foodservice,1977,23720.13,13046.07,10674.06,3320.82
2025-10-01,ROOT-BEER,South,Grocery,4950,59399.39,32669.66,26729.73,8315.91
2025-10-01,ROOT-BEER,West,Club,3408,40893.3,22491.32,18401.98,5725.06
2025-10-01,ROOT-BEER,West,Convenience,3832,45981.83,25290.01,20691.82,6437.46
2025-10-01,ROOT-BEER,West,Ecommerce,1745,20942.29,11518.26,9424.03,2931.92
2025-10-01,ROOT-BEER,West,Foodservice,2305,27660.86,15213.47,12447.39,3872.52
2025-10-01,ROOT-BEER,West,Grocery,5806,69672.59,38319.92,31352.67,9754.16
2025-10-01,SPK-BERRY,Midwest,Club,2088,29228.82,13152.97,16075.85,2338.31
2025-10-01,SPK-BERRY,Midwest,Convenience,2337,32713.12,14720.9,17992.22,2617.05
2025-10-01,SPK-BERRY,Midwest,Ecommerce,996,13945.72,6275.57,7670.15,1115.66
2025-10-01,SPK-BERRY,Midwest,Foodservice,1414,19802.17,8910.98,10891.19,1584.17
2025-10-01,SPK-BERRY,Midwest,Grocery,3423,47923.39,21565.53,26357.86,3833.87
2025-10-01,SPK-BERRY,Mountain,Club,1496,20945.24,9425.36,11519.88,1675.62
2025-10-01,SPK-BERRY,Mountain,Convenience,1614,22602.6,10171.17,12431.43,1808.21
2025-10-01,SPK-BERRY,Mountain,Ecommerce,699,9785.07,4403.28,5381.79,782.81
2025-10-01,SPK-BERRY,Mountain,Foodservice,1021,14296.95,6433.63,7863.32,1143.76
2025-10-01,SPK-BERRY,Mountain,Grocery,2510,35139.14,15812.61,19326.53,2811.13
2025-10-01,SPK-BERRY,Northeast,Club,1896,26546.95,11946.13,14600.82,2123.76
2025-10-01,SPK-BERRY,Northeast,Convenience,1988,27836.28,12526.33,15309.95,2226.9
2025-10-01,SPK-BERRY,Northeast,Ecommerce,903,12648.8,5691.96,6956.84,1011.9
2025-10-01,SPK-BERRY,Northeast,Foodservice,1275,17846.33,8030.85,9815.48,1427.71
2025-10-01,SPK-BERRY,Northeast,Grocery,3185,44585.25,20063.36,24521.89,3566.82
2025-10-01,SPK-BERRY,South,Club,2362,33068.7,14880.92,18187.78,2645.5
2025-10-01,SPK-BERRY,South,Convenience,2565,35903.89,16156.75,19747.14,2872.31
2025-10-01,SPK-BERRY,South,Ecommerce,1146,16038.17,7217.18,8820.99,1283.05
2025-10-01,SPK-BERRY,South,Foodservice,1622,22709.89,10219.45,12490.44,1816.79
2025-10-01,SPK-BERRY,South,Grocery,3832,53653.8,24144.21,29509.59,4292.3
2025-10-01,SPK-BERRY,West,Club,2716,38025.83,17111.62,20914.21,3042.07
2025-10-01,SPK-BERRY,West,Convenience,2854,39950.25,17977.61,21972.64,3196.02
2025-10-01,SPK-BERRY,West,Ecommerce,1323,18526.35,8336.86,10189.49,1482.11
2025-10-01,SPK-BERRY,West,Foodservice,1922,26906.96,12108.13,14798.83,2152.56
2025-10-01,SPK-BERRY,West,Grocery,4694,65714.04,29571.32,36142.72,5257.12
2025-10-01,SPK-LIME,Midwest,Club,2235,31295.35,14082.91,17212.44,2503.63
2025-10-01,SPK-LIME,Midwest,Convenience,2479,34701.96,15615.88,19086.08,2776.16
2025-10-01,SPK-LIME,Midwest,Ecommerce,1116,15620.59,7029.27,8591.32,1249.65
2025-10-01,SPK-LIME,Midwest,Foodservice,1484,20782.86,9352.29,11430.57,1662.63
2025-10-01,SPK-LIME,Midwest,Grocery,3671,51390.24,23125.61,28264.63,4111.22
2025-10-01,SPK-LIME,Mountain,Club,1558,21808.07,9813.63,11994.44,1744.65
2025-10-01,SPK-LIME,Mountain,Convenience,1684,23580.86,10611.39,12969.47,1886.47
2025-10-01,SPK-LIME,Mountain,Ecommerce,751,10510.49,4729.72,5780.77,840.84
2025-10-01,SPK-LIME,Mountain,Foodservice,1056,14781.52,6651.68,8129.84,1182.52
2025-10-01,SPK-LIME,Mountain,Grocery,2639,36942.07,16623.93,20318.14,2955.37
2025-10-01,SPK-LIME,Northeast,Club,2051,28713.46,12921.06,15792.4,2297.08
2025-10-01,SPK-LIME,Northeast,Convenience,2223,31123.71,14005.67,17118.04,2489.9
2025-10-01,SPK-LIME,Northeast,Ecommerce,1001,14016.91,6307.61,7709.3,1121.35
2025-10-01,SPK-LIME,Northeast,Foodservice,1342,18790.7,8455.81,10334.89,1503.26
2025-10-01,SPK-LIME,Northeast,Grocery,3384,47380.8,21321.36,26059.44,3790.46
2025-10-01,SPK-LIME,South,Club,2494,34913.75,15711.19,19202.56,2793.1
2025-10-01,SPK-LIME,South,Convenience,2623,36715.78,16522.1,20193.68,2937.26
2025-10-01,SPK-LIME,South,Ecommerce,1202,16834.32,7575.44,9258.88,1346.75
2025-10-01,SPK-LIME,South,Foodservice,1701,23809.95,10714.48,13095.47,1904.8
2025-10-01,SPK-LIME,South,Grocery,4231,59230.85,26653.88,32576.97,4738.47
2025-10-01,SPK-LIME,West,Club,2833,39668.39,17850.78,21817.61,3173.47
2025-10-01,SPK-LIME,West,Convenience,3042,42584.67,19163.1,23421.57,3406.77
2025-10-01,SPK-LIME,West,Ecommerce,1428,19985.79,8993.61,10992.18,1598.86
2025-10-01,SPK-LIME,West,Foodservice,2062,28862.31,12988.04,15874.27,2308.98
2025-10-01,SPK-LIME,West,Grocery,4862,68071.69,30632.26,37439.43,5445.74
2025-10-01,SPK-PLAIN,Midwest,Club,1622,22714.09,10221.34,12492.75,1817.13
2025-10-01,SPK-PLAIN,Midwest,Convenience,1721,24087.93,10839.57,13248.36,1927.03
2025-10-01,SPK-PLAIN,Midwest,Ecommerce,782,10941.28,4923.58,6017.7,875.3
2025-10-01,SPK-PLAIN,Midwest,Foodservice,1075,15055.42,6774.94,8280.48,1204.43
2025-10-01,SPK-PLAIN,Midwest,Grocery,2671,37396.53,16828.44,20568.09,2991.72
2025-10-01,SPK-PLAIN,Mountain,Club,1082,15153.02,6818.86,8334.16,1212.24
2025-10-01,SPK-PLAIN,Mountain,Convenience,1227,17174.19,7728.39,9445.8,1373.94
2025-10-01,SPK-PLAIN,Mountain,Ecommerce,564,7899.44,3554.75,4344.69,631.96
2025-10-01,SPK-PLAIN,Mountain,Foodservice,798,11167.95,5025.58,6142.37,893.44
2025-10-01,SPK-PLAIN,Mountain,Grocery,1914,26792.03,12056.41,14735.62,2143.36
2025-10-01,SPK-PLAIN,Northeast,Club,1430,20015.9,9007.16,11008.74,1601.27
2025-10-01,SPK-PLAIN,Northeast,Convenience,1540,21556.49,9700.42,11856.07,1724.52
2025-10-01,SPK-PLAIN,Northeast,Ecommerce,724,10132.02,4559.41,5572.61,810.56
2025-10-01,SPK-PLAIN,Northeast,Foodservice,1008,14105.15,6347.32,7757.83,1128.41
2025-10-01,SPK-PLAIN,Northeast,Grocery,2440,34154.77,15369.65,18785.12,2732.38
2025-10-01,SPK-PLAIN,South,Club,1778,24888.0,11199.6,13688.4,1991.04
2025-10-01,SPK-PLAIN,South,Convenience,1887,26419.82,11888.92,14530.9,2113.59
2025-10-01,SPK-PLAIN,South,Ecommerce,906,12679.92,5705.96,6973.96,1014.39
2025-10-01,SPK-PLAIN,South,Foodservice,1213,16982.29,7642.03,9340.26,1358.58
2025-10-01,SPK-PLAIN,South,Grocery,2859,40029.43,18013.24,22016.19,3202.35
2025-10-01,SPK-PLAIN,West,Club,2041,28578.4,12860.28,15718.12,2286.27
2025-10-01,SPK-PLAIN,West,Convenience,2306,32287.29,14529.28,17758.01,2582.98
2025-10-01,SPK-PLAIN,West,Ecommerce,1057,14792.61,6656.67,8135.94,1183.41
2025-10-01,SPK-PLAIN,West,Foodservice,1498,20966.92,9435.11,11531.81,1677.35
2025-10-01,SPK-PLAIN,West,Grocery,3462,48472.1,21812.44,26659.66,3877.77
2025-10-01,STL-1L,Midwest,Club,4627,41646.71,25820.96,15825.75,2498.8
2025-10-01,STL-1L,Midwest,Convenience,5001,45005.22,27903.24,17101.98,2700.31
2025-10-01,STL-1L,Midwest,Ecommerce,2253,20274.39,12570.12,7704.27,1216.46
2025-10-01,STL-1L,Midwest,Foodservice,3247,29219.23,18115.92,11103.31,1753.15
2025-10-01,STL-1L,Midwest,Grocery,7605,68448.0,42437.76,26010.24,4106.88
2025-10-01,STL-1L,Mountain,Club,3310,29785.68,18467.12,11318.56,1787.14
2025-10-01,STL-1L,Mountain,Convenience,3477,31291.79,19400.91,11890.88,1877.51
2025-10-01,STL-1L,Mountain,Ecommerce,1663,14970.63,9281.79,5688.84,898.24
2025-10-01,STL-1L,Mountain,Foodservice,2282,20535.73,12732.15,7803.58,1232.14
2025-10-01,STL-1L,Mountain,Grocery,5733,51595.34,31989.11,19606.23,3095.72
2025-10-01,STL-1L,Northeast,Club,4338,39039.25,24204.33,14834.92,2342.36
2025-10-01,STL-1L,Northeast,Convenience,4621,41585.98,25783.31,15802.67,2495.16
2025-10-01,STL-1L,Northeast,Ecommerce,2158,19423.75,12042.73,7381.02,1165.42
2025-10-01,STL-1L,Northeast,Foodservice,2996,26959.78,16715.06,10244.72,1617.59
2025-10-01,STL-1L,Northeast,Grocery,7179,64613.26,40060.22,24553.04,3876.8
2025-10-01,STL-1L,South,Club,4960,44640.23,27676.94,16963.29,2678.41
2025-10-01,STL-1L,South,Convenience,5757,51811.51,32123.14,19688.37,3108.69
2025-10-01,STL-1L,South,Ecommerce,2618,23557.54,14605.67,8951.87,1413.45
2025-10-01,STL-1L,South,Foodservice,3665,32982.14,20448.93,12533.21,1978.93
2025-10-01,STL-1L,South,Grocery,8774,78968.99,48960.77,30008.22,4738.14
2025-10-01,STL-1L,West,Club,6292,56625.24,35107.65,21517.59,3397.51
2025-10-01,STL-1L,West,Convenience,6398,57584.18,35702.19,21881.99,3455.05
2025-10-01,STL-1L,West,Ecommerce,2962,26662.26,16530.6,10131.66,1599.74
2025-10-01,STL-1L,West,Foodservice,4409,39685.14,24604.79,15080.35,2381.11
2025-10-01,STL-1L,West,Grocery,10162,91453.64,56701.26,34752.38,5487.22
2025-10-01,STL-500,Midwest,Club,4952,44568.58,27632.52,16936.06,2674.11
2025-10-01,STL-500,Midwest,Convenience,5540,49857.07,30911.38,18945.69,2991.42
2025-10-01,STL-500,Midwest,Ecommerce,2596,23361.62,14484.2,8877.42,1401.7
2025-10-01,STL-500,Midwest,Foodservice,3571,32138.41,19925.81,12212.6,1928.3
2025-10-01,STL-500,Midwest,Grocery,8546,76911.24,47684.97,29226.27,4614.67
2025-10-01,STL-500,Mountain,Club,3634,32702.89,20275.79,12427.1,1962.17
2025-10-01,STL-500,Mountain,Convenience,3986,35870.36,22239.62,13630.74,2152.22
2025-10-01,STL-500,Mountain,Ecommerce,1716,15443.43,9574.93,5868.5,926.61
2025-10-01,STL-500,Mountain,Foodservice,2472,22251.93,13796.2,8455.73,1335.12
2025-10-01,STL-500,Mountain,Grocery,5878,52903.88,32800.41,20103.47,3174.23
2025-10-01,STL-500,Northeast,Club,4526,40730.19,25252.72,15477.47,2443.81
2025-10-01,STL-500,Northeast,Convenience,4948,44527.64,27607.14,16920.5,2671.66
2025-10-01,STL-500,Northeast,Ecommerce,2169,19516.84,12100.44,7416.4,1171.01
2025-10-01,STL-500,Northeast,Foodservice,3223,29006.17,17983.83,11022.34,1740.37
2025-10-01,STL-500,Northeast,Grocery,7825,70428.74,43665.82,26762.92,4225.72
2025-10-01,STL-500,South,Club,5531,49777.89,30862.29,18915.6,2986.67
2025-10-01,STL-500,South,Convenience,6198,55783.45,34585.74,21197.71,3347.01
2025-10-01,STL-500,South,Ecommerce,2854,25689.2,15927.3,9761.9,1541.35
2025-10-01,STL-500,South,Foodservice,3747,33719.86,20906.31,12813.55,2023.19
2025-10-01,STL-500,South,Grocery,9501,85509.66,53015.99,32493.67,5130.58
2025-10-01,STL-500,West,Club,6751,60762.36,37672.66,23089.7,3645.74
2025-10-01,STL-500,West,Convenience,7249,65241.69,40449.85,24791.84,3914.5
2025-10-01,STL-500,West,Ecommerce,3342,30079.31,18649.17,11430.14,1804.76
2025-10-01,STL-500,West,Foodservice,4707,42366.14,26267.01,16099.13,2541.97
2025-10-01,STL-500,West,Grocery,11087,99779.34,61863.19,37916.15,5986.76
2025-11-01,COLA-CHERRY,Midwest,Club,2551,30612.75,16837.01,13775.74,4285.79
2025-11-01,COLA-CHERRY,Midwest,Convenience,2664,31962.36,17579.3,14383.06,4474.73
2025-11-01,COLA-CHERRY,Midwest,Ecommerce,1273,15280.56,8404.31,6876.25,2139.28
2025-11-01,COLA-CHERRY,Midwest,Foodservice,1680,20158.67,11087.27,9071.4,2822.21
2025-11-01,COLA-CHERRY,Midwest,Grocery,4255,51054.38,28079.91,22974.47,7147.61
2025-11-01,COLA-CHERRY,Mountain,Club,1764,21170.25,11643.64,9526.61,2963.84
2025-11-01,COLA-CHERRY,Mountain,Convenience,1874,22491.36,12370.25,10121.11,3148.79
2025-11-01,COLA-CHERRY,Mountain,Ecommerce,826,9915.58,5453.57,4462.01,1388.18
2025-11-01,COLA-CHERRY,Mountain,Foodservice,1203,14435.04,7939.27,6495.77,2020.91
2025-11-01,COLA-CHERRY,Mountain,Grocery,2892,34699.52,19084.74,15614.78,4857.93
2025-11-01,COLA-CHERRY,Northeast,Club,2201,26406.95,14523.82,11883.13,3696.97
2025-11-01,COLA-CHERRY,Northeast,Convenience,2512,30149.03,16581.97,13567.06,4220.86
2025-11-01,COLA-CHERRY,Northeast,Ecommerce,1115,13382.46,7360.35,6022.11,1873.54
2025-11-01,COLA-CHERRY,Northeast,Foodservice,1550,18601.33,10230.73,8370.6,2604.19
2025-11-01,COLA-CHERRY,Northeast,Grocery,3813,45754.26,25164.84,20589.42,6405.6
2025-11-01,COLA-CHERRY,South,Club,2714,32563.81,17910.1,14653.71,4558.93
2025-11-01,COLA-CHERRY,South,Convenience,2993,35913.61,19752.49,16161.12,5027.91
2025-11-01,COLA-CHERRY,South,Ecommerce,1359,16313.14,8972.23,7340.91,2283.84
2025-11-01,COLA-CHERRY,South,Foodservice,1904,22852.96,12569.13,10283.83,3199.41
2025-11-01,COLA-CHERRY,South,Grocery,4505,54058.85,29732.37,24326.48,7568.24
2025-11-01,COLA-CHERRY,West,Club,3255,39055.26,21480.39,17574.87,5467.74
2025-11-01,COLA-CHERRY,West,Convenience,3418,41014.46,22557.95,18456.51,5742.02
2025-11-01,COLA-CHERRY,West,Ecommerce,1561,18733.01,10303.16,8429.85,2622.62
2025-11-01,COLA-CHERRY,West,Foodservice,2205,26459.6,14552.78,11906.82,3704.34
2025-11-01,COLA-CHERRY,West,Grocery,5265,63175.59,34746.57,28429.02,8844.58
2025-11-01,COLA-DIET,Midwest,Club,3041,36487.76,20068.27,16419.49,5108.29
2025-11-01,COLA-DIET,Midwest,Convenience,3288,39453.07,21699.19,17753.88,5523.43
2025-11-01,COLA-DIET,Midwest,Ecommerce,1482,17788.28,9783.55,8004.73,2490.36
2025-11-01,COLA-DIET,Midwest,Foodservice,2074,24887.22,13687.97,11199.25,3484.21
2025-11-01,COLA-DIET,Midwest,Grocery,4994,59922.61,32957.44,26965.17,8389.17
2025-11-01,COLA-DIET,Mountain,Club,2012,24143.16,13278.74,10864.42,3380.04
2025-11-01,COLA-DIET,Mountain,Convenience,2261,27137.46,14925.6,12211.86,3799.24
2025-11-01,COLA-DIET,Mountain,Ecommerce,1050,12597.0,6928.35,5668.65,1763.58
2025-11-01,COLA-DIET,Mountain,Foodservice,1389,16668.05,9167.43,7500.62,2333.53
2025-11-01,COLA-DIET,Mountain,Grocery,3568,42816.56,23549.11,19267.45,5994.32
2025-11-01,COLA-DIET,Northeast,Club,2615,31383.85,17261.12,14122.73,4393.74
2025-11-01,COLA-DIET,Northeast,Convenience,2822,33867.79,18627.28,15240.51,4741.49
2025-11-01,COLA-DIET,Northeast,Ecommerce,1327,15921.82,8757.0,7164.82,2229.05
2025-11-01,COLA-DIET,Northeast,Foodservice,1827,21923.73,12058.05,9865.68,3069.32
2025-11-01,COLA-DIET,Northeast,Grocery,4516,54193.05,29806.18,24386.87,7587.03
2025-11-01,COLA-DIET,South,Club,3283,39394.5,21666.97,17727.53,5515.23
2025-11-01,COLA-DIET,South,Convenience,3471,41653.17,22909.24,18743.93,5831.44
2025-11-01,COLA-DIET,South,Ecommerce,1632,19589.65,10774.31,8815.34,2742.55
2025-11-01,COLA-DIET,South,Foodservice,2202,26420.69,14531.38,11889.31,3698.9
2025-11-01,COLA-DIET,South,Grocery,5467,65604.4,36082.42,29521.98,9184.62
2025-11-01,COLA-DIET,West,Club,3687,44241.1,24332.6,19908.5,6193.75
2025-11-01,COLA-DIET,West,Convenience,4122,49462.2,27204.21,22257.99,6924.71
2025-11-01,COLA-DIET,West,Ecommerce,1925,23103.63,12707.0,10396.63,3234.51
2025-11-01,COLA-DIET,West,Foodservice,2610,31319.86,17225.92,14093.94,4384.78
2025-11-01,COLA-DIET,West,Grocery,6758,81098.89,44604.39,36494.5,11353.84
2025-11-01,COLA-REG,Midwest,Club,3975,47704.28,26237.35,21466.93,6678.6
2025-11-01,COLA-REG,Midwest,Convenience,4479,53742.63,29558.45,24184.18,7523.97
2025-11-01,COLA-REG,Midwest,Ecommerce,2008,24099.08,13254.49,10844.59,3373.87
2025-11-01,COLA-REG,Midwest,Foodservice,2847,34164.46,18790.45,15374.01,4783.02
2025-11-01,COLA-REG,Midwest,Grocery,6805,81659.28,44912.6,36746.68,11432.3
2025-11-01,COLA-REG,Mountain,Club,2849,34190.8,18804.94,15385.86,4786.71
2025-11-01,COLA-REG,Mountain,Convenience,3040,36485.71,20067.14,16418.57,5108.0
2025-11-01,COLA-REG,Mountain,Ecommerce,1355,16255.45,8940.5,7314.95,2275.76
2025-11-01,COLA-REG,Mountain,Foodservice,1901,22815.16,12548.34,10266.82,3194.12
2025-11-01,COLA-REG,Mountain,Grocery,4731,56772.71,31224.99,25547.72,7948.18
2025-11-01,COLA-REG,Northeast,Club,3605,43254.01,23789.71,19464.3,6055.56
2025-11-01,COLA-REG,Northeast,Convenience,3869,46432.88,25538.08,20894.8,6500.6
2025-11-01,COLA-REG,Northeast,Ecommerce,1698,20373.98,11205.69,9168.29,2852.36
2025-11-01,COLA-REG,Northeast,Foodservice,2506,30076.42,16542.03,13534.39,4210.7
2025-11-01,COLA-REG,Northeast,Grocery,6067,72798.63,40039.25,32759.38,10191.81
2025-11-01,COLA-REG,South,Club,4281,51367.85,28252.32,23115.53,7191.5
2025-11-01,COLA-REG,South,Convenience,4796,57555.28,31655.4,25899.88,8057.74
2025-11-01,COLA-REG,South,Ecommerce,2100,25200.03,13860.02,11340.01,3528.0
2025-11-01,COLA-REG,South,Foodservice,3057,36682.44,20175.34,16507.1,5135.54
2025-11-01,COLA-REG,South,Grocery,7534,90410.27,49725.65,40684.62,12657.44
2025-11-01,COLA-REG,West,Club,5237,62844.71,34564.59,28280.12,8798.26
2025-11-01,COLA-REG,West,Convenience,5427,65124.59,35818.52,29306.07,9117.44
2025-11-01,COLA-REG,West,Ecommerce,2561,30729.07,16900.99,13828.08,4302.07
2025-11-01,COLA-REG,West,Foodservice,3489,41863.67,23025.02,18838.65,5860.91
2025-11-01,COLA-REG,West,Grocery,8818,105815.81,58198.7,47617.11,14814.21
2025-11-01,ENG-ORIG,Midwest,Club,1560,34312.95,13725.18,20587.77,3774.42
2025-11-01,ENG-ORIG,Midwest,Convenience,1765,38835.53,15534.21,23301.32,4271.91
2025-11-01,ENG-ORIG,Midwest,Ecommerce,783,17225.3,6890.12,10335.18,1894.78
2025-11-01,ENG-ORIG,Midwest,Foodservice,1059,23298.45,9319.38,13979.07,2562.83
2025-11-01,ENG-ORIG,Midwest,Grocery,2692,59229.69,23691.88,35537.81,6515.27
2025-11-01,ENG-ORIG,Mountain,Club,1071,23569.39,9427.76,14141.63,2592.63
2025-11-01,ENG-ORIG,Mountain,Convenience,1242,27332.41,10932.96,16399.45,3006.57
2025-11-01,ENG-ORIG,Mountain,Ecommerce,555,12205.24,4882.1,7323.14,1342.58
2025-11-01,ENG-ORIG,Mountain,Foodservice,745,16394.57,6557.83,9836.74,1803.4
2025-11-01,ENG-ORIG,Mountain,Grocery,1788,39336.41,15734.56,23601.85,4327.01
2025-11-01,ENG-ORIG,Northeast,Club,1426,31370.48,12548.19,18822.29,3450.75
2025-11-01,ENG-ORIG,Northeast,Convenience,1503,33060.71,13224.28,19836.43,3636.68
2025-11-01,ENG-ORIG,Northeast,Ecommerce,701,15419.25,6167.7,9251.55,1696.12
2025-11-01,ENG-ORIG,Northeast,Foodservice,949,20875.37,8350.15,12525.22,2296.29
2025-11-01,ENG-ORIG,Northeast,Grocery,2312,50860.88,20344.35,30516.53,5594.7
2025-11-01,ENG-ORIG,South,Club,1769,38928.84,15571.54,23357.3,4282.17
2025-11-01,ENG-ORIG,South,Convenience,1956,43033.84,17213.54,25820.3,4733.72
2025-11-01,ENG-ORIG,South,Ecommerce,881,19378.91,7751.56,11627.35,2131.68
2025-11-01,ENG-ORIG,South,Foodservice,1249,27487.71,10995.08,16492.63,3023.65
2025-11-01,ENG-ORIG,South,Grocery,2928,64414.71,25765.88,38648.83,7085.62
2025-11-01,ENG-ORIG,West,Club,1955,43020.64,17208.26,25812.38,4732.27
2025-11-01,ENG-ORIG,West,Convenience,2245,49386.32,19754.53,29631.79,5432.5
2025-11-01,ENG-ORIG,West,Ecommerce,1034,22752.83,9101.13,13651.7,2502.81
2025-11-01,ENG-ORIG,West,Foodservice,1427,31402.26,12560.9,18841.36,3454.25
2025-11-01,ENG-ORIG,West,Grocery,3487,76721.91,30688.76,46033.15,8439.41
2025-11-01,ENG-ZERO,Midwest,Club,1255,27600.01,11040.0,16560.01,3036.0
2025-11-01,ENG-ZERO,Midwest,Convenience,1398,30763.84,12305.54,18458.3,3384.02
2025-11-01,ENG-ZERO,Midwest,Ecommerce,622,13686.6,5474.64,8211.96,1505.53
2025-11-01,ENG-ZERO,Midwest,Foodservice,857,18850.87,7540.35,11310.52,2073.6
2025-11-01,ENG-ZERO,Midwest,Grocery,2102,46233.48,18493.39,27740.09,5085.68
2025-11-01,ENG-ZERO,Mountain,Club,903,19872.66,7949.06,11923.6,2185.99
2025-11-01,ENG-ZERO,Mountain,Convenience,982,21602.24,8640.9,12961.34,2376.25
2025-11-01,ENG-ZERO,Mountain,Ecommerce,452,9949.42,3979.77,5969.65,1094.44
2025-11-01,ENG-ZERO,Mountain,Foodservice,628,13821.97,5528.79,8293.18,1520.42
2025-11-01,ENG-ZERO,Mountain,Grocery,1471,32372.69,12949.08,19423.61,3561.0
2025-11-01,ENG-ZERO,Northeast,Club,1095,24083.34,9633.34,14450.0,2649.17
2025-11-01,ENG-ZERO,Northeast,Convenience,1271,27951.9,11180.76,16771.14,3074.71
2025-11-01,ENG-ZERO,Northeast,Ecommerce,579,12745.98,5098.39,7647.59,1402.06
2025-11-01,ENG-ZERO,Northeast,Foodservice,783,17234.81,6893.92,10340.89,1895.83
2025-11-01,ENG-ZERO,Northeast,Grocery,1907,41946.88,16778.75,25168.13,4614.16
2025-11-01,ENG-ZERO,South,Club,1369,30120.07,12048.03,18072.04,3313.21
2025-11-01,ENG-ZERO,South,Convenience,1479,32528.7,13011.48,19517.22,3578.16
2025-11-01,ENG-ZERO,South,Ecommerce,692,15215.1,6086.04,9129.06,1673.66
2025-11-01,ENG-ZERO,South,Foodservice,985,21662.76,8665.1,12997.66,2382.9
2025-11-01,ENG-ZERO,South,Grocery,2399,52768.46,21107.38,31661.08,5804.53
2025-11-01,ENG-ZERO,West,Club,1606,35333.93,14133.57,21200.36,3886.73
2025-11-01,ENG-ZERO,West,Convenience,1741,38301.19,15320.48,22980.71,4213.13
2025-11-01,ENG-ZERO,West,Ecommerce,785,17278.22,6911.29,10366.93,1900.6
2025-11-01,ENG-ZERO,West,Foodservice,1138,25031.97,10012.79,15019.18,2753.52
2025-11-01,ENG-ZERO,West,Grocery,2825,62159.83,24863.93,37295.9,6837.58
2025-11-01,JUC-APPLE,Midwest,Club,2075,33203.02,19257.75,13945.27,2988.27
2025-11-01,JUC-APPLE,Midwest,Convenience,2302,36828.78,21360.69,15468.09,3314.59
2025-11-01,JUC-APPLE,Midwest,Ecommerce,1059,16942.57,9826.69,7115.88,1524.83
2025-11-01,JUC-APPLE,Midwest,Foodservice,1459,23346.07,13540.72,9805.35,2101.15
2025-11-01,JUC-APPLE,Midwest,Grocery,3543,56684.24,32876.86,23807.38,5101.58
2025-11-01,JUC-APPLE,Mountain,Club,1519,24297.57,14092.59,10204.98,2186.78
2025-11-01,JUC-APPLE,Mountain,Convenience,1677,26837.98,15566.03,11271.95,2415.42
2025-11-01,JUC-APPLE,Mountain,Ecommerce,719,11508.82,6675.12,4833.7,1035.79
2025-11-01,JUC-APPLE,Mountain,Foodservice,1032,16506.62,9573.84,6932.78,1485.6
2025-11-01,JUC-APPLE,Mountain,Grocery,2498,39960.51,23177.1,16783.41,3596.45
2025-11-01,JUC-APPLE,Northeast,Club,1869,29909.23,17347.35,12561.88,2691.83
2025-11-01,JUC-APPLE,Northeast,Convenience,2104,33657.03,19521.08,14135.95,3029.13
2025-11-01,JUC-APPLE,Northeast,Ecommerce,954,15258.91,8850.17,6408.74,1373.3
2025-11-01,JUC-APPLE,Northeast,Foodservice,1310,20958.36,12155.85,8802.51,1886.25
2025-11-01,JUC-APPLE,Northeast,Grocery,3109,49750.93,28855.54,20895.39,4477.58
2025-11-01,JUC-APPLE,South,Club,2377,38036.0,22060.88,15975.12,3423.24
2025-11-01,JUC-APPLE,South,Convenience,2618,41880.51,24290.7,17589.81,3769.25
2025-11-01,JUC-APPLE,South,Ecommerce,1126,18015.16,10448.79,7566.37,1621.36
2025-11-01,JUC-APPLE,South,Foodservice,1596,25528.43,14806.49,10721.94,2297.56
2025-11-01,JUC-APPLE,South,Grocery,4016,64260.12,37270.87,26989.25,5783.41
2025-11-01,JUC-APPLE,West,Club,2748,43969.59,25502.36,18467.23,3957.26
2025-11-01,JUC-APPLE,West,Convenience,2889,46220.92,26808.13,19412.79,4159.88
2025-11-01,JUC-APPLE,West,Ecommerce,1363,21809.71,12649.63,9160.08,1962.87
2025-11-01,JUC-APPLE,West,Foodservice,1972,31555.52,18302.2,13253.32,2840.0
2025-11-01,JUC-APPLE,West,Grocery,4634,74141.4,43002.01,31139.39,6672.73
2025-11-01,JUC-MANGO,Midwest,Club,1672,26755.65,15518.28,11237.37,2408.01
2025-11-01,JUC-MANGO,Midwest,Convenience,1818,29087.06,16870.49,12216.57,2617.84
2025-11-01,JUC-MANGO,Midwest,Ecommerce,874,13982.26,8109.71,5872.55,1258.4
2025-11-01,JUC-MANGO,Midwest,Foodservice,1213,19414.28,11260.28,8154.0,1747.29
2025-11-01,JUC-MANGO,Midwest,Grocery,2814,45030.39,26117.63,18912.76,4052.74
2025-11-01,JUC-MANGO,Mountain,Club,1162,18592.6,10783.71,7808.89,1673.33
2025-11-01,JUC-MANGO,Mountain,Convenience,1274,20385.79,11823.76,8562.03,1834.72
2025-11-01,JUC-MANGO,Mountain,Ecommerce,581,9288.95,5387.59,3901.36,836.01
2025-11-01,JUC-MANGO,Mountain,Foodservice,830,13273.82,7698.82,5575.0,1194.64
2025-11-01,JUC-MANGO,Mountain,Grocery,2088,33414.19,19380.23,14033.96,3007.28
2025-11-01,JUC-MANGO,Northeast,Club,1518,24289.12,14087.69,10201.43,2186.02
2025-11-01,JUC-MANGO,Northeast,Convenience,1683,26935.85,15622.79,11313.06,2424.23
2025-11-01,JUC-MANGO,Northeast,Ecommerce,777,12435.21,7212.42,5222.79,1119.17
2025-11-01,JUC-MANGO,Northeast,Foodservice,1118,17880.97,10370.96,7510.01,1609.29
2025-11-01,JUC-MANGO,Northeast,Grocery,2639,42219.71,24487.43,17732.28,3799.77
2025-11-01,JUC-MANGO,South,Club,1930,30881.45,17911.24,12970.21,2779.33
2025-11-01,JUC-MANGO,South,Convenience,2114,33818.13,19614.52,14203.61,3043.63
2025-11-01,JUC-MANGO,South,Ecommerce,963,15411.67,8938.77,6472.9,1387.05
2025-11-01,JUC-MANGO,South,Foodservice,1273,20369.45,11814.28,8555.17,1833.25
2025-11-01,JUC-MANGO,South,Grocery,3333,53330.38,30931.62,22398.76,4799.73
2025-11-01,JUC-MANGO,West,Club,2199,35188.93,20409.58,14779.35,3167.0
2025-11-01,JUC-MANGO,West,Convenience,2497,39954.03,23173.34,16780.69,3595.86
2025-11-01,JUC-MANGO,West,Ecommerce,1084,17344.09,10059.57,7284.52,1560.97
2025-11-01,JUC-MANGO,West,Foodservice,1614,25830.25,14981.55,10848.7,2324.72
2025-11-01,JUC-MANGO,West,Grocery,3916,62661.41,36343.62,26317.79,5639.53
2025-11-01,JUC-ORANGE,Midwest,Club,2452,39227.91,22752.19,16475.72,3530.51
2025-11-01,JUC-ORANGE,Midwest,Convenience,2706,43290.31,25108.38,18181.93,3896.13
2025-11-01,JUC-ORANGE,Midwest,Ecommerce,1263,20202.35,11717.36,8484.99,1818.21
2025-11-01,JUC-ORANGE,Midwest,Foodservice,1733,27723.13,16079.42,11643.71,2495.08
2025-11-01,JUC-ORANGE,Midwest,Grocery,4358,69724.43,40440.17,29284.26,6275.2
2025-11-01,JUC-ORANGE,Mountain,Club,1707,27317.36,15844.07,11473.29,2458.56
2025-11-01,JUC-ORANGE,Mountain,Convenience,1875,29998.36,17399.05,12599.31,2699.85
2025-11-01,JUC-ORANGE,Mountain,Ecommerce,859,13738.37,7968.25,5770.12,1236.45
2025-11-01,JUC-ORANGE,Mountain,Foodservice,1231,19695.6,11423.45,8272.15,1772.6
2025-11-01,JUC-ORANGE,Mountain,Grocery,2884,46139.88,26761.13,19378.75,4152.59
2025-11-01,JUC-ORANGE,Northeast,Club,2282,36509.27,21175.38,15333.89,3285.83
2025-11-01,JUC-ORANGE,Northeast,Convenience,2420,38716.66,22455.66,16261.0,3484.5
2025-11-01,JUC-ORANGE,Northeast,Ecommerce,1131,18088.55,10491.36,7597.19,1627.97
2025-11-01,JUC-ORANGE,Northeast,Foodservice,1579,25262.93,14652.5,10610.43,2273.66
2025-11-01,JUC-ORANGE,Northeast,Grocery,3682,58916.19,34171.39,24744.8,5302.46
2025-11-01,JUC-ORANGE,South,Club,2691,43049.49,24968.7,18080.79,3874.45
2025-11-01,JUC-ORANGE,South,Convenience,3070,49118.85,28488.93,20629.92,4420.7
2025-11-01,JUC-ORANGE,South,Ecommerce,1387,22192.43,12871.61,9320.82,1997.32
2025-11-01,JUC-ORANGE,South,Foodservice,1956,31288.27,18147.2,13141.07,2815.94
2025-11-01,JUC-ORANGE,South,Grocery,4470,71517.3,41480.03,30037.27,6436.56
2025-11-01,JUC-ORANGE,West,Club,3099,49581.02,28756.99,20824.03,4462.29
2025-11-01,JUC-ORANGE,West,Convenience,3633,58129.93,33715.36,24414.57,5231.69
2025-11-01,JUC-ORANGE,West,Ecommerce,1624,25990.78,15074.65,10916.13,2339.17
2025-11-01,JUC-ORANGE,West,Foodservice,2281,36496.95,21168.23,15328.72,3284.73
2025-11-01,JUC-ORANGE,West,Grocery,5275,84403.94,48954.29,35449.65,7596.35
2025-11-01,ROOT-BEER,Midwest,Club,2515,30183.57,16600.96,13582.61,4225.7
2025-11-01,ROOT-BEER,Midwest,Convenience,2748,32972.83,18135.06,14837.77,4616.2
2025-11-01,ROOT-BEER,Midwest,Ecommerce,1206,14467.4,7957.07,6510.33,2025.44
2025-11-01,ROOT-BEER,Midwest,Foodservice,1760,21120.34,11616.19,9504.15,2956.85
2025-11-01,ROOT-BEER,Midwest,Grocery,4099,49193.31,27056.32,22136.99,6887.06
2025-11-01,ROOT-BEER,Mountain,Club,1696,20354.85,11195.17,9159.68,2849.68
2025-11-01,ROOT-BEER,Mountain,Convenience,1869,22425.84,12334.21,10091.63,3139.62
2025-11-01,ROOT-BEER,Mountain,Ecommerce,837,10047.07,5525.89,4521.18,1406.59
2025-11-01,ROOT-BEER,Mountain,Foodservice,1243,14915.96,8203.78,6712.18,2088.23
2025-11-01,ROOT-BEER,Mountain,Grocery,2810,33721.43,18546.79,15174.64,4721.0
2025-11-01,ROOT-BEER,Northeast,Club,2153,25840.8,14212.44,11628.36,3617.71
2025-11-01,ROOT-BEER,Northeast,Convenience,2418,29020.71,15961.39,13059.32,4062.9
2025-11-01,ROOT-BEER,Northeast,Ecommerce,1138,13659.24,7512.58,6146.66,1912.29
2025-11-01,ROOT-BEER,Northeast,Foodservice,1568,18816.08,10348.84,8467.24,2634.25
2025-11-01,ROOT-BEER,Northeast,Grocery,3755,45057.03,24781.37,20275.66,6307.98
2025-11-01,ROOT-BEER,South,Club,2792,33502.47,18426.36,15076.11,4690.35
2025-11-01,ROOT-BEER,South,Convenience,2979,35750.71,19662.89,16087.82,5005.1
2025-11-01,ROOT-BEER,South,Ecommerce,1398,16772.92,9225.11,7547.81,2348.21
2025-11-01,ROOT-BEER,South,Foodservice,1942,23309.47,12820.21,10489.26,3263.33
2025-11-01,ROOT-BEER,South,Grocery,4493,53912.86,29652.07,24260.79,7547.8
2025-11-01,ROOT-BEER,West,Club,3229,38749.31,21312.12,17437.19,5424.9
2025-11-01,ROOT-BEER,West,Convenience,3560,42722.63,23497.45,19225.18,5981.17
2025-11-01,ROOT-BEER,West,Ecommerce,1553,18632.22,10247.72,8384.5,2608.51
2025-11-01,ROOT-BEER,West,Foodservice,2303,27631.17,15197.14,12434.03,3868.36
2025-11-01,ROOT-BEER,West,Grocery,5495,65936.54,36265.1,29671.44,9231.12
2025-11-01,SPK-BERRY,Midwest,Club,2033,28464.38,12808.97,15655.41,2277.15
2025-11-01,SPK-BERRY,Midwest,Convenience,2260,31635.31,14235.89,17399.42,2530.82
2025-11-01,SPK-BERRY,Midwest,Ecommerce,998,13971.81,6287.31,7684.5,1117.74
2025-11-01,SPK-BERRY,Midwest,Foodservice,1360,19033.75,8565.19,10468.56,1522.7
2025-11-01,SPK-BERRY,Midwest,Grocery,3373,47223.44,21250.55,25972.89,3777.88
2025-11-01,SPK-BERRY,Mountain,Club,1364,19099.24,8594.66,10504.58,1527.94
2025-11-01,SPK-BERRY,Mountain,Convenience,1492,20882.36,9397.06,11485.3,1670.59
2025-11-01,SPK-BERRY,Mountain,Ecommerce,720,10075.83,4534.12,5541.71,806.07
2025-11-01,SPK-BERRY,Mountain,Foodservice,988,13830.78,6223.85,7606.93,1106.46
2025-11-01,SPK-BERRY,Mountain,Grocery,2334,32675.95,14704.18,17971.77,2614.08
2025-11-01,SPK-BERRY,Northeast,Club,1805,25271.22,11372.05,13899.17,2021.7
2025-11-01,SPK-BERRY,Northeast,Convenience,1940,27158.39,12221.28,14937.11,2172.67
2025-11-01,SPK-BERRY,Northeast,Ecommerce,878,12287.58,5529.41,6758.17,983.01
2025-11-01,SPK-BERRY,Northeast,Foodservice,1223,17121.16,7704.52,9416.64,1369.69
2025-11-01,SPK-BERRY,Northeast,Grocery,2912,40769.97,18346.49,22423.48,3261.6
2025-11-01,SPK-BERRY,South,Club,2175,30455.21,13704.84,16750.37,2436.42
2025-11-01,SPK-BERRY,South,Convenience,2333,32658.12,14696.15,17961.97,2612.65
2025-11-01,SPK-BERRY,South,Ecommerce,1130,15818.81,7118.46,8700.35,1265.5
2025-11-01,SPK-BERRY,South,Foodservice,1518,21253.25,9563.96,11689.29,1700.26
2025-11-01,SPK-BERRY,South,Grocery,3763,52681.89,23706.85,28975.04,4214.55
2025-11-01,SPK-BERRY,West,Club,2536,35507.38,15978.32,19529.06,2840.59
2025-11-01,SPK-BERRY,West,Convenience,2824,39537.92,17792.06,21745.86,3163.03
2025-11-01,SPK-BERRY,West,Ecommerce,1281,17931.7,8069.26,9862.44,1434.54
2025-11-01,SPK-BERRY,West,Foodservice,1805,25265.83,11369.62,13896.21,2021.27
2025-11-01,SPK-BERRY,West,Grocery,4464,62496.05,28123.22,34372.83,4999.68
2025-11-01,SPK-LIME,Midwest,Club,2074,29037.17,13066.73,15970.44,2322.97
2025-11-01,SPK-LIME,Midwest,Convenience,2306,32289.11,14530.1,17759.01,2583.13
2025-11-01,SPK-LIME,Midwest,Ecommerce,1060,14840.46,6678.21,8162.25,1187.24
2025-11-01,SPK-LIME,Midwest,Foodservice,1471,20596.35,9268.36,11327.99,1647.71
2025-11-01,SPK-LIME,Midwest,Grocery,3478,48693.88,21912.25,26781.63,3895.51
2025-11-01,SPK-LIME,Mountain,Club,1457,20397.63,9178.93,11218.7,1631.81
2025-11-01,SPK-LIME,Mountain,Convenience,1679,23506.04,10577.72,12928.32,1880.48
2025-11-01,SPK-LIME,Mountain,Ecommerce,751,10518.54,4733.34,5785.2,841.48
2025-11-01,SPK-LIME,Mountain,Foodservice,1060,14843.23,6679.45,8163.78,1187.46
2025-11-01,SPK-LIME,Mountain,Grocery,2581,36139.73,16262.88,19876.85,2891.18
2025-11-01,SPK-LIME,Northeast,Club,1869,26161.38,11772.62,14388.76,2092.91
2025-11-01,SPK-LIME,Northeast,Convenience,2125,29748.75,13386.94,16361.81,2379.9
2025-11-01,SPK-LIME,Northeast,Ecommerce,922,12903.16,5806.42,7096.74,1032.25
2025-11-01,SPK-LIME,Northeast,Foodservice,1320,18476.97,8314.64,10162.33,1478.16
2025-11-01,SPK-LIME,Northeast,Grocery,3308,46307.59,20838.42,25469.17,3704.61
2025-11-01,SPK-LIME,South,Club,2357,33002.31,14851.04,18151.27,2640.18
2025-11-01,SPK-LIME,South,Convenience,2534,35471.72,15962.27,19509.45,2837.74
2025-11-01,SPK-LIME,South,Ecommerce,1174,16431.92,7394.36,9037.56,1314.55
2025-11-01,SPK-LIME,South,Foodservice,1678,23485.43,10568.44,12916.99,1878.83
2025-11-01,SPK-LIME,South,Grocery,4015,56203.82,25291.72,30912.1,4496.31
2025-11-01,SPK-LIME,West,Club,2779,38912.66,17510.7,21401.96,3113.01
2025-11-01,SPK-LIME,West,Convenience,2920,40879.66,18395.85,22483.81,3270.37
2025-11-01,SPK-LIME,West,Ecommerce,1309,18327.49,8247.37,10080.12,1466.2
2025-11-01,SPK-LIME,West,Foodservice,1879,26311.16,11840.02,14471.14,2104.89
2025-11-01,SPK-LIME,West,Grocery,4611,64553.86,29049.24,35504.62,5164.31
2025-11-01,SPK-PLAIN,Midwest,Club,1536,21502.16,9675.97,11826.19,1720.17
2025-11-01,SPK-PLAIN,Midwest,Convenience,1705,23871.16,10742.02,13129.14,1909.69
2025-11-01,SPK-PLAIN,Midwest,Ecommerce,738,10338.78,4652.45,5686.33,827.1
2025-11-01,SPK-PLAIN,Midwest,Foodservice,1040,14560.81,6552.36,8008.45,1164.86
2025-11-01,SPK-PLAIN,Midwest,Grocery,2573,36021.34,16209.6,19811.74,2881.71
2025-11-01,SPK-PLAIN,Mountain,Club,1026,14357.89,6461.05,7896.84,1148.63
2025-11-01,SPK-PLAIN,Mountain,Convenience,1192,16682.6,7507.17,9175.43,1334.61
2025-11-01,SPK-PLAIN,Mountain,Ecommerce,534,7471.23,3362.05,4109.18,597.7
2025-11-01,SPK-PLAIN,Mountain,Foodservice,769,10760.0,4842.0,5918.0,860.8
2025-11-01,SPK-PLAIN,Mountain,Grocery,1811,25359.91,11411.96,13947.95,2028.79
2025-11-01,SPK-PLAIN,Northeast,Club,1417,19839.92,8927.96,10911.96,1587.19
2025-11-01,SPK-PLAIN,Northeast,Convenience,1471,20588.51,9264.83,11323.68,1647.08
2025-11-01,SPK-PLAIN,Northeast,Ecommerce,676,9457.12,4255.7,5201.42,756.57
2025-11-01,SPK-PLAIN,Northeast,Foodservice,920,12873.87,5793.24,7080.63,1029.91
2025-11-01,SPK-PLAIN,Northeast,Grocery,2378,33286.03,14978.71,18307.32,2662.88
2025-11-01,SPK-PLAIN,South,Club,1621,22695.85,10213.13,12482.72,1815.67
2025-11-01,SPK-PLAIN,South,Convenience,1787,25018.96,11258.53,13760.43,2001.52
2025-11-01,SPK-PLAIN,South,Ecommerce,838,11730.26,5278.62,6451.64,938.42
2025-11-01,SPK-PLAIN,South,Foodservice,1133,15858.3,7136.24,8722.06,1268.66
2025-11-01,SPK-PLAIN,South,Grocery,2899,40588.96,18265.03,22323.93,3247.12
2025-11-01,SPK-PLAIN,West,Club,1978,27695.56,12463.0,15232.56,2215.64
2025-11-01,SPK-PLAIN,West,Convenience,2110,29537.31,13291.79,16245.52,2362.98
2025-11-01,SPK-PLAIN,West,Ecommerce,972,13612.04,6125.42,7486.62,1088.96
2025-11-01,SPK-PLAIN,West,Foodservice,1410,19741.04,8883.47,10857.57,1579.28
2025-11-01,SPK-PLAIN,West,Grocery,3407,47697.66,21463.95,26233.71,3815.81
2025-11-01,STL-1L,Midwest,Club,4467,40203.19,24925.98,15277.21,2412.19
2025-11-01,STL-1L,Midwest,Convenience,4735,42618.42,26423.42,16195.0,2557.11
2025-11-01,STL-1L,Midwest,Ecommerce,2200,19796.77,12274.0,7522.77,1187.81
2025-11-01,STL-1L,Midwest,Foodservice,2950,26546.19,16458.64,10087.55,1592.77
2025-11-01,STL-1L,Midwest,Grocery,7271,65437.47,40571.23,24866.24,3926.25
2025-11-01,STL-1L,Mountain,Club,3022,27198.42,16863.02,10335.4,1631.91
2025-11-01,STL-1L,Mountain,Convenience,3419,30772.12,19078.71,11693.41,1846.33
2025-11-01,STL-1L,Mountain,Ecommerce,1495,13457.4,8343.59,5113.81,807.44
2025-11-01,STL-1L,Mountain,Foodservice,2097,18877.42,11704.0,7173.42,1132.65
2025-11-01,STL-1L,Mountain,Grocery,5399,48592.26,30127.2,18465.06,2915.54
2025-11-01,STL-1L,Northeast,Club,4053,36474.84,22614.4,13860.44,2188.49
2025-11-01,STL-1L,Northeast,Convenience,4223,38008.55,23565.3,14443.25,2280.51
2025-11-01,STL-1L,Northeast,Ecommerce,1994,17947.56,11127.49,6820.07,1076.85
2025-11-01,STL-1L,Northeast,Foodservice,2808,25269.38,15667.02,9602.36,1516.16
2025-11-01,STL-1L,Northeast,Grocery,6945,62504.01,38752.49,23751.52,3750.24
2025-11-01,STL-1L,South,Club,4748,42730.45,26492.88,16237.57,2563.83
2025-11-01,STL-1L,South,Convenience,5313,47819.25,29647.94,18171.31,2869.16
2025-11-01,STL-1L,South,Ecommerce,2371,21343.45,13232.94,8110.51,1280.61
2025-11-01,STL-1L,South,Foodservice,3301,29712.64,18421.84,11290.8,1782.76
2025-11-01,STL-1L,South,Grocery,8314,74825.21,46391.63,28433.58,4489.51
2025-11-01,STL-1L,West,Club,5897,53069.35,32903.0,20166.35,3184.16
2025-11-01,STL-1L,West,Convenience,6496,58467.17,36249.65,22217.52,3508.03
2025-11-01,STL-1L,West,Ecommerce,2925,26323.81,16320.76,10003.05,1579.43
2025-11-01,STL-1L,West,Foodservice,3880,34920.55,21650.74,13269.81,2095.23
2025-11-01,STL-1L,West,Grocery,9514,85627.29,53088.92,32538.37,5137.64
2025-11-01,STL-500,Midwest,Club,4823,43407.62,26912.72,16494.9,2604.46
2025-11-01,STL-500,Midwest,Convenience,5224,47019.18,29151.89,17867.29,2821.15
2025-11-01,STL-500,Midwest,Ecommerce,2429,21856.8,13551.22,8305.58,1311.41
2025-11-01,STL-500,Midwest,Foodservice,3232,29091.86,18036.95,11054.91,1745.51
2025-11-01,STL-500,Midwest,Grocery,8306,74754.78,46347.96,28406.82,4485.29
2025-11-01,STL-500,Mountain,Club,3239,29155.2,18076.22,11078.98,1749.31
2025-11-01,STL-500,Mountain,Convenience,3715,33430.71,20727.04,12703.67,2005.84
2025-11-01,STL-500,Mountain,Ecommerce,1707,15360.47,9523.49,5836.98,921.63
2025-11-01,STL-500,Mountain,Foodservice,2349,21138.99,13106.17,8032.82,1268.34
2025-11-01,STL-500,Mountain,Grocery,5519,49670.26,30795.56,18874.7,2980.22
2025-11-01,STL-500,Northeast,Club,4206,37852.75,23468.71,14384.04,2271.16
2025-11-01,STL-500,Northeast,Convenience,4684,42155.92,26136.67,16019.25,2529.36
2025-11-01,STL-500,Northeast,Ecommerce,2129,19156.67,11877.14,7279.53,1149.4
2025-11-01,STL-500,Northeast,Foodservice,2872,25852.35,16028.46,9823.89,1551.14
2025-11-01,STL-500,Northeast,Grocery,7291,65623.14,40686.35,24936.79,3937.39
2025-11-01,STL-500,South,Club,5295,47659.49,29548.88,18110.61,2859.57
2025-11-01,STL-500,South,Convenience,5837,52535.84,32572.22,19963.62,3152.15
2025-11-01,STL-500,South,Ecommerce,2680,24121.87,14955.56,9166.31,1447.31
2025-11-01,STL-500,South,Foodservice,3700,33296.03,20643.54,12652.49,1997.76
2025-11-01,STL-500,South,Grocery,9022,81197.47,50342.43,30855.04,4871.85
2025-11-01,STL-500,West,Club,6204,55839.36,34620.4,21218.96,3350.36
2025-11-01,STL-500,West,Convenience,6585,59265.45,36744.58,22520.87,3555.93
2025-11-01,STL-500,West,Ecommerce,3060,27543.62,17077.04,10466.58,1652.62
2025-11-01,STL-500,West,Foodservice,4298,38681.22,23982.36,14698.86,2320.87
2025-11-01,STL-500,West,Grocery,10609,95481.95,59198.81,36283.14,5728.92
2025-12-01,COLA-CHERRY,Midwest,Club,2398,28773.33,15825.33,12948.0,4028.27
2025-12-01,COLA-CHERRY,Midwest,Convenience,2715,32575.83,17916.71,14659.12,4560.62
2025-12-01,COLA-CHERRY,Midwest,Ecommerce,1239,14864.26,8175.34,6688.92,2081.0
2025-12-01,COLA-CHERRY,Midwest,Foodservice,1668,20012.41,11006.83,9005.58,2801.74
2025-12-01,COLA-CHERRY,Midwest,Grocery,3960,47518.68,26135.27,21383.41,6652.62
2025-12-01,COLA-CHERRY,Mountain,Club,1639,19662.94,10814.62,8848.32,2752.81
2025-12-01,COLA-CHERRY,Mountain,Convenience,1819,21832.35,12007.79,9824.56,3056.53
2025-12-01,COLA-CHERRY,Mountain,Ecommerce,821,9846.13,5415.37,4430.76,1378.46
2025-12-01,COLA-CHERRY,Mountain,Foodservice,1165,13985.47,7692.01,6293.46,1957.97
2025-12-01,COLA-CHERRY,Mountain,Grocery,2760,33114.18,18212.8,14901.38,4635.99
2025-12-01,COLA-CHERRY,Northeast,Club,2105,25257.6,13891.68,11365.92,3536.06
2025-12-01,COLA-CHERRY,Northeast,Convenience,2438,29253.36,16089.35,13164.01,4095.47
2025-12-01,COLA-CHERRY,Northeast,Ecommerce,1079,12946.92,7120.81,5826.11,1812.57
2025-12-01,COLA-CHERRY,Northeast,Foodservice,1556,18669.72,10268.35,8401.37,2613.76
2025-12-01,COLA-CHERRY,Northeast,Grocery,3773,45280.22,24904.12,20376.1,6339.23
2025-12-01,COLA-CHERRY,South,Club,2709,32513.07,17882.19,14630.88,4551.83
2025-12-01,COLA-CHERRY,South,Convenience,2986,35827.82,19705.3,16122.52,5015.89
2025-12-01,COLA-CHERRY,South,Ecommerce,1281,15372.4,8454.82,6917.58,2152.14
2025-12-01,COLA-CHERRY,South,Foodservice,1891,22686.97,12477.83,10209.14,3176.18
2025-12-01,COLA-CHERRY,South,Grocery,4300,51598.03,28378.92,23219.11,7223.72
2025-12-01,COLA-CHERRY,West,Club,3113,37361.51,20548.83,16812.68,5230.61
2025-12-01,COLA-CHERRY,West,Convenience,3481,41767.06,22971.88,18795.18,5847.39
2025-12-01,COLA-CHERRY,West,Ecommerce,1521,18248.63,10036.75,8211.88,2554.81
2025-12-01,COLA-CHERRY,West,Foodservice,2090,25085.55,13797.05,11288.5,3511.98
2025-12-01,COLA-CHERRY,West,Grocery,5409,64904.94,35697.72,29207.22,9086.69
2025-12-01,COLA-DIET,Midwest,Club,2950,35399.27,19469.6,15929.67,4955.9
2025-12-01,COLA-DIET,Midwest,Convenience,3238,38853.04,21369.17,17483.87,5439.43
2025-12-01,COLA-DIET,Midwest,Ecommerce,1468,17610.0,9685.5,7924.5,2465.4
2025-12-01,COLA-DIET,Midwest,Foodservice,1934,23207.11,12763.91,10443.2,3249.0
2025-12-01,COLA-DIET,Midwest,Grocery,4869,58424.83,32133.66,26291.17,8179.48
2025-12-01,COLA-DIET,Mountain,Club,1986,23830.68,13106.87,10723.81,3336.3
2025-12-01,COLA-DIET,Mountain,Convenience,2228,26736.45,14705.05,12031.4,3743.1
2025-12-01,COLA-DIET,Mountain,Ecommerce,1006,12075.95,6641.77,5434.18,1690.63
2025-12-01,COLA-DIET,Mountain,Foodservice,1361,16330.83,8981.96,7348.87,2286.32
2025-12-01,COLA-DIET,Mountain,Grocery,3410,40916.3,22503.96,18412.34,5728.28
2025-12-01,COLA-DIET,Northeast,Club,2607,31278.46,17203.15,14075.31,4378.98
2025-12-01,COLA-DIET,Northeast,Convenience,2862,34349.03,18891.97,15457.06,4808.86
2025-12-01,COLA-DIET,Northeast,Ecommerce,1313,15753.15,8664.23,7088.92,2205.44
2025-12-01,COLA-DIET,Northeast,Foodservice,1840,22076.78,12142.23,9934.55,3090.75
2025-12-01,COLA-DIET,Northeast,Grocery,4295,51539.86,28346.92,23192.94,7215.58
2025-12-01,COLA-DIET,South,Club,3145,37735.71,20754.64,16981.07,5283.0
2025-12-01,COLA-DIET,South,Convenience,3390,40682.58,22375.42,18307.16,5695.56
2025-12-01,COLA-DIET,South,Ecommerce,1524,18288.66,10058.76,8229.9,2560.41
2025-12-01,COLA-DIET,South,Foodservice,2164,25969.7,14283.34,11686.36,3635.76
2025-12-01,COLA-DIET,South,Grocery,5205,62457.99,34351.89,28106.1,8744.12
2025-12-01,COLA-DIET,West,Club,3741,44886.57,24687.61,20198.96,6284.12
2025-12-01,COLA-DIET,West,Convenience,4072,48865.1,26875.8,21989.3,6841.11
2025-12-01,COLA-DIET,West,Ecommerce,1846,22151.58,12183.37,9968.21,3101.22
2025-12-01,COLA-DIET,West,Foodservice,2652,31822.59,17502.42,14320.17,4455.16
2025-12-01,COLA-DIET,West,Grocery,6302,75624.11,41593.26,34030.85,10587.38
2025-12-01,COLA-REG,Midwest,Club,3800,45594.03,25076.72,20517.31,6383.16
2025-12-01,COLA-REG,Midwest,Convenience,4234,50806.74,27943.71,22863.03,7112.94
2025-12-01,COLA-REG,Midwest,Ecommerce,1979,23750.32,13062.68,10687.64,3325.04
2025-12-01,COLA-REG,Midwest,Foodservice,2661,31937.9,17565.84,14372.06,4471.31
2025-12-01,COLA-REG,Midwest,Grocery,6654,79845.98,43915.29,35930.69,11178.44
2025-12-01,COLA-REG,Mountain,Club,2696,32356.15,17795.88,14560.27,4529.86
2025-12-01,COLA-REG,Mountain,Convenience,3052,36621.4,20141.77,16479.63,5127.0
2025-12-01,COLA-REG,Mountain,Ecommerce,1298,15574.88,8566.18,7008.7,2180.48
2025-12-01,COLA-REG,Mountain,Foodservice,1940,23283.94,12806.17,10477.77,3259.75
2025-12-01,COLA-REG,Mountain,Grocery,4520,54237.44,29830.59,24406.85,7593.24
2025-12-01,COLA-REG,Northeast,Club,3438,41260.62,22693.34,18567.28,5776.49
2025-12-01,COLA-REG,Northeast,Convenience,3841,46094.19,25351.8,20742.39,6453.19
2025-12-01,COLA-REG,Northeast,Ecommerce,1763,21154.14,11634.78,9519.36,2961.58
2025-12-01,COLA-REG,Northeast,Foodservice,2372,28458.08,15651.94,12806.14,3984.13
2025-12-01,COLA-REG,Northeast,Grocery,5852,70222.86,38622.57,31600.29,9831.2
2025-12-01,COLA-REG,South,Club,4143,49711.96,27341.58,22370.38,6959.67
2025-12-01,COLA-REG,South,Convenience,4792,57502.76,31626.52,25876.24,8050.39
2025-12-01,COLA-REG,South,Ecommerce,2033,24392.37,13415.8,10976.57,3414.93
2025-12-01,COLA-REG,South,Foodservice,2867,34402.97,18921.63,15481.34,4816.42
2025-12-01,COLA-REG,South,Grocery,7021,84248.89,46336.89,37912.0,11794.84
2025-12-01,COLA-REG,West,Club,5102,61228.97,33675.93,27553.04,8572.06
2025-12-01,COLA-REG,West,Convenience,5293,63517.09,34934.4,28582.69,8892.39
2025-12-01,COLA-REG,West,Ecommerce,2460,29523.35,16237.84,13285.51,4133.27
2025-12-01,COLA-REG,West,Foodservice,3519,42227.08,23224.89,19002.19,5911.79
2025-12-01,COLA-REG,West,Grocery,8406,100871.64,55479.4,45392.24,14122.03
2025-12-01,ENG-ORIG,Midwest,Club,1622,35682.27,14272.91,21409.36,3925.05
2025-12-01,ENG-ORIG,Midwest,Convenience,1737,38205.8,15282.32,22923.48,4202.64
2025-12-01,ENG-ORIG,Midwest,Ecommerce,813,17896.28,7158.51,10737.77,1968.59
2025-12-01,ENG-ORIG,Midwest,Foodservice,1122,24686.23,9874.49,14811.74,2715.49
2025-12-01,ENG-ORIG,Midwest,Grocery,2652,58345.27,23338.11,35007.16,6417.98
2025-12-01,ENG-ORIG,Mountain,Club,1078,23707.82,9483.13,14224.69,2607.86
2025-12-01,ENG-ORIG,Mountain,Convenience,1195,26289.95,10515.98,15773.97,2891.89
2025-12-01,ENG-ORIG,Mountain,Ecommerce,557,12249.37,4899.75,7349.62,1347.43
2025-12-01,ENG-ORIG,Mountain,Foodservice,771,16954.6,6781.84,10172.76,1865.01
2025-12-01,ENG-ORIG,Mountain,Grocery,1935,42575.62,17030.25,25545.37,4683.32
2025-12-01,ENG-ORIG,Northeast,Club,1439,31653.38,12661.35,18992.03,3481.87
2025-12-01,ENG-ORIG,Northeast,Convenience,1581,34781.96,13912.78,20869.18,3826.02
2025-12-01,ENG-ORIG,Northeast,Ecommerce,712,15669.15,6267.66,9401.49,1723.61
2025-12-01,ENG-ORIG,Northeast,Foodservice,997,21937.13,8774.85,13162.28,2413.08
2025-12-01,ENG-ORIG,Northeast,Grocery,2369,52112.2,20844.88,31267.32,5732.34
2025-12-01,ENG-ORIG,South,Club,1702,37433.02,14973.21,22459.81,4117.63
2025-12-01,ENG-ORIG,South,Convenience,1934,42553.18,17021.27,25531.91,4680.85
2025-12-01,ENG-ORIG,South,Ecommerce,851,18719.66,7487.86,11231.8,2059.16
2025-12-01,ENG-ORIG,South,Foodservice,1188,26138.66,10455.46,15683.2,2875.25
2025-12-01,ENG-ORIG,South,Grocery,2928,64409.54,25763.82,38645.72,7085.05
2025-12-01,ENG-ORIG,West,Club,1988,43734.7,17493.88,26240.82,4810.82
2025-12-01,ENG-ORIG,West,Convenience,2271,49968.36,19987.34,29981.02,5496.52
2025-12-01,ENG-ORIG,West,Ecommerce,1028,22623.61,9049.44,13574.17,2488.6
2025-12-01,ENG-ORIG,West,Foodservice,1461,32147.67,12859.07,19288.6,3536.24
2025-12-01,ENG-ORIG,West,Grocery,3445,75787.13,30314.85,45472.28,8336.58
2025-12-01,ENG-ZERO,Midwest,Club,1257,27653.53,11061.41,16592.12,3041.89
2025-12-01,ENG-ZERO,Midwest,Convenience,1371,30169.79,12067.92,18101.87,3318.68
2025-12-01,ENG-ZERO,Midwest,Ecommerce,630,13866.4,5546.56,8319.84,1525.3
2025-12-01,ENG-ZERO,Midwest,Foodservice,879,19333.18,7733.27,11599.91,2126.65
2025-12-01,ENG-ZERO,Midwest,Grocery,2150,47310.75,18924.3,28386.45,5204.18
2025-12-01,ENG-ZERO,Mountain,Club,853,18763.6,7505.44,11258.16,2064.0
2025-12-01,ENG-ZERO,Mountain,Convenience,955,21010.93,8404.37,12606.56,2311.2
2025-12-01,ENG-ZERO,Mountain,Ecommerce,422,9293.77,3717.51,5576.26,1022.31
2025-12-01,ENG-ZERO,Mountain,Foodservice,623,13715.37,5486.15,8229.22,1508.69
2025-12-01,ENG-ZERO,Mountain,Grocery,1478,32526.69,13010.68,19516.01,3577.94
2025-12-01,ENG-ZERO,Northeast,Club,1107,24353.29,9741.32,14611.97,2678.86
2025-12-01,ENG-ZERO,Northeast,Convenience,1259,27690.69,11076.28,16614.41,3045.98
2025-12-01,ENG-ZERO,Northeast,Ecommerce,546,12005.61,4802.24,7203.37,1320.62
2025-12-01,ENG-ZERO,Northeast,Foodservice,783,17217.71,6887.08,10330.63,1893.95
2025-12-01,ENG-ZERO,Northeast,Grocery,1945,42792.05,17116.82,25675.23,4707.13
2025-12-01,ENG-ZERO,South,Club,1400,30804.67,12321.87,18482.8,3388.51
2025-12-01,ENG-ZERO,South,Convenience,1573,34604.32,13841.73,20762.59,3806.48
2025-12-01,ENG-ZERO,South,Ecommerce,689,15167.72,6067.09,9100.63,1668.45
2025-12-01,ENG-ZERO,South,Foodservice,953,20975.28,8390.11,12585.17,2307.28
2025-12-01,ENG-ZERO,South,Grocery,2282,50212.8,20085.12,30127.68,5523.41
2025-12-01,ENG-ZERO,West,Club,1640,36076.98,14430.79,21646.19,3968.47
2025-12-01,ENG-ZERO,West,Convenience,1788,39341.43,15736.57,23604.86,4327.56
2025-12-01,ENG-ZERO,West,Ecommerce,832,18311.06,7324.42,10986.64,2014.22
2025-12-01,ENG-ZERO,West,Foodservice,1116,24543.73,9817.49,14726.24,2699.81
2025-12-01,ENG-ZERO,West,Grocery,2772,60974.94,24389.98,36584.96,6707.24
2025-12-01,JUC-APPLE,Midwest,Club,2061,32978.95,19127.79,13851.16,2968.11
2025-12-01,JUC-APPLE,Midwest,Convenience,2225,35595.1,20645.16,14949.94,3203.56
2025-12-01,JUC-APPLE,Midwest,Ecommerce,1042,16679.81,9674.29,7005.52,1501.18
2025-12-01,JUC-APPLE,Midwest,Foodservice,1493,23892.4,13857.59,10034.81,2150.32
2025-12-01,JUC-APPLE,Midwest,Grocery,3639,58221.09,33768.23,24452.86,5239.9
2025-12-01,JUC-APPLE,Mountain,Club,1425,22792.92,13219.89,9573.03,2051.36
2025-12-01,JUC-APPLE,Mountain,Convenience,1533,24527.34,14225.86,10301.48,2207.46
2025-12-01,JUC-APPLE,Mountain,Ecommerce,701,11213.29,6503.71,4709.58,1009.2
2025-12-01,JUC-APPLE,Mountain,Foodservice,1029,16469.59,9552.36,6917.23,1482.26
2025-12-01,JUC-APPLE,Mountain,Grocery,2475,39592.82,22963.84,16628.98,3563.35
2025-12-01,JUC-APPLE,Northeast,Club,1925,30796.56,17862.0,12934.56,2771.69
2025-12-01,JUC-APPLE,Northeast,Convenience,1968,31483.62,18260.5,13223.12,2833.53
2025-12-01,JUC-APPLE,Northeast,Ecommerce,894,14310.13,8299.88,6010.25,1287.91
2025-12-01,JUC-APPLE,Northeast,Foodservice,1305,20883.24,12112.28,8770.96,1879.49
2025-12-01,JUC-APPLE,Northeast,Grocery,3081,49291.99,28589.35,20702.64,4436.28
2025-12-01,JUC-APPLE,South,Club,2182,34904.67,20244.71,14659.96,3141.42
2025-12-01,JUC-APPLE,South,Convenience,2515,40246.24,23342.82,16903.42,3622.16
2025-12-01,JUC-APPLE,South,Ecommerce,1173,18769.74,10886.45,7883.29,1689.28
2025-12-01,JUC-APPLE,South,Foodservice,1581,25300.52,14674.3,10626.22,2277.05
2025-12-01,JUC-APPLE,South,Grocery,3955,63277.6,36701.01,26576.59,5694.98
2025-12-01,JUC-APPLE,West,Club,2691,43051.23,24969.71,18081.52,3874.61
2025-12-01,JUC-APPLE,West,Convenience,3028,48455.43,28104.15,20351.28,4360.99
2025-12-01,JUC-APPLE,West,Ecommerce,1326,21213.64,12303.91,8909.73,1909.23
2025-12-01,JUC-APPLE,West,Foodservice,1917,30671.01,17789.19,12881.82,2760.39
2025-12-01,JUC-APPLE,West,Grocery,4554,72866.0,42262.28,30603.72,6557.94
2025-12-01,JUC-MANGO,Midwest,Club,1723,27570.35,15990.8,11579.55,2481.33
2025-12-01,JUC-MANGO,Midwest,Convenience,1791,28651.32,16617.77,12033.55,2578.62
2025-12-01,JUC-MANGO,Midwest,Ecommerce,849,13582.97,7878.12,5704.85,1222.47
2025-12-01,JUC-MANGO,Midwest,Foodservice,1141,18248.59,10584.18,7664.41,1642.37
2025-12-01,JUC-MANGO,Midwest,Grocery,2963,47415.48,27500.98,19914.5,4267.39
2025-12-01,JUC-MANGO,Mountain,Club,1156,18498.68,10729.23,7769.45,1664.88
2025-12-01,JUC-MANGO,Mountain,Convenience,1318,21082.75,12228.0,8854.75,1897.45
2025-12-01,JUC-MANGO,Mountain,Ecommerce,604,9671.29,5609.35,4061.94,870.42
2025-12-01,JUC-MANGO,Mountain,Foodservice,809,12944.78,7507.97,5436.81,1165.03
2025-12-01,JUC-MANGO,Mountain,Grocery,1997,31953.09,18532.79,13420.3,2875.78
2025-12-01,JUC-MANGO,Northeast,Club,1543,24683.0,14316.14,10366.86,2221.47
2025-12-01,JUC-MANGO,Northeast,Convenience,1714,27416.31,15901.46,11514.85,2467.47
2025-12-01,JUC-MANGO,Northeast,Ecommerce,785,12567.56,7289.18,5278.38,1131.08
2025-12-01,JUC-MANGO,Northeast,Foodservice,1078,17254.24,10007.46,7246.78,1552.88
2025-12-01,JUC-MANGO,Northeast,Grocery,2618,41882.89,24292.08,17590.81,3769.46
2025-12-01,JUC-MANGO,South,Club,1873,29963.5,17378.83,12584.67,2696.71
2025-12-01,JUC-MANGO,South,Convenience,2023,32370.45,18774.86,13595.59,2913.34
2025-12-01,JUC-MANGO,South,Ecommerce,893,14286.96,8286.44,6000.52,1285.83
2025-12-01,JUC-MANGO,South,Foodservice,1306,20893.8,12118.4,8775.4,1880.44
2025-12-01,JUC-MANGO,South,Grocery,3053,48851.7,28333.99,20517.71,4396.65
2025-12-01,JUC-MANGO,West,Club,2168,34680.01,20114.41,14565.6,3121.2
2025-12-01,JUC-MANGO,West,Convenience,2323,37162.96,21554.52,15608.44,3344.67
2025-12-01,JUC-MANGO,West,Ecommerce,1101,17614.66,10216.5,7398.16,1585.32
2025-12-01,JUC-MANGO,West,Foodservice,1474,23576.25,13674.23,9902.02,2121.86
2025-12-01,JUC-MANGO,West,Grocery,3862,61799.07,35843.46,25955.61,5561.92
2025-12-01,JUC-ORANGE,Midwest,Club,2464,39422.02,22864.77,16557.25,3547.98
2025-12-01,JUC-ORANGE,Midwest,Convenience,2658,42533.27,24669.3,17863.97,3827.99
2025-12-01,JUC-ORANGE,Midwest,Ecommerce,1229,19664.39,11405.35,8259.04,1769.8
2025-12-01,JUC-ORANGE,Midwest,Foodservice,1641,26262.04,15231.98,11030.06,2363.58
2025-12-01,JUC-ORANGE,Midwest,Grocery,4131,66092.72,38333.78,27758.94,5948.34
2025-12-01,JUC-ORANGE,Mountain,Club,1668,26687.56,15478.78,11208.78,2401.88
2025-12-01,JUC-ORANGE,Mountain,Convenience,1827,29237.25,16957.61,12279.64,2631.35
2025-12-01,JUC-ORANGE,Mountain,Ecommerce,880,14076.56,8164.4,5912.16,1266.89
2025-12-01,JUC-ORANGE,Mountain,Foodservice,1227,19625.71,11382.91,8242.8,1766.31
2025-12-01,JUC-ORANGE,Mountain,Grocery,2848,45565.13,26427.78,19137.35,4100.86
2025-12-01,JUC-ORANGE,Northeast,Club,2123,33975.44,19705.76,14269.68,3057.79
2025-12-01,JUC-ORANGE,Northeast,Convenience,2481,39696.8,23024.14,16672.66,3572.71
2025-12-01,JUC-ORANGE,Northeast,Ecommerce,1105,17672.91,10250.29,7422.62,1590.56
2025-12-01,JUC-ORANGE,Northeast,Foodservice,1531,24493.68,14206.33,10287.35,2204.43
2025-12-01,JUC-ORANGE,Northeast,Grocery,3601,57619.98,33419.59,24200.39,5185.8
2025-12-01,JUC-ORANGE,South,Club,2702,43229.09,25072.87,18156.22,3890.62
2025-12-01,JUC-ORANGE,South,Convenience,2971,47533.72,27569.56,19964.16,4278.03
2025-12-01,JUC-ORANGE,South,Ecommerce,1370,21913.46,12709.81,9203.65,1972.21
2025-12-01,JUC-ORANGE,South,Foodservice,1919,30709.77,17811.67,12898.1,2763.88
2025-12-01,JUC-ORANGE,South,Grocery,4416,70659.13,40982.3,29676.83,6359.32
2025-12-01,JUC-ORANGE,West,Club,3204,51260.58,29731.14,21529.44,4613.45
2025-12-01,JUC-ORANGE,West,Convenience,3469,55504.18,32192.42,23311.76,4995.38
2025-12-01,JUC-ORANGE,West,Ecommerce,1625,26006.7,15083.89,10922.81,2340.6
2025-12-01,JUC-ORANGE,West,Foodservice,2222,35549.79,20618.88,14930.91,3199.48
2025-12-01,JUC-ORANGE,West,Grocery,5229,83662.88,48524.47,35138.41,7529.66
2025-12-01,ROOT-BEER,Midwest,Club,2377,28524.3,15688.36,12835.94,3993.4
2025-12-01,ROOT-BEER,Midwest,Convenience,2720,32637.97,17950.88,14687.09,4569.32
2025-12-01,ROOT-BEER,Midwest,Ecommerce,1220,14644.08,8054.24,6589.84,2050.17
2025-12-01,ROOT-BEER,Midwest,Foodservice,1703,20437.73,11240.75,9196.98,2861.28
2025-12-01,ROOT-BEER,Midwest,Grocery,4104,49248.58,27086.72,22161.86,6894.8
2025-12-01,ROOT-BEER,Mountain,Club,1659,19911.71,10951.44,8960.27,2787.64
2025-12-01,ROOT-BEER,Mountain,Convenience,1864,22365.3,12300.92,10064.38,3131.14
2025-12-01,ROOT-BEER,Mountain,Ecommerce,823,9880.68,5434.37,4446.31,1383.3
2025-12-01,ROOT-BEER,Mountain,Foodservice,1171,14056.75,7731.21,6325.54,1967.95
2025-12-01,ROOT-BEER,Mountain,Grocery,2786,33428.84,18385.86,15042.98,4680.04
2025-12-01,ROOT-BEER,Northeast,Club,2093,25115.23,13813.38,11301.85,3516.13
2025-12-01,ROOT-BEER,Northeast,Convenience,2409,28906.96,15898.83,13008.13,4046.97
2025-12-01,ROOT-BEER,Northeast,Ecommerce,1056,12675.63,6971.6,5704.03,1774.59
2025-12-01,ROOT-BEER,Northeast,Foodservice,1472,17661.05,9713.58,7947.47,2472.55
2025-12-01,ROOT-BEER,Northeast,Grocery,3680,44162.48,24289.36,19873.12,6182.75
2025-12-01,ROOT-BEER,South,Club,2540,30476.11,16761.86,13714.25,4266.66
2025-12-01,ROOT-BEER,South,Convenience,2875,34504.88,18977.68,15527.2,4830.68
2025-12-01,ROOT-BEER,South,Ecommerce,1294,15525.97,8539.28,6986.69,2173.64
2025-12-01,ROOT-BEER,South,Foodservice,1893,22717.45,12494.6,10222.85,3180.44
2025-12-01,ROOT-BEER,South,Grocery,4450,53401.39,29370.76,24030.63,7476.19
2025-12-01,ROOT-BEER,West,Club,3215,38581.13,21219.62,17361.51,5401.36
2025-12-01,ROOT-BEER,West,Convenience,3340,40076.03,22041.82,18034.21,5610.64
2025-12-01,ROOT-BEER,West,Ecommerce,1512,18146.05,9980.33,8165.72,2540.45
2025-12-01,ROOT-BEER,West,Foodservice,2188,26258.92,14442.41,11816.51,3676.25
2025-12-01,ROOT-BEER,West,Grocery,5195,62339.24,34286.58,28052.66,8727.49
2025-12-01,SPK-BERRY,Midwest,Club,2044,28611.64,12875.24,15736.4,2288.93
2025-12-01,SPK-BERRY,Midwest,Convenience,2098,29365.02,13214.26,16150.76,2349.2
2025-12-01,SPK-BERRY,Midwest,Ecommerce,958,13413.63,6036.13,7377.5,1073.09
2025-12-01,SPK-BERRY,Midwest,Foodservice,1382,19348.99,8707.05,10641.94,1547.92
2025-12-01,SPK-BERRY,Midwest,Grocery,3242,45385.14,20423.31,24961.83,3630.81
2025-12-01,SPK-BERRY,Mountain,Club,1389,19451.13,8753.01,10698.12,1556.09
2025-12-01,SPK-BERRY,Mountain,Convenience,1466,20525.82,9236.62,11289.2,1642.07
2025-12-01,SPK-BERRY,Mountain,Ecommerce,678,9494.75,4272.64,5222.11,759.58
2025-12-01,SPK-BERRY,Mountain,Foodservice,928,12994.24,5847.41,7146.83,1039.54
2025-12-01,SPK-BERRY,Mountain,Grocery,2326,32567.38,14655.32,17912.06,2605.39
2025-12-01,SPK-BERRY,Northeast,Club,1831,25638.04,11537.12,14100.92,2051.04
2025-12-01,SPK-BERRY,Northeast,Convenience,1959,27420.78,12339.35,15081.43,2193.66
2025-12-01,SPK-BERRY,Northeast,Ecommerce,894,12513.41,5631.03,6882.38,1001.07
2025-12-01,SPK-BERRY,Northeast,Foodservice,1254,17562.81,7903.26,9659.55,1405.02
2025-12-01,SPK-BERRY,Northeast,Grocery,3097,43354.99,19509.75,23845.24,3468.4
2025-12-01,SPK-BERRY,South,Club,2218,31058.28,13976.23,17082.05,2484.66
2025-12-01,SPK-BERRY,South,Convenience,2337,32722.57,14725.16,17997.41,2617.81
2025-12-01,SPK-BERRY,South,Ecommerce,1088,15230.03,6853.51,8376.52,1218.4
2025-12-01,SPK-BERRY,South,Foodservice,1464,20491.65,9221.24,11270.41,1639.33
2025-12-01,SPK-BERRY,South,Grocery,3662,51263.54,23068.59,28194.95,4101.08
2025-12-01,SPK-BERRY,West,Club,2644,37012.49,16655.62,20356.87,2961.0
2025-12-01,SPK-BERRY,West,Convenience,2778,38889.88,17500.45,21389.43,3111.19
2025-12-01,SPK-BERRY,West,Ecommerce,1281,17936.16,8071.27,9864.89,1434.89
2025-12-01,SPK-BERRY,West,Foodservice,1727,24177.41,10879.83,13297.58,1934.19
2025-12-01,SPK-BERRY,West,Grocery,4355,60963.3,27433.48,33529.82,4877.06
2025-12-01,SPK-LIME,Midwest,Club,2004,28062.92,12628.31,15434.61,2245.03
2025-12-01,SPK-LIME,Midwest,Convenience,2235,31289.99,14080.5,17209.49,2503.2
2025-12-01,SPK-LIME,Midwest,Ecommerce,1048,14665.29,6599.38,8065.91,1173.22
2025-12-01,SPK-LIME,Midwest,Foodservice,1466,20522.65,9235.19,11287.46,1641.81
2025-12-01,SPK-LIME,Midwest,Grocery,3515,49204.04,22141.82,27062.22,3936.32
2025-12-01,SPK-LIME,Mountain,Club,1476,20663.13,9298.41,11364.72,1653.05
2025-12-01,SPK-LIME,Mountain,Convenience,1658,23215.56,10447.0,12768.56,1857.24
2025-12-01,SPK-LIME,Mountain,Ecommerce,704,9851.71,4433.27,5418.44,788.14
2025-12-01,SPK-LIME,Mountain,Foodservice,1042,14584.02,6562.81,8021.21,1166.72
2025-12-01,SPK-LIME,Mountain,Grocery,2458,34414.66,15486.6,18928.06,2753.17
2025-12-01,SPK-LIME,Northeast,Club,1829,25606.94,11523.12,14083.82,2048.56
2025-12-01,SPK-LIME,Northeast,Convenience,2034,28469.95,12811.48,15658.47,2277.6
2025-12-01,SPK-LIME,Northeast,Ecommerce,910,12739.38,5732.72,7006.66,1019.15
2025-12-01,SPK-LIME,Northeast,Foodservice,1351,18909.95,8509.48,10400.47,1512.8
2025-12-01,SPK-LIME,Northeast,Grocery,3115,43612.18,19625.48,23986.7,3488.97
2025-12-01,SPK-LIME,South,Club,2364,33092.41,14891.58,18200.83,2647.39
2025-12-01,SPK-LIME,South,Convenience,2623,36720.35,16524.16,20196.19,2937.63
2025-12-01,SPK-LIME,South,Ecommerce,1175,16455.33,7404.9,9050.43,1316.43
2025-12-01,SPK-LIME,South,Foodservice,1670,23374.84,10518.68,12856.16,1869.99
2025-12-01,SPK-LIME,South,Grocery,3785,52991.82,23846.32,29145.5,4239.35
2025-12-01,SPK-LIME,West,Club,2815,39412.56,17735.65,21676.91,3153.0
2025-12-01,SPK-LIME,West,Convenience,3077,43075.39,19383.93,23691.46,3446.03
2025-12-01,SPK-LIME,West,Ecommerce,1379,19306.32,8687.84,10618.48,1544.51
2025-12-01,SPK-LIME,West,Foodservice,1860,26043.39,11719.53,14323.86,2083.47
2025-12-01,SPK-LIME,West,Grocery,4741,66377.74,29869.98,36507.76,5310.22
2025-12-01,SPK-PLAIN,Midwest,Club,1455,20365.4,9164.43,11200.97,1629.23
2025-12-01,SPK-PLAIN,Midwest,Convenience,1651,23119.47,10403.76,12715.71,1849.56
2025-12-01,SPK-PLAIN,Midwest,Ecommerce,749,10488.99,4720.05,5768.94,839.12
2025-12-01,SPK-PLAIN,Midwest,Foodservice,1074,15038.63,6767.38,8271.25,1203.09
2025-12-01,SPK-PLAIN,Midwest,Grocery,2591,36275.15,16323.82,19951.33,2902.01
2025-12-01,SPK-PLAIN,Mountain,Club,1097,15351.51,6908.18,8443.33,1228.12
2025-12-01,SPK-PLAIN,Mountain,Convenience,1205,16869.78,7591.4,9278.38,1349.58
2025-12-01,SPK-PLAIN,Mountain,Ecommerce,532,7442.16,3348.97,4093.19,595.37
2025-12-01,SPK-PLAIN,Mountain,Foodservice,747,10461.81,4707.81,5754.0,836.94
2025-12-01,SPK-PLAIN,Mountain,Grocery,1846,25847.87,11631.54,14216.33,2067.83
2025-12-01,SPK-PLAIN,Northeast,Club,1380,19325.2,8696.34,10628.86,1546.02
2025-12-01,SPK-PLAIN,Northeast,Convenience,1506,21080.08,9486.04,11594.04,1686.41
2025-12-01,SPK-PLAIN,Northeast,Ecommerce,689,9651.94,4343.37,5308.57,772.16
2025-12-01,SPK-PLAIN,Northeast,Foodservice,954,13355.82,6010.12,7345.7,1068.47
2025-12-01,SPK-PLAIN,Northeast,Grocery,2266,31718.98,14273.54,17445.44,2537.52
2025-12-01,SPK-PLAIN,South,Club,1704,23857.9,10736.06,13121.84,1908.63
2025-12-01,SPK-PLAIN,South,Convenience,1885,26386.31,11873.84,14512.47,2110.9
2025-12-01,SPK-PLAIN,South,Ecommerce,812,11372.06,5117.43,6254.63,909.76
2025-12-01,SPK-PLAIN,South,Foodservice,1121,15691.12,7061.0,8630.12,1255.29
2025-12-01,SPK-PLAIN,South,Grocery,2801,39215.77,17647.1,21568.67,3137.26
2025-12-01,SPK-PLAIN,West,Club,1907,26696.08,12013.24,14682.84,2135.69
2025-12-01,SPK-PLAIN,West,Convenience,2205,30870.84,13891.88,16978.96,2469.67
2025-12-01,SPK-PLAIN,West,Ecommerce,977,13673.54,6153.09,7520.45,1093.88
2025-12-01,SPK-PLAIN,West,Foodservice,1323,18518.58,8333.36,10185.22,1481.49
2025-12-01,SPK-PLAIN,West,Grocery,3442,48188.65,21684.89,26503.76,3855.09
2025-12-01,STL-1L,Midwest,Club,4314,38825.39,24071.74,14753.65,2329.52
2025-12-01,STL-1L,Midwest,Convenience,4876,43885.41,27208.95,16676.46,2633.12
2025-12-01,STL-1L,Midwest,Ecommerce,2129,19157.22,11877.48,7279.74,1149.43
2025-12-01,STL-1L,Midwest,Foodservice,3040,27355.85,16960.63,10395.22,1641.35
2025-12-01,STL-1L,Midwest,Grocery,7088,63790.0,39549.8,24240.2,3827.4
2025-12-01,STL-1L,Mountain,Club,3084,27757.71,17209.78,10547.93,1665.46
2025-12-01,STL-1L,Mountain,Convenience,3378,30404.2,18850.6,11553.6,1824.25
2025-12-01,STL-1L,Mountain,Ecommerce,1489,13397.45,8306.42,5091.03,803.85
2025-12-01,STL-1L,Mountain,Foodservice,2098,18877.93,11704.32,7173.61,1132.68
2025-12-01,STL-1L,Mountain,Grocery,4898,44085.84,27333.22,16752.62,2645.15
2025-12-01,STL-1L,Northeast,Club,3901,35109.59,21767.95,13341.64,2106.58
2025-12-01,STL-1L,Northeast,Convenience,4246,38213.34,23692.27,14521.07,2292.8
2025-12-01,STL-1L,Northeast,Ecommerce,1899,17087.89,10594.49,6493.4,1025.27
2025-12-01,STL-1L,Northeast,Foodservice,2774,24970.28,15481.57,9488.71,1498.22
2025-12-01,STL-1L,Northeast,Grocery,6740,60657.26,37607.5,23049.76,3639.44
2025-12-01,STL-1L,South,Club,4607,41466.92,25709.49,15757.43,2488.02
2025-12-01,STL-1L,South,Convenience,5267,47403.01,29389.87,18013.14,2844.18
2025-12-01,STL-1L,South,Ecommerce,2400,21602.29,13393.42,8208.87,1296.14
2025-12-01,STL-1L,South,Foodservice,3343,30089.25,18655.33,11433.92,1805.36
2025-12-01,STL-1L,South,Grocery,7726,69531.18,43109.33,26421.85,4171.87
2025-12-01,STL-1L,West,Club,5589,50298.05,31184.79,19113.26,3017.88
2025-12-01,STL-1L,West,Convenience,6096,54862.32,34014.64,20847.68,3291.74
2025-12-01,STL-1L,West,Ecommerce,2867,25803.11,15997.93,9805.18,1548.19
2025-12-01,STL-1L,West,Foodservice,3846,34614.97,21461.28,13153.69,2076.9
2025-12-01,STL-1L,West,Grocery,9622,86593.58,53688.02,32905.56,5195.61
2025-12-01,STL-500,Midwest,Club,4798,43182.88,26773.39,16409.49,2590.97
2025-12-01,STL-500,Midwest,Convenience,4987,44883.89,27828.01,17055.88,2693.03
2025-12-01,STL-500,Midwest,Ecommerce,2350,21146.37,13110.75,8035.62,1268.78
2025-12-01,STL-500,Midwest,Foodservice,3107,27958.83,17334.47,10624.36,1677.53
2025-12-01,STL-500,Midwest,Grocery,7942,71478.61,44316.74,27161.87,4288.72
2025-12-01,STL-500,Mountain,Club,3139,28255.42,17518.36,10737.06,1695.33
2025-12-01,STL-500,Mountain,Convenience,3570,32129.91,19920.54,12209.37,1927.79
2025-12-01,STL-500,Mountain,Ecommerce,1599,14390.62,8922.18,5468.44,863.44
2025-12-01,STL-500,Mountain,Foodservice,2274,20468.86,12690.69,7778.17,1228.13
2025-12-01,STL-500,Mountain,Grocery,5605,50442.66,31274.45,19168.21,3026.56
2025-12-01,STL-500,Northeast,Club,3998,35981.06,22308.26,13672.8,2158.86
2025-12-01,STL-500,Northeast,Convenience,4401,39606.04,24555.74,15050.3,2376.36
2025-12-01,STL-500,Northeast,Ecommerce,2118,19063.11,11819.13,7243.98,1143.79
2025-12-01,STL-500,Northeast,Foodservice,2907,26158.81,16218.46,9940.35,1569.53
2025-12-01,STL-500,Northeast,Grocery,7057,63510.07,39376.24,24133.83,3810.6
2025-12-01,STL-500,South,Club,4892,44030.08,27298.65,16731.43,2641.8
2025-12-01,STL-500,South,Convenience,5381,48431.59,30027.59,18404.0,2905.9
2025-12-01,STL-500,South,Ecommerce,2584,23257.97,14419.94,8838.03,1395.48
2025-12-01,STL-500,South,Foodservice,3440,30960.01,19195.21,11764.8,1857.6
2025-12-01,STL-500,South,Grocery,8633,77692.86,48169.57,29523.29,4661.57
2025-12-01,STL-500,West,Club,6039,54347.52,33695.46,20652.06,3260.85
2025-12-01,STL-500,West,Convenience,6409,57680.59,35761.97,21918.62,3460.84
2025-12-01,STL-500,West,Ecommerce,3076,27680.65,17162.0,10518.65,1660.84
2025-12-01,STL-500,West,Foodservice,4051,36455.32,22602.3,13853.02,2187.32
2025-12-01,STL-500,West,Grocery,10461,94152.05,58374.27,35777.78,5649.12
